2026-04-27 13:58:09.208 +03:00 [INF] User profile is available. Using 'C:\Users\HP\AppData\Local\ASP.NET\DataProtection-Keys' as key repository and Windows DPAPI to encrypt keys at rest.
2026-04-27 13:58:09.702 +03:00 [INF] Now listening on: https://localhost:7102
2026-04-27 13:58:09.704 +03:00 [INF] Now listening on: http://localhost:5119
2026-04-27 13:58:09.852 +03:00 [INF] Application started. Press Ctrl+C to shut down.
2026-04-27 13:58:09.853 +03:00 [INF] Hosting environment: Development
2026-04-27 13:58:09.855 +03:00 [INF] Content root path: C:\Users\HP\source\repos\InternshipMatcher\src\InternshipMatcher.API
2026-04-27 14:08:06.078 +03:00 [INF] Request starting HTTP/2 OPTIONS https://localhost:7102/api/auth/login - null null
2026-04-27 14:08:06.130 +03:00 [INF] CORS policy execution successful.
2026-04-27 14:08:06.141 +03:00 [INF] Request finished HTTP/2 OPTIONS https://localhost:7102/api/auth/login - 204 null null 64.2565ms
2026-04-27 14:08:06.145 +03:00 [INF] Request starting HTTP/2 POST https://localhost:7102/api/auth/login - application/json 62
2026-04-27 14:08:06.155 +03:00 [INF] CORS policy execution successful.
2026-04-27 14:08:06.202 +03:00 [INF] Executing endpoint 'InternshipMatcher.API.Controllers.AuthController.LoginUser (InternshipMatcher.API)'
2026-04-27 14:08:06.229 +03:00 [INF] Route matched with {action = "LoginUser", controller = "Auth"}. Executing controller action with signature System.Threading.Tasks.Task`1[InternshipMatcher.API.Common.ResponseStructure.Result`1[InternshipMatcher.API.Common.CommonViewModels.UserLoginResponseViewModel]] LoginUser(InternshipMatcher.API.Common.CommonViewModels.UserLoginRequestViewModel) on controller InternshipMatcher.API.Controllers.AuthController (InternshipMatcher.API).
2026-04-27 14:08:06.244 +03:00 [WRN] You do not have a valid license key for the Lucky Penny software MediatR. This is allowed for development and testing scenarios. If you are running in production you are required to have a licensed version. Please visit https://luckypennysoftware.com to obtain a valid license.
2026-04-27 14:08:07.711 +03:00 [INF] Executed DbCommand (30ms) [Parameters=[], CommandType='"Text"', CommandTimeout='30']
SELECT TOP(1) [u].[ID], [u].[DateOfBirth], [u].[Email], [u].[FirstName], [u].[IsActive], [u].[IsDeleted], [u].[LastName], [u].[Password], [u].[RefreshToken], [u].[RememberMe], [u].[Role]
FROM [Users] AS [u]
WHERE 0 = 1
2026-04-27 14:08:07.737 +03:00 [INF] Executing ObjectResult, writing value of type 'InternshipMatcher.API.Common.ResponseStructure.Result`1[[InternshipMatcher.API.Common.CommonViewModels.UserLoginResponseViewModel, InternshipMatcher.Application, Version=1.0.0.0, Culture=neutral, PublicKeyToken=null]]'.
2026-04-27 14:08:07.760 +03:00 [INF] Executed action InternshipMatcher.API.Controllers.AuthController.LoginUser (InternshipMatcher.API) in 1523.1615ms
2026-04-27 14:08:07.762 +03:00 [INF] Executed endpoint 'InternshipMatcher.API.Controllers.AuthController.LoginUser (InternshipMatcher.API)'
2026-04-27 14:08:07.775 +03:00 [INF] Request finished HTTP/2 POST https://localhost:7102/api/auth/login - 200 null application/json; charset=utf-8 1629.6752ms
2026-04-27 14:22:59.231 +03:00 [INF] Request starting HTTP/2 GET https://localhost:7102/swagger - null null
2026-04-27 14:22:59.362 +03:00 [INF] Request finished HTTP/2 GET https://localhost:7102/swagger - 301 null null 130.3468ms
2026-04-27 14:22:59.367 +03:00 [INF] Request starting HTTP/2 GET https://localhost:7102/swagger/index.html - null null
2026-04-27 14:22:59.518 +03:00 [WRN] Unable to configure Browser Link script injection on the response. 
2026-04-27 14:22:59.526 +03:00 [INF] Request finished HTTP/2 GET https://localhost:7102/swagger/index.html - 200 null text/html;charset=utf-8 159.4001ms
2026-04-27 14:22:59.578 +03:00 [INF] Request starting HTTP/2 GET https://localhost:7102/_framework/aspnetcore-browser-refresh.js - null null
2026-04-27 14:22:59.578 +03:00 [INF] Request starting HTTP/2 GET https://localhost:7102/swagger/index.js - null null
2026-04-27 14:22:59.603 +03:00 [INF] Request finished HTTP/2 GET https://localhost:7102/swagger/index.js - 200 null application/javascript;charset=utf-8 24.7343ms
2026-04-27 14:22:59.612 +03:00 [INF] Request finished HTTP/2 GET https://localhost:7102/_framework/aspnetcore-browser-refresh.js - 200 14946 application/javascript; charset=utf-8 34.0239ms
2026-04-27 14:22:59.866 +03:00 [INF] Request starting HTTP/2 GET https://localhost:7102/swagger/v1/swagger.json - null null
2026-04-27 14:22:59.912 +03:00 [INF] Request finished HTTP/2 GET https://localhost:7102/swagger/v1/swagger.json - 200 null application/json;charset=utf-8 46.2026ms
2026-04-27 14:24:55.067 +03:00 [INF] User profile is available. Using 'C:\Users\HP\AppData\Local\ASP.NET\DataProtection-Keys' as key repository and Windows DPAPI to encrypt keys at rest.
2026-04-27 14:24:55.427 +03:00 [INF] Now listening on: https://localhost:7102
2026-04-27 14:24:55.430 +03:00 [INF] Now listening on: http://localhost:5119
2026-04-27 14:24:55.478 +03:00 [INF] Application started. Press Ctrl+C to shut down.
2026-04-27 14:24:55.480 +03:00 [INF] Hosting environment: Development
2026-04-27 14:24:55.482 +03:00 [INF] Content root path: C:\Users\HP\source\repos\InternshipMatcher\src\InternshipMatcher.API
2026-04-27 14:25:17.012 +03:00 [INF] Request starting HTTP/2 GET https://localhost:7102/swagger/index.html - null null
2026-04-27 14:25:17.287 +03:00 [WRN] Unable to configure Browser Link script injection on the response. 
2026-04-27 14:25:17.304 +03:00 [INF] Request finished HTTP/2 GET https://localhost:7102/swagger/index.html - 200 null text/html;charset=utf-8 294.0377ms
2026-04-27 14:25:17.327 +03:00 [INF] Request starting HTTP/2 GET https://localhost:7102/_framework/aspnetcore-browser-refresh.js - null null
2026-04-27 14:25:17.328 +03:00 [INF] Request starting HTTP/2 GET https://localhost:7102/swagger/index.js - null null
2026-04-27 14:25:17.343 +03:00 [INF] Request finished HTTP/2 GET https://localhost:7102/swagger/index.js - 200 null application/javascript;charset=utf-8 15.4303ms
2026-04-27 14:25:17.344 +03:00 [INF] Request finished HTTP/2 GET https://localhost:7102/_framework/aspnetcore-browser-refresh.js - 200 14946 application/javascript; charset=utf-8 16.3016ms
2026-04-27 14:25:17.445 +03:00 [INF] Request starting HTTP/2 GET https://localhost:7102/swagger/v1/swagger.json - null null
2026-04-27 14:25:17.478 +03:00 [INF] Request finished HTTP/2 GET https://localhost:7102/swagger/v1/swagger.json - 200 null application/json;charset=utf-8 32.2381ms
2026-04-27 14:26:47.947 +03:00 [INF] User profile is available. Using 'C:\Users\HP\AppData\Local\ASP.NET\DataProtection-Keys' as key repository and Windows DPAPI to encrypt keys at rest.
2026-04-27 14:26:48.342 +03:00 [INF] Now listening on: https://localhost:7102
2026-04-27 14:26:48.344 +03:00 [INF] Now listening on: http://localhost:5119
2026-04-27 14:26:48.540 +03:00 [INF] Application started. Press Ctrl+C to shut down.
2026-04-27 14:26:48.542 +03:00 [INF] Hosting environment: Development
2026-04-27 14:26:48.543 +03:00 [INF] Content root path: C:\Users\HP\source\repos\InternshipMatcher\src\InternshipMatcher.API
2026-04-27 14:26:52.143 +03:00 [INF] Request starting HTTP/2 GET https://localhost:7102/swagger/index.html - null null
2026-04-27 14:26:52.436 +03:00 [WRN] Unable to configure Browser Link script injection on the response. 
2026-04-27 14:26:52.448 +03:00 [INF] Request finished HTTP/2 GET https://localhost:7102/swagger/index.html - 200 null text/html;charset=utf-8 306.2719ms
2026-04-27 14:26:52.473 +03:00 [INF] Request starting HTTP/2 GET https://localhost:7102/swagger/index.js - null null
2026-04-27 14:26:52.473 +03:00 [INF] Request starting HTTP/2 GET https://localhost:7102/_framework/aspnetcore-browser-refresh.js - null null
2026-04-27 14:26:52.483 +03:00 [INF] Request finished HTTP/2 GET https://localhost:7102/swagger/index.js - 200 null application/javascript;charset=utf-8 10.7704ms
2026-04-27 14:26:52.491 +03:00 [INF] Request finished HTTP/2 GET https://localhost:7102/_framework/aspnetcore-browser-refresh.js - 200 14946 application/javascript; charset=utf-8 17.9463ms
2026-04-27 14:26:52.531 +03:00 [INF] Request starting HTTP/2 GET https://localhost:7102/swagger/v1/swagger.json - null null
2026-04-27 14:26:52.568 +03:00 [INF] Request finished HTTP/2 GET https://localhost:7102/swagger/v1/swagger.json - 200 null application/json;charset=utf-8 36.5135ms
2026-04-27 14:27:18.523 +03:00 [INF] Request starting HTTP/2 POST https://localhost:7102/v1/users/login - application/json 60
2026-04-27 14:27:18.554 +03:00 [INF] CORS policy execution failed.
2026-04-27 14:27:18.559 +03:00 [INF] Request origin https://localhost:7102 does not have permission to access the resource.
2026-04-27 14:27:18.573 +03:00 [INF] Executing endpoint 'HTTP: POST /v1/users/login'
2026-04-27 14:27:18.608 +03:00 [WRN] You do not have a valid license key for the Lucky Penny software MediatR. This is allowed for development and testing scenarios. If you are running in production you are required to have a licensed version. Please visit https://luckypennysoftware.com to obtain a valid license.
2026-04-27 14:27:20.668 +03:00 [INF] Executed endpoint 'HTTP: POST /v1/users/login'
2026-04-27 14:27:20.672 +03:00 [ERR] An unhandled exception has occurred while executing the request.
Mapster.CompileException: Error while compiling
source=System.Runtime.CompilerServices.AsyncTaskMethodBuilder`1+AsyncStateMachineBox`1[InternshipMatcher.API.Common.ResponseStructure.Result`1[InternshipMatcher.Application.Features.Users.DTOs.UserLoginResponseDTO],InternshipMatcher.Application.Behaviours.BehaviourValidation`2+<Handle>d__2[InternshipMatcher.Application.Features.Users.UserLogin.UserLoginCommand,InternshipMatcher.API.Common.ResponseStructure.Result`1[InternshipMatcher.Application.Features.Users.DTOs.UserLoginResponseDTO]]]
destination=InternshipMatcher.API.Common.ResponseStructure.Result`1[InternshipMatcher.API.Common.CommonViewModels.UserLoginResponseViewModel]
type=Map
 ---> System.InvalidOperationException: No default constructor for type 'Result`1', please use 'ConstructUsing' or 'MapWith'
   at Mapster.Adapters.BaseAdapter.CreateInstantiationExpression(Expression source, Expression destination, CompileArgument arg)
   at Mapster.Adapters.ClassAdapter.CreateInstantiationExpression(Expression source, Expression destination, CompileArgument arg)
   at Mapster.Adapters.BaseAdapter.CreateInstantiationExpression(Expression source, CompileArgument arg)
   at Mapster.Adapters.ClassAdapter.CreateInlineExpression(Expression source, CompileArgument arg, Boolean IsRequiredOnly)
   at Mapster.Adapters.BaseAdapter.CreateInlineExpressionBody(Expression source, CompileArgument arg)
   at Mapster.Adapters.BaseAdapter.CreateExpressionBody(Expression source, Expression destination, CompileArgument arg)
   at Mapster.Adapters.BaseAdapter.CreateAdaptFunc(CompileArgument arg)
   at Mapster.TypeAdapterConfig.CreateMapExpression(CompileArgument arg)
   --- End of inner exception stack trace ---
   at Mapster.TypeAdapterConfig.CreateMapExpression(CompileArgument arg)
   at Mapster.TypeAdapterConfig.CreateMapExpression(TypeTuple tuple, MapType mapType)
   at Mapster.TypeAdapterConfig.CreateDynamicMapExpression(TypeTuple tuple)
   at Mapster.TypeAdapterConfig.<GetDynamicMapFunction>b__71_0[TDestination](TypeTuple tuple)
   at Mapster.TypeAdapterConfig.<>c__DisplayClass60_0`1.<AddToHash>b__0(TypeTuple types)
   at System.Collections.Concurrent.ConcurrentDictionary`2.GetOrAdd(TKey key, Func`2 valueFactory)
   at Mapster.TypeAdapterConfig.AddToHash[T](ConcurrentDictionary`2 hash, TypeTuple key, Func`2 func)
   at Mapster.TypeAdapterConfig.GetDynamicMapFunction[TDestination](Type sourceType)
   at Mapster.TypeAdapter.Adapt[TDestination](Object source, TypeAdapterConfig config)
   at Mapster.TypeAdapter.Adapt[TDestination](Object source)
   at InternshipMatcher.API.MinimalAPIs.UserEndpoints.<>c.<<MapUsersEndpoints>b__0_1>d.MoveNext() in C:\Users\HP\source\repos\InternshipMatcher\src\InternshipMatcher.API\MinimalAPIs\UserEndpoints.cs:line 27
--- End of stack trace from previous location ---
   at Microsoft.AspNetCore.Http.RequestDelegateFactory.<ExecuteTaskOfT>g__ExecuteAwaited|134_0[T](Task`1 task, HttpContext httpContext, JsonTypeInfo`1 jsonTypeInfo)
   at Microsoft.AspNetCore.Http.RequestDelegateFactory.<>c__DisplayClass102_2.<<HandleRequestBodyAndCompileRequestDelegateForJson>b__2>d.MoveNext()
--- End of stack trace from previous location ---
   at Microsoft.AspNetCore.Routing.EndpointMiddleware.<Invoke>g__AwaitRequestTask|7_0(Endpoint endpoint, Task requestTask, ILogger logger)
   at Swashbuckle.AspNetCore.SwaggerUI.SwaggerUIMiddleware.Invoke(HttpContext httpContext)
   at Swashbuckle.AspNetCore.Swagger.SwaggerMiddleware.Invoke(HttpContext httpContext, ISwaggerProvider swaggerProvider)
   at Microsoft.AspNetCore.Authorization.AuthorizationMiddleware.Invoke(HttpContext context)
   at Microsoft.AspNetCore.Authentication.AuthenticationMiddleware.Invoke(HttpContext context)
   at Microsoft.AspNetCore.Diagnostics.DeveloperExceptionPageMiddlewareImpl.Invoke(HttpContext context)
2026-04-27 14:27:20.708 +03:00 [INF] Executed DbCommand (27ms) [Parameters=[], CommandType='"Text"', CommandTimeout='30']
SELECT TOP(1) [u].[ID], [u].[DateOfBirth], [u].[Email], [u].[FirstName], [u].[IsActive], [u].[IsDeleted], [u].[LastName], [u].[Password], [u].[RefreshToken], [u].[RememberMe], [u].[Role]
FROM [Users] AS [u]
WHERE 0 = 1
2026-04-27 14:27:20.803 +03:00 [INF] Request finished HTTP/2 POST https://localhost:7102/v1/users/login - 500 null application/problem+json 2280.173ms
2026-04-27 14:28:37.144 +03:00 [INF] User profile is available. Using 'C:\Users\HP\AppData\Local\ASP.NET\DataProtection-Keys' as key repository and Windows DPAPI to encrypt keys at rest.
2026-04-27 14:28:37.833 +03:00 [INF] Now listening on: https://localhost:7102
2026-04-27 14:28:37.836 +03:00 [INF] Now listening on: http://localhost:5119
2026-04-27 14:28:37.886 +03:00 [INF] Application started. Press Ctrl+C to shut down.
2026-04-27 14:28:37.887 +03:00 [INF] Hosting environment: Development
2026-04-27 14:28:37.889 +03:00 [INF] Content root path: C:\Users\HP\source\repos\InternshipMatcher\src\InternshipMatcher.API
2026-04-27 14:28:48.819 +03:00 [INF] Request starting HTTP/2 GET https://localhost:7102/swagger/index.html - null null
2026-04-27 14:28:49.138 +03:00 [WRN] Unable to configure Browser Link script injection on the response. 
2026-04-27 14:28:49.155 +03:00 [INF] Request finished HTTP/2 GET https://localhost:7102/swagger/index.html - 200 null text/html;charset=utf-8 343.7804ms
2026-04-27 14:28:49.174 +03:00 [INF] Request starting HTTP/2 GET https://localhost:7102/swagger/index.js - null null
2026-04-27 14:28:49.174 +03:00 [INF] Request starting HTTP/2 GET https://localhost:7102/_framework/aspnetcore-browser-refresh.js - null null
2026-04-27 14:28:49.182 +03:00 [INF] Request finished HTTP/2 GET https://localhost:7102/swagger/index.js - 200 null application/javascript;charset=utf-8 8.7401ms
2026-04-27 14:28:49.201 +03:00 [INF] Request finished HTTP/2 GET https://localhost:7102/_framework/aspnetcore-browser-refresh.js - 200 14946 application/javascript; charset=utf-8 26.9767ms
2026-04-27 14:28:49.262 +03:00 [INF] Request starting HTTP/2 GET https://localhost:7102/swagger/v1/swagger.json - null null
2026-04-27 14:28:49.306 +03:00 [INF] Request finished HTTP/2 GET https://localhost:7102/swagger/v1/swagger.json - 200 null application/json;charset=utf-8 44.4389ms
2026-04-27 14:28:52.767 +03:00 [INF] Request starting HTTP/2 POST https://localhost:7102/v1/users/login - application/json 60
2026-04-27 14:28:52.774 +03:00 [INF] CORS policy execution failed.
2026-04-27 14:28:52.777 +03:00 [INF] Request origin https://localhost:7102 does not have permission to access the resource.
2026-04-27 14:28:52.787 +03:00 [INF] Executing endpoint 'HTTP: POST /v1/users/login'
2026-04-27 14:28:52.820 +03:00 [WRN] You do not have a valid license key for the Lucky Penny software MediatR. This is allowed for development and testing scenarios. If you are running in production you are required to have a licensed version. Please visit https://luckypennysoftware.com to obtain a valid license.
2026-04-27 14:29:48.985 +03:00 [INF] Executed endpoint 'HTTP: POST /v1/users/login'
2026-04-27 14:29:49.087 +03:00 [ERR] An unhandled exception has occurred while executing the request.
Mapster.CompileException: Error while compiling
source=System.Runtime.CompilerServices.AsyncTaskMethodBuilder`1+AsyncStateMachineBox`1[InternshipMatcher.API.Common.ResponseStructure.Result`1[InternshipMatcher.Application.Features.Users.DTOs.UserLoginResponseDTO],System.Runtime.CompilerServices.IAsyncStateMachine]
destination=InternshipMatcher.API.Common.ResponseStructure.Result`1[InternshipMatcher.API.Common.CommonViewModels.UserLoginResponseViewModel]
type=Map
 ---> System.InvalidOperationException: No default constructor for type 'Result`1', please use 'ConstructUsing' or 'MapWith'
   at Mapster.Adapters.BaseAdapter.CreateInstantiationExpression(Expression source, Expression destination, CompileArgument arg)
   at Mapster.Adapters.ClassAdapter.CreateInstantiationExpression(Expression source, Expression destination, CompileArgument arg)
   at Mapster.Adapters.BaseAdapter.CreateInstantiationExpression(Expression source, CompileArgument arg)
   at Mapster.Adapters.ClassAdapter.CreateInlineExpression(Expression source, CompileArgument arg, Boolean IsRequiredOnly)
   at Mapster.Adapters.BaseAdapter.CreateInlineExpressionBody(Expression source, CompileArgument arg)
   at Mapster.Adapters.BaseAdapter.CreateExpressionBody(Expression source, Expression destination, CompileArgument arg)
   at Mapster.Adapters.BaseAdapter.CreateAdaptFunc(CompileArgument arg)
   at Mapster.TypeAdapterConfig.CreateMapExpression(CompileArgument arg)
   --- End of inner exception stack trace ---
   at Mapster.TypeAdapterConfig.CreateMapExpression(CompileArgument arg)
   at Mapster.TypeAdapterConfig.CreateMapExpression(TypeTuple tuple, MapType mapType)
   at Mapster.TypeAdapterConfig.CreateDynamicMapExpression(TypeTuple tuple)
   at Mapster.TypeAdapterConfig.<GetDynamicMapFunction>b__71_0[TDestination](TypeTuple tuple)
   at Mapster.TypeAdapterConfig.<>c__DisplayClass60_0`1.<AddToHash>b__0(TypeTuple types)
   at System.Collections.Concurrent.ConcurrentDictionary`2.GetOrAdd(TKey key, Func`2 valueFactory)
   at Mapster.TypeAdapterConfig.AddToHash[T](ConcurrentDictionary`2 hash, TypeTuple key, Func`2 func)
   at Mapster.TypeAdapterConfig.GetDynamicMapFunction[TDestination](Type sourceType)
   at Mapster.TypeAdapter.Adapt[TDestination](Object source, TypeAdapterConfig config)
   at Mapster.TypeAdapter.Adapt[TDestination](Object source)
   at InternshipMatcher.API.MinimalAPIs.UserEndpoints.<>c.<<MapUsersEndpoints>b__0_1>d.MoveNext() in C:\Users\HP\source\repos\InternshipMatcher\src\InternshipMatcher.API\MinimalAPIs\UserEndpoints.cs:line 27
--- End of stack trace from previous location ---
   at Microsoft.AspNetCore.Http.RequestDelegateFactory.<ExecuteTaskOfT>g__ExecuteAwaited|134_0[T](Task`1 task, HttpContext httpContext, JsonTypeInfo`1 jsonTypeInfo)
   at Microsoft.AspNetCore.Http.RequestDelegateFactory.<>c__DisplayClass102_2.<<HandleRequestBodyAndCompileRequestDelegateForJson>b__2>d.MoveNext()
--- End of stack trace from previous location ---
   at Microsoft.AspNetCore.Routing.EndpointMiddleware.<Invoke>g__AwaitRequestTask|7_0(Endpoint endpoint, Task requestTask, ILogger logger)
   at Swashbuckle.AspNetCore.SwaggerUI.SwaggerUIMiddleware.Invoke(HttpContext httpContext)
   at Swashbuckle.AspNetCore.Swagger.SwaggerMiddleware.Invoke(HttpContext httpContext, ISwaggerProvider swaggerProvider)
   at Microsoft.AspNetCore.Authorization.AuthorizationMiddleware.Invoke(HttpContext context)
   at Microsoft.AspNetCore.Authentication.AuthenticationMiddleware.Invoke(HttpContext context)
   at Microsoft.AspNetCore.Diagnostics.DeveloperExceptionPageMiddlewareImpl.Invoke(HttpContext context)
2026-04-27 14:33:03.264 +03:00 [INF] User profile is available. Using 'C:\Users\HP\AppData\Local\ASP.NET\DataProtection-Keys' as key repository and Windows DPAPI to encrypt keys at rest.
2026-04-27 14:33:03.658 +03:00 [INF] Now listening on: https://localhost:7102
2026-04-27 14:33:03.661 +03:00 [INF] Now listening on: http://localhost:5119
2026-04-27 14:33:03.854 +03:00 [INF] Application started. Press Ctrl+C to shut down.
2026-04-27 14:33:03.856 +03:00 [INF] Hosting environment: Development
2026-04-27 14:33:03.858 +03:00 [INF] Content root path: C:\Users\HP\source\repos\InternshipMatcher\src\InternshipMatcher.API
2026-04-27 14:33:20.600 +03:00 [INF] Request starting HTTP/2 GET https://localhost:7102/swagger/index.html - null null
2026-04-27 14:33:20.949 +03:00 [WRN] Unable to configure Browser Link script injection on the response. 
2026-04-27 14:33:20.970 +03:00 [INF] Request finished HTTP/2 GET https://localhost:7102/swagger/index.html - 200 null text/html;charset=utf-8 374.0986ms
2026-04-27 14:33:20.997 +03:00 [INF] Request starting HTTP/2 GET https://localhost:7102/swagger/index.js - null null
2026-04-27 14:33:20.998 +03:00 [INF] Request starting HTTP/2 GET https://localhost:7102/_framework/aspnetcore-browser-refresh.js - null null
2026-04-27 14:33:21.011 +03:00 [INF] Request finished HTTP/2 GET https://localhost:7102/swagger/index.js - 200 null application/javascript;charset=utf-8 13.965ms
2026-04-27 14:33:21.020 +03:00 [INF] Request finished HTTP/2 GET https://localhost:7102/_framework/aspnetcore-browser-refresh.js - 200 14946 application/javascript; charset=utf-8 21.9157ms
2026-04-27 14:33:21.111 +03:00 [INF] Request starting HTTP/2 GET https://localhost:7102/swagger/v1/swagger.json - null null
2026-04-27 14:33:21.148 +03:00 [INF] Request finished HTTP/2 GET https://localhost:7102/swagger/v1/swagger.json - 200 null application/json;charset=utf-8 37.6372ms
2026-04-27 14:37:48.611 +03:00 [INF] Request starting HTTP/2 POST https://localhost:7102/v1/users/login - application/json 60
2026-04-27 14:37:48.628 +03:00 [INF] CORS policy execution failed.
2026-04-27 14:37:48.633 +03:00 [INF] Request origin https://localhost:7102 does not have permission to access the resource.
2026-04-27 14:37:48.644 +03:00 [INF] Executing endpoint 'HTTP: POST /v1/users/login'
2026-04-27 14:37:48.684 +03:00 [WRN] You do not have a valid license key for the Lucky Penny software MediatR. This is allowed for development and testing scenarios. If you are running in production you are required to have a licensed version. Please visit https://luckypennysoftware.com to obtain a valid license.
2026-04-27 14:37:50.565 +03:00 [INF] Executed endpoint 'HTTP: POST /v1/users/login'
2026-04-27 14:37:50.588 +03:00 [INF] Request finished HTTP/2 POST https://localhost:7102/v1/users/login - 200 null application/json; charset=utf-8 1977.5275ms
2026-04-27 14:37:50.597 +03:00 [ERR] Failed executing DbCommand (33ms) [Parameters=[], CommandType='"Text"', CommandTimeout='30']
SELECT TOP(1) [u].[ID], [u].[DateOfBirth], [u].[Email], [u].[FirstName], [u].[IsActive], [u].[IsDeleted], [u].[LastName], [u].[Password], [u].[RefreshToken], [u].[RememberMe], [u].[Role]
FROM [Users] AS [u]
WHERE 0 = 1
2026-04-27 14:37:50.653 +03:00 [ERR] An exception occurred while iterating over the results of a query for context type 'InternshipMatcher.Infra.DbContext.AppDbContext'.
System.InvalidOperationException: Invalid operation. The connection is closed.
   at Microsoft.Data.SqlClient.SqlCommand.<>c.<ExecuteDbDataReaderAsync>b__195_0(Task`1 result)
   at System.Threading.Tasks.ContinuationResultTaskFromResultTask`2.InnerInvoke()
   at System.Threading.ExecutionContext.RunInternal(ExecutionContext executionContext, ContextCallback callback, Object state)
--- End of stack trace from previous location ---
   at System.Threading.ExecutionContext.RunInternal(ExecutionContext executionContext, ContextCallback callback, Object state)
   at System.Threading.Tasks.Task.ExecuteWithThreadLocal(Task& currentTaskSlot, Thread threadPoolThread)
--- End of stack trace from previous location ---
   at Microsoft.EntityFrameworkCore.Storage.RelationalCommand.ExecuteReaderAsync(RelationalCommandParameterObject parameterObject, CancellationToken cancellationToken)
   at Microsoft.EntityFrameworkCore.Storage.RelationalCommand.ExecuteReaderAsync(RelationalCommandParameterObject parameterObject, CancellationToken cancellationToken)
   at Microsoft.EntityFrameworkCore.Query.Internal.SingleQueryingEnumerable`1.AsyncEnumerator.InitializeReaderAsync(AsyncEnumerator enumerator, CancellationToken cancellationToken)
   at Microsoft.EntityFrameworkCore.SqlServer.Storage.Internal.SqlServerExecutionStrategy.ExecuteAsync[TState,TResult](TState state, Func`4 operation, Func`4 verifySucceeded, CancellationToken cancellationToken)
   at Microsoft.EntityFrameworkCore.Query.Internal.SingleQueryingEnumerable`1.AsyncEnumerator.MoveNextAsync()
System.InvalidOperationException: Invalid operation. The connection is closed.
   at Microsoft.Data.SqlClient.SqlCommand.<>c.<ExecuteDbDataReaderAsync>b__195_0(Task`1 result)
   at System.Threading.Tasks.ContinuationResultTaskFromResultTask`2.InnerInvoke()
   at System.Threading.ExecutionContext.RunInternal(ExecutionContext executionContext, ContextCallback callback, Object state)
--- End of stack trace from previous location ---
   at System.Threading.ExecutionContext.RunInternal(ExecutionContext executionContext, ContextCallback callback, Object state)
   at System.Threading.Tasks.Task.ExecuteWithThreadLocal(Task& currentTaskSlot, Thread threadPoolThread)
--- End of stack trace from previous location ---
   at Microsoft.EntityFrameworkCore.Storage.RelationalCommand.ExecuteReaderAsync(RelationalCommandParameterObject parameterObject, CancellationToken cancellationToken)
   at Microsoft.EntityFrameworkCore.Storage.RelationalCommand.ExecuteReaderAsync(RelationalCommandParameterObject parameterObject, CancellationToken cancellationToken)
   at Microsoft.EntityFrameworkCore.Query.Internal.SingleQueryingEnumerable`1.AsyncEnumerator.InitializeReaderAsync(AsyncEnumerator enumerator, CancellationToken cancellationToken)
   at Microsoft.EntityFrameworkCore.SqlServer.Storage.Internal.SqlServerExecutionStrategy.ExecuteAsync[TState,TResult](TState state, Func`4 operation, Func`4 verifySucceeded, CancellationToken cancellationToken)
   at Microsoft.EntityFrameworkCore.Query.Internal.SingleQueryingEnumerable`1.AsyncEnumerator.MoveNextAsync()
2026-04-27 14:38:15.007 +03:00 [INF] User profile is available. Using 'C:\Users\HP\AppData\Local\ASP.NET\DataProtection-Keys' as key repository and Windows DPAPI to encrypt keys at rest.
2026-04-27 14:38:15.455 +03:00 [INF] Now listening on: https://localhost:7102
2026-04-27 14:38:15.457 +03:00 [INF] Now listening on: http://localhost:5119
2026-04-27 14:38:15.613 +03:00 [INF] Request starting HTTP/2 GET https://localhost:7102/swagger/index.html - null null
2026-04-27 14:38:15.666 +03:00 [INF] Application started. Press Ctrl+C to shut down.
2026-04-27 14:38:15.668 +03:00 [INF] Hosting environment: Development
2026-04-27 14:38:15.669 +03:00 [INF] Content root path: C:\Users\HP\source\repos\InternshipMatcher\src\InternshipMatcher.API
2026-04-27 14:38:15.916 +03:00 [WRN] Unable to configure Browser Link script injection on the response. 
2026-04-27 14:38:15.932 +03:00 [INF] Request finished HTTP/2 GET https://localhost:7102/swagger/index.html - 200 null text/html;charset=utf-8 326.8397ms
2026-04-27 14:38:15.951 +03:00 [INF] Request starting HTTP/2 GET https://localhost:7102/_framework/aspnetcore-browser-refresh.js - null null
2026-04-27 14:38:15.951 +03:00 [INF] Request starting HTTP/2 GET https://localhost:7102/swagger/index.js - null null
2026-04-27 14:38:15.962 +03:00 [INF] Request finished HTTP/2 GET https://localhost:7102/swagger/index.js - 200 null application/javascript;charset=utf-8 11.2325ms
2026-04-27 14:38:15.967 +03:00 [INF] Request finished HTTP/2 GET https://localhost:7102/_framework/aspnetcore-browser-refresh.js - 200 14946 application/javascript; charset=utf-8 16.4131ms
2026-04-27 14:38:16.024 +03:00 [INF] Request starting HTTP/2 GET https://localhost:7102/swagger/v1/swagger.json - null null
2026-04-27 14:38:16.053 +03:00 [INF] Request finished HTTP/2 GET https://localhost:7102/swagger/v1/swagger.json - 200 null application/json;charset=utf-8 28.993ms
2026-04-27 14:38:20.057 +03:00 [INF] Request starting HTTP/2 POST https://localhost:7102/v1/users/login - application/json 60
2026-04-27 14:38:20.070 +03:00 [INF] CORS policy execution failed.
2026-04-27 14:38:20.078 +03:00 [INF] Request origin https://localhost:7102 does not have permission to access the resource.
2026-04-27 14:38:20.084 +03:00 [INF] Executing endpoint 'HTTP: POST /v1/users/login'
2026-04-27 14:38:20.126 +03:00 [WRN] You do not have a valid license key for the Lucky Penny software MediatR. This is allowed for development and testing scenarios. If you are running in production you are required to have a licensed version. Please visit https://luckypennysoftware.com to obtain a valid license.
2026-04-27 14:39:03.588 +03:00 [INF] Executed endpoint 'HTTP: POST /v1/users/login'
2026-04-27 14:39:03.626 +03:00 [INF] Request finished HTTP/2 POST https://localhost:7102/v1/users/login - 200 null application/json; charset=utf-8 43569.1387ms
2026-04-27 14:39:03.642 +03:00 [ERR] Failed executing DbCommand (55ms) [Parameters=[], CommandType='"Text"', CommandTimeout='30']
SELECT TOP(1) [u].[ID], [u].[DateOfBirth], [u].[Email], [u].[FirstName], [u].[IsActive], [u].[IsDeleted], [u].[LastName], [u].[Password], [u].[RefreshToken], [u].[RememberMe], [u].[Role]
FROM [Users] AS [u]
WHERE 0 = 1
2026-04-27 14:39:03.678 +03:00 [ERR] An exception occurred while iterating over the results of a query for context type 'InternshipMatcher.Infra.DbContext.AppDbContext'.
System.InvalidOperationException: Invalid operation. The connection is closed.
   at Microsoft.Data.SqlClient.SqlCommand.<>c.<ExecuteDbDataReaderAsync>b__195_0(Task`1 result)
   at System.Threading.Tasks.ContinuationResultTaskFromResultTask`2.InnerInvoke()
   at System.Threading.ExecutionContext.RunInternal(ExecutionContext executionContext, ContextCallback callback, Object state)
--- End of stack trace from previous location ---
   at System.Threading.ExecutionContext.RunInternal(ExecutionContext executionContext, ContextCallback callback, Object state)
   at System.Threading.Tasks.Task.ExecuteWithThreadLocal(Task& currentTaskSlot, Thread threadPoolThread)
--- End of stack trace from previous location ---
   at Microsoft.EntityFrameworkCore.Storage.RelationalCommand.ExecuteReaderAsync(RelationalCommandParameterObject parameterObject, CancellationToken cancellationToken)
   at Microsoft.EntityFrameworkCore.Storage.RelationalCommand.ExecuteReaderAsync(RelationalCommandParameterObject parameterObject, CancellationToken cancellationToken)
   at Microsoft.EntityFrameworkCore.Query.Internal.SingleQueryingEnumerable`1.AsyncEnumerator.InitializeReaderAsync(AsyncEnumerator enumerator, CancellationToken cancellationToken)
   at Microsoft.EntityFrameworkCore.SqlServer.Storage.Internal.SqlServerExecutionStrategy.ExecuteAsync[TState,TResult](TState state, Func`4 operation, Func`4 verifySucceeded, CancellationToken cancellationToken)
   at Microsoft.EntityFrameworkCore.Query.Internal.SingleQueryingEnumerable`1.AsyncEnumerator.MoveNextAsync()
System.InvalidOperationException: Invalid operation. The connection is closed.
   at Microsoft.Data.SqlClient.SqlCommand.<>c.<ExecuteDbDataReaderAsync>b__195_0(Task`1 result)
   at System.Threading.Tasks.ContinuationResultTaskFromResultTask`2.InnerInvoke()
   at System.Threading.ExecutionContext.RunInternal(ExecutionContext executionContext, ContextCallback callback, Object state)
--- End of stack trace from previous location ---
   at System.Threading.ExecutionContext.RunInternal(ExecutionContext executionContext, ContextCallback callback, Object state)
   at System.Threading.Tasks.Task.ExecuteWithThreadLocal(Task& currentTaskSlot, Thread threadPoolThread)
--- End of stack trace from previous location ---
   at Microsoft.EntityFrameworkCore.Storage.RelationalCommand.ExecuteReaderAsync(RelationalCommandParameterObject parameterObject, CancellationToken cancellationToken)
   at Microsoft.EntityFrameworkCore.Storage.RelationalCommand.ExecuteReaderAsync(RelationalCommandParameterObject parameterObject, CancellationToken cancellationToken)
   at Microsoft.EntityFrameworkCore.Query.Internal.SingleQueryingEnumerable`1.AsyncEnumerator.InitializeReaderAsync(AsyncEnumerator enumerator, CancellationToken cancellationToken)
   at Microsoft.EntityFrameworkCore.SqlServer.Storage.Internal.SqlServerExecutionStrategy.ExecuteAsync[TState,TResult](TState state, Func`4 operation, Func`4 verifySucceeded, CancellationToken cancellationToken)
   at Microsoft.EntityFrameworkCore.Query.Internal.SingleQueryingEnumerable`1.AsyncEnumerator.MoveNextAsync()
2026-04-27 14:41:49.265 +03:00 [INF] User profile is available. Using 'C:\Users\HP\AppData\Local\ASP.NET\DataProtection-Keys' as key repository and Windows DPAPI to encrypt keys at rest.
2026-04-27 14:41:49.910 +03:00 [INF] Now listening on: https://localhost:7102
2026-04-27 14:41:49.913 +03:00 [INF] Now listening on: http://localhost:5119
2026-04-27 14:41:50.162 +03:00 [INF] Application started. Press Ctrl+C to shut down.
2026-04-27 14:41:50.163 +03:00 [INF] Hosting environment: Development
2026-04-27 14:41:50.165 +03:00 [INF] Content root path: C:\Users\HP\source\repos\InternshipMatcher\src\InternshipMatcher.API
2026-04-27 14:42:01.673 +03:00 [INF] Request starting HTTP/2 GET https://localhost:7102/swagger/index.html - null null
2026-04-27 14:42:02.190 +03:00 [WRN] Unable to configure Browser Link script injection on the response. 
2026-04-27 14:42:02.208 +03:00 [INF] Request finished HTTP/2 GET https://localhost:7102/swagger/index.html - 200 null text/html;charset=utf-8 547.9781ms
2026-04-27 14:42:02.223 +03:00 [INF] Request starting HTTP/2 GET https://localhost:7102/swagger/index.js - null null
2026-04-27 14:42:02.223 +03:00 [INF] Request starting HTTP/2 GET https://localhost:7102/_framework/aspnetcore-browser-refresh.js - null null
2026-04-27 14:42:02.233 +03:00 [INF] Request finished HTTP/2 GET https://localhost:7102/swagger/index.js - 200 null application/javascript;charset=utf-8 10.1518ms
2026-04-27 14:42:02.244 +03:00 [INF] Request finished HTTP/2 GET https://localhost:7102/_framework/aspnetcore-browser-refresh.js - 200 14946 application/javascript; charset=utf-8 21.6175ms
2026-04-27 14:42:02.321 +03:00 [INF] Request starting HTTP/2 GET https://localhost:7102/swagger/v1/swagger.json - null null
2026-04-27 14:42:02.389 +03:00 [INF] Request finished HTTP/2 GET https://localhost:7102/swagger/v1/swagger.json - 200 null application/json;charset=utf-8 67.8899ms
2026-04-27 14:42:07.883 +03:00 [INF] Request starting HTTP/2 POST https://localhost:7102/v1/users/login - application/json 60
2026-04-27 14:42:07.893 +03:00 [INF] CORS policy execution failed.
2026-04-27 14:42:07.896 +03:00 [INF] Request origin https://localhost:7102 does not have permission to access the resource.
2026-04-27 14:42:07.910 +03:00 [INF] Executing endpoint 'HTTP: POST /v1/users/login'
2026-04-27 14:42:07.948 +03:00 [WRN] You do not have a valid license key for the Lucky Penny software MediatR. This is allowed for development and testing scenarios. If you are running in production you are required to have a licensed version. Please visit https://luckypennysoftware.com to obtain a valid license.
2026-04-27 14:42:12.174 +03:00 [INF] Executed endpoint 'HTTP: POST /v1/users/login'
2026-04-27 14:42:12.208 +03:00 [INF] Request finished HTTP/2 POST https://localhost:7102/v1/users/login - 200 null application/json; charset=utf-8 4325.4743ms
2026-04-27 14:42:12.225 +03:00 [ERR] Failed executing DbCommand (39ms) [Parameters=[], CommandType='"Text"', CommandTimeout='30']
SELECT TOP(1) [u].[ID], [u].[DateOfBirth], [u].[Email], [u].[FirstName], [u].[IsActive], [u].[IsDeleted], [u].[LastName], [u].[Password], [u].[RefreshToken], [u].[RememberMe], [u].[Role]
FROM [Users] AS [u]
WHERE 0 = 1
2026-04-27 14:42:12.262 +03:00 [ERR] An exception occurred while iterating over the results of a query for context type 'InternshipMatcher.Infra.DbContext.AppDbContext'.
System.InvalidOperationException: Invalid operation. The connection is closed.
   at Microsoft.Data.SqlClient.SqlCommand.<>c.<ExecuteDbDataReaderAsync>b__195_0(Task`1 result)
   at System.Threading.Tasks.ContinuationResultTaskFromResultTask`2.InnerInvoke()
   at System.Threading.ExecutionContext.RunInternal(ExecutionContext executionContext, ContextCallback callback, Object state)
--- End of stack trace from previous location ---
   at System.Threading.ExecutionContext.RunInternal(ExecutionContext executionContext, ContextCallback callback, Object state)
   at System.Threading.Tasks.Task.ExecuteWithThreadLocal(Task& currentTaskSlot, Thread threadPoolThread)
--- End of stack trace from previous location ---
   at Microsoft.EntityFrameworkCore.Storage.RelationalCommand.ExecuteReaderAsync(RelationalCommandParameterObject parameterObject, CancellationToken cancellationToken)
   at Microsoft.EntityFrameworkCore.Storage.RelationalCommand.ExecuteReaderAsync(RelationalCommandParameterObject parameterObject, CancellationToken cancellationToken)
   at Microsoft.EntityFrameworkCore.Query.Internal.SingleQueryingEnumerable`1.AsyncEnumerator.InitializeReaderAsync(AsyncEnumerator enumerator, CancellationToken cancellationToken)
   at Microsoft.EntityFrameworkCore.SqlServer.Storage.Internal.SqlServerExecutionStrategy.ExecuteAsync[TState,TResult](TState state, Func`4 operation, Func`4 verifySucceeded, CancellationToken cancellationToken)
   at Microsoft.EntityFrameworkCore.Query.Internal.SingleQueryingEnumerable`1.AsyncEnumerator.MoveNextAsync()
System.InvalidOperationException: Invalid operation. The connection is closed.
   at Microsoft.Data.SqlClient.SqlCommand.<>c.<ExecuteDbDataReaderAsync>b__195_0(Task`1 result)
   at System.Threading.Tasks.ContinuationResultTaskFromResultTask`2.InnerInvoke()
   at System.Threading.ExecutionContext.RunInternal(ExecutionContext executionContext, ContextCallback callback, Object state)
--- End of stack trace from previous location ---
   at System.Threading.ExecutionContext.RunInternal(ExecutionContext executionContext, ContextCallback callback, Object state)
   at System.Threading.Tasks.Task.ExecuteWithThreadLocal(Task& currentTaskSlot, Thread threadPoolThread)
--- End of stack trace from previous location ---
   at Microsoft.EntityFrameworkCore.Storage.RelationalCommand.ExecuteReaderAsync(RelationalCommandParameterObject parameterObject, CancellationToken cancellationToken)
   at Microsoft.EntityFrameworkCore.Storage.RelationalCommand.ExecuteReaderAsync(RelationalCommandParameterObject parameterObject, CancellationToken cancellationToken)
   at Microsoft.EntityFrameworkCore.Query.Internal.SingleQueryingEnumerable`1.AsyncEnumerator.InitializeReaderAsync(AsyncEnumerator enumerator, CancellationToken cancellationToken)
   at Microsoft.EntityFrameworkCore.SqlServer.Storage.Internal.SqlServerExecutionStrategy.ExecuteAsync[TState,TResult](TState state, Func`4 operation, Func`4 verifySucceeded, CancellationToken cancellationToken)
   at Microsoft.EntityFrameworkCore.Query.Internal.SingleQueryingEnumerable`1.AsyncEnumerator.MoveNextAsync()
2026-04-27 14:42:53.120 +03:00 [INF] Request starting HTTP/2 POST https://localhost:7102/v1/users/login - application/json 60
2026-04-27 14:42:53.137 +03:00 [INF] CORS policy execution failed.
2026-04-27 14:42:53.141 +03:00 [INF] Request origin https://localhost:7102 does not have permission to access the resource.
2026-04-27 14:42:53.145 +03:00 [INF] Executing endpoint 'HTTP: POST /v1/users/login'
2026-04-27 14:42:58.588 +03:00 [INF] Executed endpoint 'HTTP: POST /v1/users/login'
2026-04-27 14:42:58.594 +03:00 [INF] Request finished HTTP/2 POST https://localhost:7102/v1/users/login - 200 null application/json; charset=utf-8 5474.063ms
2026-04-27 14:43:12.775 +03:00 [INF] Request starting HTTP/2 POST https://localhost:7102/v1/users/login - application/json 60
2026-04-27 14:43:12.782 +03:00 [INF] CORS policy execution failed.
2026-04-27 14:43:12.787 +03:00 [INF] Request origin https://localhost:7102 does not have permission to access the resource.
2026-04-27 14:43:12.792 +03:00 [INF] Executing endpoint 'HTTP: POST /v1/users/login'
2026-04-27 14:43:38.305 +03:00 [INF] Executed endpoint 'HTTP: POST /v1/users/login'
2026-04-27 14:43:38.311 +03:00 [INF] Request finished HTTP/2 POST https://localhost:7102/v1/users/login - 200 null application/json; charset=utf-8 25536.5122ms
2026-04-27 14:43:38.315 +03:00 [ERR] Failed executing DbCommand (47ms) [Parameters=[], CommandType='"Text"', CommandTimeout='30']
SELECT TOP(1) [u].[ID], [u].[DateOfBirth], [u].[Email], [u].[FirstName], [u].[IsActive], [u].[IsDeleted], [u].[LastName], [u].[Password], [u].[RefreshToken], [u].[RememberMe], [u].[Role]
FROM [Users] AS [u]
WHERE 0 = 1
2026-04-27 14:43:38.323 +03:00 [ERR] An exception occurred while iterating over the results of a query for context type 'InternshipMatcher.Infra.DbContext.AppDbContext'.
System.InvalidOperationException: Invalid operation. The connection is closed.
   at Microsoft.Data.SqlClient.SqlCommand.<>c.<ExecuteDbDataReaderAsync>b__195_0(Task`1 result)
   at System.Threading.Tasks.ContinuationResultTaskFromResultTask`2.InnerInvoke()
   at System.Threading.ExecutionContext.RunInternal(ExecutionContext executionContext, ContextCallback callback, Object state)
--- End of stack trace from previous location ---
   at System.Threading.ExecutionContext.RunInternal(ExecutionContext executionContext, ContextCallback callback, Object state)
   at System.Threading.Tasks.Task.ExecuteWithThreadLocal(Task& currentTaskSlot, Thread threadPoolThread)
--- End of stack trace from previous location ---
   at Microsoft.EntityFrameworkCore.Storage.RelationalCommand.ExecuteReaderAsync(RelationalCommandParameterObject parameterObject, CancellationToken cancellationToken)
   at Microsoft.EntityFrameworkCore.Storage.RelationalCommand.ExecuteReaderAsync(RelationalCommandParameterObject parameterObject, CancellationToken cancellationToken)
   at Microsoft.EntityFrameworkCore.Query.Internal.SingleQueryingEnumerable`1.AsyncEnumerator.InitializeReaderAsync(AsyncEnumerator enumerator, CancellationToken cancellationToken)
   at Microsoft.EntityFrameworkCore.SqlServer.Storage.Internal.SqlServerExecutionStrategy.ExecuteAsync[TState,TResult](TState state, Func`4 operation, Func`4 verifySucceeded, CancellationToken cancellationToken)
   at Microsoft.EntityFrameworkCore.Query.Internal.SingleQueryingEnumerable`1.AsyncEnumerator.MoveNextAsync()
System.InvalidOperationException: Invalid operation. The connection is closed.
   at Microsoft.Data.SqlClient.SqlCommand.<>c.<ExecuteDbDataReaderAsync>b__195_0(Task`1 result)
   at System.Threading.Tasks.ContinuationResultTaskFromResultTask`2.InnerInvoke()
   at System.Threading.ExecutionContext.RunInternal(ExecutionContext executionContext, ContextCallback callback, Object state)
--- End of stack trace from previous location ---
   at System.Threading.ExecutionContext.RunInternal(ExecutionContext executionContext, ContextCallback callback, Object state)
   at System.Threading.Tasks.Task.ExecuteWithThreadLocal(Task& currentTaskSlot, Thread threadPoolThread)
--- End of stack trace from previous location ---
   at Microsoft.EntityFrameworkCore.Storage.RelationalCommand.ExecuteReaderAsync(RelationalCommandParameterObject parameterObject, CancellationToken cancellationToken)
   at Microsoft.EntityFrameworkCore.Storage.RelationalCommand.ExecuteReaderAsync(RelationalCommandParameterObject parameterObject, CancellationToken cancellationToken)
   at Microsoft.EntityFrameworkCore.Query.Internal.SingleQueryingEnumerable`1.AsyncEnumerator.InitializeReaderAsync(AsyncEnumerator enumerator, CancellationToken cancellationToken)
   at Microsoft.EntityFrameworkCore.SqlServer.Storage.Internal.SqlServerExecutionStrategy.ExecuteAsync[TState,TResult](TState state, Func`4 operation, Func`4 verifySucceeded, CancellationToken cancellationToken)
   at Microsoft.EntityFrameworkCore.Query.Internal.SingleQueryingEnumerable`1.AsyncEnumerator.MoveNextAsync()
2026-04-27 14:45:48.336 +03:00 [INF] User profile is available. Using 'C:\Users\HP\AppData\Local\ASP.NET\DataProtection-Keys' as key repository and Windows DPAPI to encrypt keys at rest.
2026-04-27 14:45:48.722 +03:00 [INF] Now listening on: https://localhost:7102
2026-04-27 14:45:48.725 +03:00 [INF] Now listening on: http://localhost:5119
2026-04-27 14:45:48.956 +03:00 [INF] Application started. Press Ctrl+C to shut down.
2026-04-27 14:45:48.959 +03:00 [INF] Hosting environment: Development
2026-04-27 14:45:48.961 +03:00 [INF] Content root path: C:\Users\HP\source\repos\InternshipMatcher\src\InternshipMatcher.API
2026-04-27 14:46:33.225 +03:00 [INF] Request starting HTTP/2 POST https://localhost:7102/v1/users/regiseration - application/json 156
2026-04-27 14:46:33.315 +03:00 [INF] CORS policy execution failed.
2026-04-27 14:46:33.319 +03:00 [INF] Request origin https://localhost:7102 does not have permission to access the resource.
2026-04-27 14:46:33.368 +03:00 [INF] Executing endpoint 'HTTP: POST /v1/users/regiseration'
2026-04-27 14:46:33.387 +03:00 [INF] Executed endpoint 'HTTP: POST /v1/users/regiseration'
2026-04-27 14:46:33.390 +03:00 [ERR] An unhandled exception has occurred while executing the request.
System.NotSupportedException: Deserialization of types without a parameterless constructor, a singular parameterized constructor, or a parameterized constructor annotated with 'JsonConstructorAttribute' is not supported. Type 'InternshipMatcher.API.Common.ResponseStructure.Result`1[InternshipMatcher.API.Common.CommonViewModels.UserRegisterationReqVM]'. Path: $ | LineNumber: 0 | BytePositionInLine: 1.
 ---> System.NotSupportedException: Deserialization of types without a parameterless constructor, a singular parameterized constructor, or a parameterized constructor annotated with 'JsonConstructorAttribute' is not supported. Type 'InternshipMatcher.API.Common.ResponseStructure.Result`1[InternshipMatcher.API.Common.CommonViewModels.UserRegisterationReqVM]'.
   --- End of inner exception stack trace ---
   at System.Text.Json.ThrowHelper.ThrowNotSupportedException(ReadStack& state, Utf8JsonReader& reader, Exception innerException)
   at System.Text.Json.Serialization.Converters.ObjectDefaultConverter`1.OnTryRead(Utf8JsonReader& reader, Type typeToConvert, JsonSerializerOptions options, ReadStack& state, T& value)
   at System.Text.Json.Serialization.JsonConverter`1.TryRead(Utf8JsonReader& reader, Type typeToConvert, JsonSerializerOptions options, ReadStack& state, T& value, Boolean& isPopulatedValue)
   at System.Text.Json.Serialization.JsonConverter`1.ReadCore(Utf8JsonReader& reader, T& value, JsonSerializerOptions options, ReadStack& state)
   at System.Text.Json.Serialization.Metadata.JsonTypeInfo`1.ContinueDeserialize[TReadBufferState,TStream](TReadBufferState& bufferState, JsonReaderState& jsonReaderState, ReadStack& readStack, T& value)
   at System.Text.Json.Serialization.Metadata.JsonTypeInfo`1.DeserializeAsync[TReadBufferState,TStream](TStream utf8Json, TReadBufferState bufferState, CancellationToken cancellationToken)
   at System.Text.Json.Serialization.Metadata.JsonTypeInfo`1.DeserializeAsObjectAsync(PipeReader utf8Json, CancellationToken cancellationToken)
   at Microsoft.AspNetCore.Http.HttpRequestJsonExtensions.ReadFromJsonAsync(HttpRequest request, JsonTypeInfo jsonTypeInfo, CancellationToken cancellationToken)
   at Microsoft.AspNetCore.Http.HttpRequestJsonExtensions.ReadFromJsonAsync(HttpRequest request, JsonTypeInfo jsonTypeInfo, CancellationToken cancellationToken)
   at Microsoft.AspNetCore.Http.RequestDelegateFactory.<HandleRequestBodyAndCompileRequestDelegateForJson>g__TryReadBodyAsync|102_0(HttpContext httpContext, Type bodyType, String parameterTypeName, String parameterName, Boolean allowEmptyRequestBody, Boolean throwOnBadRequest, JsonTypeInfo jsonTypeInfo)
   at Microsoft.AspNetCore.Http.RequestDelegateFactory.<>c__DisplayClass102_2.<<HandleRequestBodyAndCompileRequestDelegateForJson>b__2>d.MoveNext()
--- End of stack trace from previous location ---
   at Microsoft.AspNetCore.Routing.EndpointMiddleware.<Invoke>g__AwaitRequestTask|7_0(Endpoint endpoint, Task requestTask, ILogger logger)
   at Swashbuckle.AspNetCore.SwaggerUI.SwaggerUIMiddleware.Invoke(HttpContext httpContext)
   at Swashbuckle.AspNetCore.Swagger.SwaggerMiddleware.Invoke(HttpContext httpContext, ISwaggerProvider swaggerProvider)
   at Microsoft.AspNetCore.Authorization.AuthorizationMiddleware.Invoke(HttpContext context)
   at Microsoft.AspNetCore.Authentication.AuthenticationMiddleware.Invoke(HttpContext context)
   at Microsoft.AspNetCore.Diagnostics.DeveloperExceptionPageMiddlewareImpl.Invoke(HttpContext context)
2026-04-27 14:46:33.512 +03:00 [INF] Request finished HTTP/2 POST https://localhost:7102/v1/users/regiseration - 500 null application/problem+json 290.2091ms
2026-04-27 14:54:17.754 +03:00 [INF] User profile is available. Using 'C:\Users\HP\AppData\Local\ASP.NET\DataProtection-Keys' as key repository and Windows DPAPI to encrypt keys at rest.
2026-04-27 14:54:18.138 +03:00 [INF] Now listening on: https://localhost:7102
2026-04-27 14:54:18.140 +03:00 [INF] Now listening on: http://localhost:5119
2026-04-27 14:54:18.193 +03:00 [INF] Application started. Press Ctrl+C to shut down.
2026-04-27 14:54:18.195 +03:00 [INF] Hosting environment: Development
2026-04-27 14:54:18.198 +03:00 [INF] Content root path: C:\Users\HP\source\repos\InternshipMatcher\src\InternshipMatcher.API
2026-04-27 14:54:24.087 +03:00 [INF] Request starting HTTP/2 GET https://localhost:7102/swagger/index.html - null null
2026-04-27 14:54:24.388 +03:00 [WRN] Unable to configure Browser Link script injection on the response. 
2026-04-27 14:54:24.407 +03:00 [INF] Request finished HTTP/2 GET https://localhost:7102/swagger/index.html - 200 null text/html;charset=utf-8 320.3268ms
2026-04-27 14:54:24.446 +03:00 [INF] Request starting HTTP/2 GET https://localhost:7102/_framework/aspnetcore-browser-refresh.js - null null
2026-04-27 14:54:24.446 +03:00 [INF] Request starting HTTP/2 GET https://localhost:7102/swagger/index.js - null null
2026-04-27 14:54:24.465 +03:00 [INF] Request finished HTTP/2 GET https://localhost:7102/_framework/aspnetcore-browser-refresh.js - 200 14946 application/javascript; charset=utf-8 19.0298ms
2026-04-27 14:54:24.478 +03:00 [INF] Request finished HTTP/2 GET https://localhost:7102/swagger/index.js - 200 null application/javascript;charset=utf-8 31.491ms
2026-04-27 14:54:24.551 +03:00 [INF] Request starting HTTP/2 GET https://localhost:7102/swagger/v1/swagger.json - null null
2026-04-27 14:54:24.592 +03:00 [INF] Request finished HTTP/2 GET https://localhost:7102/swagger/v1/swagger.json - 200 null application/json;charset=utf-8 41.8805ms
2026-04-27 14:54:44.903 +03:00 [INF] User profile is available. Using 'C:\Users\HP\AppData\Local\ASP.NET\DataProtection-Keys' as key repository and Windows DPAPI to encrypt keys at rest.
2026-04-27 14:54:45.241 +03:00 [INF] Now listening on: https://localhost:7102
2026-04-27 14:54:45.244 +03:00 [INF] Now listening on: http://localhost:5119
2026-04-27 14:54:45.433 +03:00 [INF] Application started. Press Ctrl+C to shut down.
2026-04-27 14:54:45.436 +03:00 [INF] Hosting environment: Development
2026-04-27 14:54:45.438 +03:00 [INF] Content root path: C:\Users\HP\source\repos\InternshipMatcher\src\InternshipMatcher.API
2026-04-27 14:55:03.583 +03:00 [INF] Request starting HTTP/2 GET https://localhost:7102/swagger/index.html - null null
2026-04-27 14:55:03.811 +03:00 [WRN] Unable to configure Browser Link script injection on the response. 
2026-04-27 14:55:03.825 +03:00 [INF] Request finished HTTP/2 GET https://localhost:7102/swagger/index.html - 200 null text/html;charset=utf-8 244.4535ms
2026-04-27 14:55:03.841 +03:00 [INF] Request starting HTTP/2 GET https://localhost:7102/swagger/index.js - null null
2026-04-27 14:55:03.841 +03:00 [INF] Request starting HTTP/2 GET https://localhost:7102/_framework/aspnetcore-browser-refresh.js - null null
2026-04-27 14:55:03.852 +03:00 [INF] Request finished HTTP/2 GET https://localhost:7102/swagger/index.js - 200 null application/javascript;charset=utf-8 10.6546ms
2026-04-27 14:55:03.859 +03:00 [INF] Request finished HTTP/2 GET https://localhost:7102/_framework/aspnetcore-browser-refresh.js - 200 14946 application/javascript; charset=utf-8 17.3419ms
2026-04-27 14:55:03.905 +03:00 [INF] Request starting HTTP/2 GET https://localhost:7102/swagger/v1/swagger.json - null null
2026-04-27 14:55:03.935 +03:00 [INF] Request finished HTTP/2 GET https://localhost:7102/swagger/v1/swagger.json - 200 null application/json;charset=utf-8 30.2109ms
2026-04-27 14:55:10.766 +03:00 [INF] Request starting HTTP/2 POST https://localhost:7102/v1/users/regiseration - application/json 143
2026-04-27 14:55:10.795 +03:00 [INF] CORS policy execution failed.
2026-04-27 14:55:10.797 +03:00 [INF] Request origin https://localhost:7102 does not have permission to access the resource.
2026-04-27 14:55:10.803 +03:00 [INF] Executing endpoint 'HTTP: POST /v1/users/regiseration'
2026-04-27 14:55:10.832 +03:00 [WRN] You do not have a valid license key for the Lucky Penny software MediatR. This is allowed for development and testing scenarios. If you are running in production you are required to have a licensed version. Please visit https://luckypennysoftware.com to obtain a valid license.
2026-04-27 14:55:12.654 +03:00 [INF] Executed endpoint 'HTTP: POST /v1/users/regiseration'
2026-04-27 14:55:12.658 +03:00 [ERR] An unhandled exception has occurred while executing the request.
Mapster.CompileException: Error while compiling
source=System.Runtime.CompilerServices.AsyncTaskMethodBuilder`1+AsyncStateMachineBox`1[InternshipMatcher.API.Common.ResponseStructure.Result`1[InternshipMatcher.Application.Features.Users.DTOs.UserRegisterationResponseDTO],InternshipMatcher.Application.Behaviours.BehaviourValidation`2+<Handle>d__2[InternshipMatcher.Application.Features.Users.CreateUserOrchestrotor.CreateUserOrchestrator,InternshipMatcher.API.Common.ResponseStructure.Result`1[InternshipMatcher.Application.Features.Users.DTOs.UserRegisterationResponseDTO]]]
destination=InternshipMatcher.API.Common.ResponseStructure.Result`1[InternshipMatcher.API.Common.CommonViewModels.RegisterationResponseViewModel]
type=Map
 ---> System.InvalidOperationException: No default constructor for type 'Result`1', please use 'ConstructUsing' or 'MapWith'
   at Mapster.Adapters.BaseAdapter.CreateInstantiationExpression(Expression source, Expression destination, CompileArgument arg)
   at Mapster.Adapters.ClassAdapter.CreateInstantiationExpression(Expression source, Expression destination, CompileArgument arg)
   at Mapster.Adapters.BaseAdapter.CreateInstantiationExpression(Expression source, CompileArgument arg)
   at Mapster.Adapters.ClassAdapter.CreateInlineExpression(Expression source, CompileArgument arg, Boolean IsRequiredOnly)
   at Mapster.Adapters.BaseAdapter.CreateInlineExpressionBody(Expression source, CompileArgument arg)
   at Mapster.Adapters.BaseAdapter.CreateExpressionBody(Expression source, Expression destination, CompileArgument arg)
   at Mapster.Adapters.BaseAdapter.CreateAdaptFunc(CompileArgument arg)
   at Mapster.TypeAdapterConfig.CreateMapExpression(CompileArgument arg)
   --- End of inner exception stack trace ---
   at Mapster.TypeAdapterConfig.CreateMapExpression(CompileArgument arg)
   at Mapster.TypeAdapterConfig.CreateMapExpression(TypeTuple tuple, MapType mapType)
   at Mapster.TypeAdapterConfig.CreateDynamicMapExpression(TypeTuple tuple)
   at Mapster.TypeAdapterConfig.<GetDynamicMapFunction>b__71_0[TDestination](TypeTuple tuple)
   at Mapster.TypeAdapterConfig.<>c__DisplayClass60_0`1.<AddToHash>b__0(TypeTuple types)
   at System.Collections.Concurrent.ConcurrentDictionary`2.GetOrAdd(TKey key, Func`2 valueFactory)
   at Mapster.TypeAdapterConfig.AddToHash[T](ConcurrentDictionary`2 hash, TypeTuple key, Func`2 func)
   at Mapster.TypeAdapterConfig.GetDynamicMapFunction[TDestination](Type sourceType)
   at Mapster.TypeAdapter.Adapt[TDestination](Object source, TypeAdapterConfig config)
   at Mapster.TypeAdapter.Adapt[TDestination](Object source)
   at InternshipMatcher.API.MinimalAPIs.UserEndpoints.<>c.<<MapUsersEndpoints>b__0_0>d.MoveNext() in C:\Users\HP\source\repos\InternshipMatcher\src\InternshipMatcher.API\MinimalAPIs\UserEndpoints.cs:line 20
--- End of stack trace from previous location ---
   at Microsoft.AspNetCore.Http.RequestDelegateFactory.<>c__DisplayClass102_2.<<HandleRequestBodyAndCompileRequestDelegateForJson>b__2>d.MoveNext()
--- End of stack trace from previous location ---
   at Microsoft.AspNetCore.Routing.EndpointMiddleware.<Invoke>g__AwaitRequestTask|7_0(Endpoint endpoint, Task requestTask, ILogger logger)
   at Swashbuckle.AspNetCore.SwaggerUI.SwaggerUIMiddleware.Invoke(HttpContext httpContext)
   at Swashbuckle.AspNetCore.Swagger.SwaggerMiddleware.Invoke(HttpContext httpContext, ISwaggerProvider swaggerProvider)
   at Microsoft.AspNetCore.Authorization.AuthorizationMiddleware.Invoke(HttpContext context)
   at Microsoft.AspNetCore.Authentication.AuthenticationMiddleware.Invoke(HttpContext context)
   at Microsoft.AspNetCore.Diagnostics.DeveloperExceptionPageMiddlewareImpl.Invoke(HttpContext context)
2026-04-27 14:55:12.765 +03:00 [INF] Executed DbCommand (81ms) [Parameters=[@request_DTO_Email='?' (Size = 255)], CommandType='"Text"', CommandTimeout='30']
SELECT TOP(1) [u].[ID], [u].[DateOfBirth], [u].[Email], [u].[FirstName], [u].[IsActive], [u].[IsDeleted], [u].[LastName], [u].[Password], [u].[RefreshToken], [u].[RememberMe], [u].[Role]
FROM [Users] AS [u]
WHERE [u].[IsDeleted] = CAST(0 AS bit) AND [u].[IsActive] = CAST(1 AS bit) AND [u].[Email] = @request_DTO_Email
2026-04-27 14:55:12.767 +03:00 [INF] Request finished HTTP/2 POST https://localhost:7102/v1/users/regiseration - 500 null application/problem+json 2001.7976ms
2026-04-27 14:55:12.789 +03:00 [ERR] An exception occurred while iterating over the results of a query for context type 'InternshipMatcher.Infra.DbContext.AppDbContext'.
System.ObjectDisposedException: Cannot access a disposed context instance. A common cause of this error is disposing a context instance that was resolved from dependency injection and then later trying to use the same context instance elsewhere in your application. This may occur if you are calling 'Dispose' on the context instance, or wrapping it in a using statement. If you are using dependency injection, you should let the dependency injection container take care of disposing context instances.
Object name: 'AppDbContext'.
   at Microsoft.EntityFrameworkCore.DbContext.CheckDisposed()
   at Microsoft.EntityFrameworkCore.DbContext.get_DbContextDependencies()
   at Microsoft.EntityFrameworkCore.DbContext.Microsoft.EntityFrameworkCore.Internal.IDbContextDependencies.get_StateManager()
   at Microsoft.EntityFrameworkCore.Query.QueryContextDependencies.get_StateManager()
   at Microsoft.EntityFrameworkCore.Query.QueryContext.InitializeStateManager(Boolean standAlone)
   at Microsoft.EntityFrameworkCore.Query.Internal.SingleQueryingEnumerable`1.AsyncEnumerator.InitializeReaderAsync(AsyncEnumerator enumerator, CancellationToken cancellationToken)
   at Microsoft.EntityFrameworkCore.SqlServer.Storage.Internal.SqlServerExecutionStrategy.ExecuteAsync[TState,TResult](TState state, Func`4 operation, Func`4 verifySucceeded, CancellationToken cancellationToken)
   at Microsoft.EntityFrameworkCore.Query.Internal.SingleQueryingEnumerable`1.AsyncEnumerator.MoveNextAsync()
System.ObjectDisposedException: Cannot access a disposed context instance. A common cause of this error is disposing a context instance that was resolved from dependency injection and then later trying to use the same context instance elsewhere in your application. This may occur if you are calling 'Dispose' on the context instance, or wrapping it in a using statement. If you are using dependency injection, you should let the dependency injection container take care of disposing context instances.
Object name: 'AppDbContext'.
   at Microsoft.EntityFrameworkCore.DbContext.CheckDisposed()
   at Microsoft.EntityFrameworkCore.DbContext.get_DbContextDependencies()
   at Microsoft.EntityFrameworkCore.DbContext.Microsoft.EntityFrameworkCore.Internal.IDbContextDependencies.get_StateManager()
   at Microsoft.EntityFrameworkCore.Query.QueryContextDependencies.get_StateManager()
   at Microsoft.EntityFrameworkCore.Query.QueryContext.InitializeStateManager(Boolean standAlone)
   at Microsoft.EntityFrameworkCore.Query.Internal.SingleQueryingEnumerable`1.AsyncEnumerator.InitializeReaderAsync(AsyncEnumerator enumerator, CancellationToken cancellationToken)
   at Microsoft.EntityFrameworkCore.SqlServer.Storage.Internal.SqlServerExecutionStrategy.ExecuteAsync[TState,TResult](TState state, Func`4 operation, Func`4 verifySucceeded, CancellationToken cancellationToken)
   at Microsoft.EntityFrameworkCore.Query.Internal.SingleQueryingEnumerable`1.AsyncEnumerator.MoveNextAsync()
2026-04-27 14:57:56.422 +03:00 [INF] User profile is available. Using 'C:\Users\HP\AppData\Local\ASP.NET\DataProtection-Keys' as key repository and Windows DPAPI to encrypt keys at rest.
2026-04-27 14:57:56.805 +03:00 [INF] Now listening on: https://localhost:7102
2026-04-27 14:57:56.807 +03:00 [INF] Now listening on: http://localhost:5119
2026-04-27 14:57:57.043 +03:00 [INF] Application started. Press Ctrl+C to shut down.
2026-04-27 14:57:57.045 +03:00 [INF] Hosting environment: Development
2026-04-27 14:57:57.046 +03:00 [INF] Content root path: C:\Users\HP\source\repos\InternshipMatcher\src\InternshipMatcher.API
2026-04-27 14:58:01.950 +03:00 [INF] Request starting HTTP/2 GET https://localhost:7102/swagger/index.html - null null
2026-04-27 14:58:02.224 +03:00 [WRN] Unable to configure Browser Link script injection on the response. 
2026-04-27 14:58:02.239 +03:00 [INF] Request finished HTTP/2 GET https://localhost:7102/swagger/index.html - 200 null text/html;charset=utf-8 291.1101ms
2026-04-27 14:58:02.255 +03:00 [INF] Request starting HTTP/2 GET https://localhost:7102/swagger/index.js - null null
2026-04-27 14:58:02.255 +03:00 [INF] Request starting HTTP/2 GET https://localhost:7102/_framework/aspnetcore-browser-refresh.js - null null
2026-04-27 14:58:02.299 +03:00 [INF] Request finished HTTP/2 GET https://localhost:7102/swagger/index.js - 200 null application/javascript;charset=utf-8 43.1269ms
2026-04-27 14:58:02.307 +03:00 [INF] Request finished HTTP/2 GET https://localhost:7102/_framework/aspnetcore-browser-refresh.js - 200 14946 application/javascript; charset=utf-8 51.5077ms
2026-04-27 14:58:02.371 +03:00 [INF] Request starting HTTP/2 GET https://localhost:7102/swagger/v1/swagger.json - null null
2026-04-27 14:58:02.405 +03:00 [INF] Request finished HTTP/2 GET https://localhost:7102/swagger/v1/swagger.json - 200 null application/json;charset=utf-8 33.6775ms
2026-04-27 14:58:08.276 +03:00 [INF] Request starting HTTP/2 POST https://localhost:7102/v1/users/regiseration - application/json 142
2026-04-27 14:58:08.346 +03:00 [INF] CORS policy execution failed.
2026-04-27 14:58:08.348 +03:00 [INF] Request origin https://localhost:7102 does not have permission to access the resource.
2026-04-27 14:58:08.356 +03:00 [INF] Executing endpoint 'HTTP: POST /v1/users/regiseration'
2026-04-27 14:58:08.390 +03:00 [WRN] You do not have a valid license key for the Lucky Penny software MediatR. This is allowed for development and testing scenarios. If you are running in production you are required to have a licensed version. Please visit https://luckypennysoftware.com to obtain a valid license.
2026-04-27 14:58:10.397 +03:00 [INF] Executed endpoint 'HTTP: POST /v1/users/regiseration'
2026-04-27 14:58:10.418 +03:00 [INF] Request finished HTTP/2 POST https://localhost:7102/v1/users/regiseration - 200 null application/json; charset=utf-8 2142.246ms
2026-04-27 14:58:10.431 +03:00 [ERR] Failed executing DbCommand (32ms) [Parameters=[@request_DTO_Email='?' (Size = 255)], CommandType='"Text"', CommandTimeout='30']
SELECT TOP(1) [u].[ID], [u].[DateOfBirth], [u].[Email], [u].[FirstName], [u].[IsActive], [u].[IsDeleted], [u].[LastName], [u].[Password], [u].[RefreshToken], [u].[RememberMe], [u].[Role]
FROM [Users] AS [u]
WHERE [u].[IsDeleted] = CAST(0 AS bit) AND [u].[IsActive] = CAST(1 AS bit) AND [u].[Email] = @request_DTO_Email
2026-04-27 14:58:10.463 +03:00 [ERR] An exception occurred while iterating over the results of a query for context type 'InternshipMatcher.Infra.DbContext.AppDbContext'.
System.InvalidOperationException: Invalid operation. The connection is closed.
   at Microsoft.Data.SqlClient.SqlCommand.<>c.<ExecuteDbDataReaderAsync>b__195_0(Task`1 result)
   at System.Threading.Tasks.ContinuationResultTaskFromResultTask`2.InnerInvoke()
   at System.Threading.ExecutionContext.RunInternal(ExecutionContext executionContext, ContextCallback callback, Object state)
--- End of stack trace from previous location ---
   at System.Threading.ExecutionContext.RunInternal(ExecutionContext executionContext, ContextCallback callback, Object state)
   at System.Threading.Tasks.Task.ExecuteWithThreadLocal(Task& currentTaskSlot, Thread threadPoolThread)
--- End of stack trace from previous location ---
   at Microsoft.EntityFrameworkCore.Storage.RelationalCommand.ExecuteReaderAsync(RelationalCommandParameterObject parameterObject, CancellationToken cancellationToken)
   at Microsoft.EntityFrameworkCore.Storage.RelationalCommand.ExecuteReaderAsync(RelationalCommandParameterObject parameterObject, CancellationToken cancellationToken)
   at Microsoft.EntityFrameworkCore.Query.Internal.SingleQueryingEnumerable`1.AsyncEnumerator.InitializeReaderAsync(AsyncEnumerator enumerator, CancellationToken cancellationToken)
   at Microsoft.EntityFrameworkCore.SqlServer.Storage.Internal.SqlServerExecutionStrategy.ExecuteAsync[TState,TResult](TState state, Func`4 operation, Func`4 verifySucceeded, CancellationToken cancellationToken)
   at Microsoft.EntityFrameworkCore.Query.Internal.SingleQueryingEnumerable`1.AsyncEnumerator.MoveNextAsync()
System.InvalidOperationException: Invalid operation. The connection is closed.
   at Microsoft.Data.SqlClient.SqlCommand.<>c.<ExecuteDbDataReaderAsync>b__195_0(Task`1 result)
   at System.Threading.Tasks.ContinuationResultTaskFromResultTask`2.InnerInvoke()
   at System.Threading.ExecutionContext.RunInternal(ExecutionContext executionContext, ContextCallback callback, Object state)
--- End of stack trace from previous location ---
   at System.Threading.ExecutionContext.RunInternal(ExecutionContext executionContext, ContextCallback callback, Object state)
   at System.Threading.Tasks.Task.ExecuteWithThreadLocal(Task& currentTaskSlot, Thread threadPoolThread)
--- End of stack trace from previous location ---
   at Microsoft.EntityFrameworkCore.Storage.RelationalCommand.ExecuteReaderAsync(RelationalCommandParameterObject parameterObject, CancellationToken cancellationToken)
   at Microsoft.EntityFrameworkCore.Storage.RelationalCommand.ExecuteReaderAsync(RelationalCommandParameterObject parameterObject, CancellationToken cancellationToken)
   at Microsoft.EntityFrameworkCore.Query.Internal.SingleQueryingEnumerable`1.AsyncEnumerator.InitializeReaderAsync(AsyncEnumerator enumerator, CancellationToken cancellationToken)
   at Microsoft.EntityFrameworkCore.SqlServer.Storage.Internal.SqlServerExecutionStrategy.ExecuteAsync[TState,TResult](TState state, Func`4 operation, Func`4 verifySucceeded, CancellationToken cancellationToken)
   at Microsoft.EntityFrameworkCore.Query.Internal.SingleQueryingEnumerable`1.AsyncEnumerator.MoveNextAsync()
2026-04-27 15:02:44.362 +03:00 [INF] User profile is available. Using 'C:\Users\HP\AppData\Local\ASP.NET\DataProtection-Keys' as key repository and Windows DPAPI to encrypt keys at rest.
2026-04-27 15:02:45.018 +03:00 [INF] Now listening on: https://localhost:7102
2026-04-27 15:02:45.020 +03:00 [INF] Now listening on: http://localhost:5119
2026-04-27 15:02:45.270 +03:00 [INF] Application started. Press Ctrl+C to shut down.
2026-04-27 15:02:45.272 +03:00 [INF] Hosting environment: Development
2026-04-27 15:02:45.273 +03:00 [INF] Content root path: C:\Users\HP\source\repos\InternshipMatcher\src\InternshipMatcher.API
2026-04-27 15:02:59.929 +03:00 [INF] Request starting HTTP/2 GET https://localhost:7102/swagger/index.html - null null
2026-04-27 15:03:00.262 +03:00 [WRN] Unable to configure Browser Link script injection on the response. 
2026-04-27 15:03:00.280 +03:00 [INF] Request finished HTTP/2 GET https://localhost:7102/swagger/index.html - 200 null text/html;charset=utf-8 358.2992ms
2026-04-27 15:03:00.299 +03:00 [INF] Request starting HTTP/2 GET https://localhost:7102/swagger/index.js - null null
2026-04-27 15:03:00.300 +03:00 [INF] Request starting HTTP/2 GET https://localhost:7102/_framework/aspnetcore-browser-refresh.js - null null
2026-04-27 15:03:00.311 +03:00 [INF] Request finished HTTP/2 GET https://localhost:7102/swagger/index.js - 200 null application/javascript;charset=utf-8 11.8374ms
2026-04-27 15:03:00.333 +03:00 [INF] Request finished HTTP/2 GET https://localhost:7102/_framework/aspnetcore-browser-refresh.js - 200 14946 application/javascript; charset=utf-8 32.3384ms
2026-04-27 15:03:00.381 +03:00 [INF] Request starting HTTP/2 GET https://localhost:7102/swagger/v1/swagger.json - null null
2026-04-27 15:03:00.435 +03:00 [INF] Request finished HTTP/2 GET https://localhost:7102/swagger/v1/swagger.json - 200 null application/json;charset=utf-8 54.7171ms
2026-04-27 15:03:15.337 +03:00 [INF] Request starting HTTP/2 POST https://localhost:7102/v1/users/regiseration - application/json 142
2026-04-27 15:03:15.367 +03:00 [INF] CORS policy execution failed.
2026-04-27 15:03:15.369 +03:00 [INF] Request origin https://localhost:7102 does not have permission to access the resource.
2026-04-27 15:03:15.375 +03:00 [INF] Executing endpoint 'HTTP: POST /v1/users/regiseration'
2026-04-27 15:03:15.412 +03:00 [WRN] You do not have a valid license key for the Lucky Penny software MediatR. This is allowed for development and testing scenarios. If you are running in production you are required to have a licensed version. Please visit https://luckypennysoftware.com to obtain a valid license.
2026-04-27 15:04:14.443 +03:00 [INF] Executed endpoint 'HTTP: POST /v1/users/regiseration'
2026-04-27 15:04:14.478 +03:00 [INF] Request finished HTTP/2 POST https://localhost:7102/v1/users/regiseration - 200 null application/json; charset=utf-8 59141.707ms
2026-04-27 15:04:14.501 +03:00 [ERR] Failed executing DbCommand (50ms) [Parameters=[@request_DTO_Email='?' (Size = 255)], CommandType='"Text"', CommandTimeout='30']
SELECT TOP(1) [u].[ID], [u].[DateOfBirth], [u].[Email], [u].[FirstName], [u].[IsActive], [u].[IsDeleted], [u].[LastName], [u].[Password], [u].[RefreshToken], [u].[RememberMe], [u].[Role]
FROM [Users] AS [u]
WHERE [u].[IsDeleted] = CAST(0 AS bit) AND [u].[IsActive] = CAST(1 AS bit) AND [u].[Email] = @request_DTO_Email
2026-04-27 15:04:14.543 +03:00 [ERR] An exception occurred while iterating over the results of a query for context type 'InternshipMatcher.Infra.DbContext.AppDbContext'.
System.InvalidOperationException: Invalid operation. The connection is closed.
   at Microsoft.Data.SqlClient.SqlCommand.<>c.<ExecuteDbDataReaderAsync>b__195_0(Task`1 result)
   at System.Threading.Tasks.ContinuationResultTaskFromResultTask`2.InnerInvoke()
   at System.Threading.ExecutionContext.RunInternal(ExecutionContext executionContext, ContextCallback callback, Object state)
--- End of stack trace from previous location ---
   at System.Threading.ExecutionContext.RunInternal(ExecutionContext executionContext, ContextCallback callback, Object state)
   at System.Threading.Tasks.Task.ExecuteWithThreadLocal(Task& currentTaskSlot, Thread threadPoolThread)
--- End of stack trace from previous location ---
   at Microsoft.EntityFrameworkCore.Storage.RelationalCommand.ExecuteReaderAsync(RelationalCommandParameterObject parameterObject, CancellationToken cancellationToken)
   at Microsoft.EntityFrameworkCore.Storage.RelationalCommand.ExecuteReaderAsync(RelationalCommandParameterObject parameterObject, CancellationToken cancellationToken)
   at Microsoft.EntityFrameworkCore.Query.Internal.SingleQueryingEnumerable`1.AsyncEnumerator.InitializeReaderAsync(AsyncEnumerator enumerator, CancellationToken cancellationToken)
   at Microsoft.EntityFrameworkCore.SqlServer.Storage.Internal.SqlServerExecutionStrategy.ExecuteAsync[TState,TResult](TState state, Func`4 operation, Func`4 verifySucceeded, CancellationToken cancellationToken)
   at Microsoft.EntityFrameworkCore.Query.Internal.SingleQueryingEnumerable`1.AsyncEnumerator.MoveNextAsync()
System.InvalidOperationException: Invalid operation. The connection is closed.
   at Microsoft.Data.SqlClient.SqlCommand.<>c.<ExecuteDbDataReaderAsync>b__195_0(Task`1 result)
   at System.Threading.Tasks.ContinuationResultTaskFromResultTask`2.InnerInvoke()
   at System.Threading.ExecutionContext.RunInternal(ExecutionContext executionContext, ContextCallback callback, Object state)
--- End of stack trace from previous location ---
   at System.Threading.ExecutionContext.RunInternal(ExecutionContext executionContext, ContextCallback callback, Object state)
   at System.Threading.Tasks.Task.ExecuteWithThreadLocal(Task& currentTaskSlot, Thread threadPoolThread)
--- End of stack trace from previous location ---
   at Microsoft.EntityFrameworkCore.Storage.RelationalCommand.ExecuteReaderAsync(RelationalCommandParameterObject parameterObject, CancellationToken cancellationToken)
   at Microsoft.EntityFrameworkCore.Storage.RelationalCommand.ExecuteReaderAsync(RelationalCommandParameterObject parameterObject, CancellationToken cancellationToken)
   at Microsoft.EntityFrameworkCore.Query.Internal.SingleQueryingEnumerable`1.AsyncEnumerator.InitializeReaderAsync(AsyncEnumerator enumerator, CancellationToken cancellationToken)
   at Microsoft.EntityFrameworkCore.SqlServer.Storage.Internal.SqlServerExecutionStrategy.ExecuteAsync[TState,TResult](TState state, Func`4 operation, Func`4 verifySucceeded, CancellationToken cancellationToken)
   at Microsoft.EntityFrameworkCore.Query.Internal.SingleQueryingEnumerable`1.AsyncEnumerator.MoveNextAsync()
2026-04-27 15:11:06.672 +03:00 [INF] User profile is available. Using 'C:\Users\HP\AppData\Local\ASP.NET\DataProtection-Keys' as key repository and Windows DPAPI to encrypt keys at rest.
2026-04-27 15:11:07.063 +03:00 [INF] Now listening on: https://localhost:7102
2026-04-27 15:11:07.065 +03:00 [INF] Now listening on: http://localhost:5119
2026-04-27 15:11:07.272 +03:00 [INF] Application started. Press Ctrl+C to shut down.
2026-04-27 15:11:07.273 +03:00 [INF] Hosting environment: Development
2026-04-27 15:11:07.275 +03:00 [INF] Content root path: C:\Users\HP\source\repos\InternshipMatcher\src\InternshipMatcher.API
2026-04-27 15:12:41.892 +03:00 [INF] User profile is available. Using 'C:\Users\HP\AppData\Local\ASP.NET\DataProtection-Keys' as key repository and Windows DPAPI to encrypt keys at rest.
2026-04-27 15:12:42.279 +03:00 [INF] Now listening on: https://localhost:7102
2026-04-27 15:12:42.281 +03:00 [INF] Now listening on: http://localhost:5119
2026-04-27 15:12:42.499 +03:00 [INF] Application started. Press Ctrl+C to shut down.
2026-04-27 15:12:42.501 +03:00 [INF] Hosting environment: Development
2026-04-27 15:12:42.502 +03:00 [INF] Content root path: C:\Users\HP\source\repos\InternshipMatcher\src\InternshipMatcher.API
2026-04-27 15:15:05.264 +03:00 [INF] Request starting HTTP/2 GET https://localhost:7102/swagger/index.html - null null
2026-04-27 15:15:05.689 +03:00 [WRN] Unable to configure Browser Link script injection on the response. 
2026-04-27 15:15:05.708 +03:00 [INF] Request finished HTTP/2 GET https://localhost:7102/swagger/index.html - 200 null text/html;charset=utf-8 445.6946ms
2026-04-27 15:15:05.724 +03:00 [INF] Request starting HTTP/2 GET https://localhost:7102/swagger/index.js - null null
2026-04-27 15:15:05.727 +03:00 [INF] Request starting HTTP/2 GET https://localhost:7102/_framework/aspnetcore-browser-refresh.js - null null
2026-04-27 15:15:05.750 +03:00 [INF] Request finished HTTP/2 GET https://localhost:7102/_framework/aspnetcore-browser-refresh.js - 200 14946 application/javascript; charset=utf-8 23.3998ms
2026-04-27 15:15:05.758 +03:00 [INF] Request finished HTTP/2 GET https://localhost:7102/swagger/index.js - 200 null application/javascript;charset=utf-8 33.3669ms
2026-04-27 15:15:05.833 +03:00 [INF] Request starting HTTP/2 GET https://localhost:7102/swagger/v1/swagger.json - null null
2026-04-27 15:15:05.876 +03:00 [INF] Request finished HTTP/2 GET https://localhost:7102/swagger/v1/swagger.json - 200 null application/json;charset=utf-8 43.4365ms
2026-04-27 15:15:16.767 +03:00 [INF] Request starting HTTP/2 POST https://localhost:7102/v1/users/regiseration - application/json 142
2026-04-27 15:15:18.152 +03:00 [ERR] An unhandled exception has occurred while executing the request.
System.InvalidOperationException: The connection is already in a transaction and cannot participate in another transaction.
   at Microsoft.EntityFrameworkCore.Storage.RelationalConnection.EnsureNoTransactions()
   at Microsoft.EntityFrameworkCore.Storage.RelationalConnection.BeginTransactionAsync(IsolationLevel isolationLevel, CancellationToken cancellationToken)
   at Microsoft.EntityFrameworkCore.Storage.RelationalConnection.BeginTransactionAsync(CancellationToken cancellationToken)
   at TransactionMiddleware.<>c__DisplayClass2_0.<<InvokeAsync>b__0>d.MoveNext() in C:\Users\HP\source\repos\InternshipMatcher\src\InternshipMatcher.API\Middlewares\TransactionMiddleware.cs:line 27
--- End of stack trace from previous location ---
   at Microsoft.EntityFrameworkCore.ExecutionStrategyExtensions.<>c.<<ExecuteAsync>b__3_0>d.MoveNext()
--- End of stack trace from previous location ---
   at Microsoft.EntityFrameworkCore.SqlServer.Storage.Internal.SqlServerExecutionStrategy.ExecuteAsync[TState,TResult](TState state, Func`4 operation, Func`4 verifySucceeded, CancellationToken cancellationToken)
   at TransactionMiddleware.InvokeAsync(HttpContext context, AppDbContext dbContext) in C:\Users\HP\source\repos\InternshipMatcher\src\InternshipMatcher.API\Middlewares\TransactionMiddleware.cs:line 25
   at TransactionMiddleware.<>c__DisplayClass2_0.<<InvokeAsync>b__0>d.MoveNext() in C:\Users\HP\source\repos\InternshipMatcher\src\InternshipMatcher.API\Middlewares\TransactionMiddleware.cs:line 31
--- End of stack trace from previous location ---
   at TransactionMiddleware.<>c__DisplayClass2_0.<<InvokeAsync>b__0>d.MoveNext() in C:\Users\HP\source\repos\InternshipMatcher\src\InternshipMatcher.API\Middlewares\TransactionMiddleware.cs:line 47
--- End of stack trace from previous location ---
   at TransactionMiddleware.<>c__DisplayClass2_0.<<InvokeAsync>b__0>d.MoveNext() in C:\Users\HP\source\repos\InternshipMatcher\src\InternshipMatcher.API\Middlewares\TransactionMiddleware.cs:line 48
--- End of stack trace from previous location ---
   at Microsoft.EntityFrameworkCore.ExecutionStrategyExtensions.<>c.<<ExecuteAsync>b__3_0>d.MoveNext()
--- End of stack trace from previous location ---
   at Microsoft.EntityFrameworkCore.SqlServer.Storage.Internal.SqlServerExecutionStrategy.ExecuteAsync[TState,TResult](TState state, Func`4 operation, Func`4 verifySucceeded, CancellationToken cancellationToken)
   at TransactionMiddleware.InvokeAsync(HttpContext context, AppDbContext dbContext) in C:\Users\HP\source\repos\InternshipMatcher\src\InternshipMatcher.API\Middlewares\TransactionMiddleware.cs:line 25
   at Microsoft.AspNetCore.ResponseCompression.ResponseCompressionMiddleware.InvokeCore(HttpContext context)
   at Prometheus.HttpMetrics.HttpRequestDurationMiddleware.Invoke(HttpContext context)
   at Prometheus.HttpMetrics.HttpRequestCountMiddleware.Invoke(HttpContext context)
   at Prometheus.HttpMetrics.HttpInProgressMiddleware.Invoke(HttpContext context)
   at Microsoft.AspNetCore.Diagnostics.DeveloperExceptionPageMiddlewareImpl.Invoke(HttpContext context)
2026-04-27 15:15:18.258 +03:00 [INF] Request finished HTTP/2 POST https://localhost:7102/v1/users/regiseration - 500 null application/problem+json 1490.7914ms
2026-04-27 15:19:02.388 +03:00 [INF] User profile is available. Using 'C:\Users\HP\AppData\Local\ASP.NET\DataProtection-Keys' as key repository and Windows DPAPI to encrypt keys at rest.
2026-04-27 15:19:02.802 +03:00 [INF] Now listening on: https://localhost:7102
2026-04-27 15:19:02.805 +03:00 [INF] Now listening on: http://localhost:5119
2026-04-27 15:19:03.030 +03:00 [INF] Application started. Press Ctrl+C to shut down.
2026-04-27 15:19:03.032 +03:00 [INF] Hosting environment: Development
2026-04-27 15:19:03.036 +03:00 [INF] Content root path: C:\Users\HP\source\repos\InternshipMatcher\src\InternshipMatcher.API
2026-04-27 15:21:16.737 +03:00 [INF] Request starting HTTP/2 GET https://localhost:7102/swagger/index.html - null null
2026-04-27 15:21:17.237 +03:00 [WRN] Unable to configure Browser Link script injection on the response. 
2026-04-27 15:21:17.258 +03:00 [INF] Request finished HTTP/2 GET https://localhost:7102/swagger/index.html - 200 null text/html;charset=utf-8 527.5929ms
2026-04-27 15:21:17.277 +03:00 [INF] Request starting HTTP/2 GET https://localhost:7102/_framework/aspnetcore-browser-refresh.js - null null
2026-04-27 15:21:17.277 +03:00 [INF] Request starting HTTP/2 GET https://localhost:7102/swagger/index.js - null null
2026-04-27 15:21:17.296 +03:00 [INF] Request finished HTTP/2 GET https://localhost:7102/_framework/aspnetcore-browser-refresh.js - 200 14946 application/javascript; charset=utf-8 18.6476ms
2026-04-27 15:21:17.316 +03:00 [INF] Request finished HTTP/2 GET https://localhost:7102/swagger/index.js - 200 null application/javascript;charset=utf-8 38.6295ms
2026-04-27 15:21:17.400 +03:00 [INF] Request starting HTTP/2 GET https://localhost:7102/swagger/v1/swagger.json - null null
2026-04-27 15:21:17.442 +03:00 [INF] Request finished HTTP/2 GET https://localhost:7102/swagger/v1/swagger.json - 200 null application/json;charset=utf-8 41.8595ms
2026-04-27 15:21:36.289 +03:00 [INF] Request starting HTTP/2 POST https://localhost:7102/v1/users/regiseration - application/json 142
2026-04-27 15:21:37.451 +03:00 [ERR] An unhandled exception has occurred while executing the request.
System.InvalidOperationException: The connection is already in a transaction and cannot participate in another transaction.
   at Microsoft.EntityFrameworkCore.Storage.RelationalConnection.EnsureNoTransactions()
   at Microsoft.EntityFrameworkCore.Storage.RelationalConnection.BeginTransactionAsync(IsolationLevel isolationLevel, CancellationToken cancellationToken)
   at Microsoft.EntityFrameworkCore.Storage.RelationalConnection.BeginTransactionAsync(CancellationToken cancellationToken)
   at TransactionMiddleware.<>c__DisplayClass2_0.<<InvokeAsync>b__0>d.MoveNext() in C:\Users\HP\source\repos\InternshipMatcher\src\InternshipMatcher.API\Middlewares\TransactionMiddleware.cs:line 26
--- End of stack trace from previous location ---
   at Microsoft.EntityFrameworkCore.ExecutionStrategyExtensions.<>c.<<ExecuteAsync>b__3_0>d.MoveNext()
--- End of stack trace from previous location ---
   at Microsoft.EntityFrameworkCore.SqlServer.Storage.Internal.SqlServerExecutionStrategy.ExecuteAsync[TState,TResult](TState state, Func`4 operation, Func`4 verifySucceeded, CancellationToken cancellationToken)
   at TransactionMiddleware.InvokeAsync(HttpContext context, AppDbContext dbContext) in C:\Users\HP\source\repos\InternshipMatcher\src\InternshipMatcher.API\Middlewares\TransactionMiddleware.cs:line 24
   at TransactionMiddleware.<>c__DisplayClass2_0.<<InvokeAsync>b__0>d.MoveNext() in C:\Users\HP\source\repos\InternshipMatcher\src\InternshipMatcher.API\Middlewares\TransactionMiddleware.cs:line 30
--- End of stack trace from previous location ---
   at TransactionMiddleware.<>c__DisplayClass2_0.<<InvokeAsync>b__0>d.MoveNext() in C:\Users\HP\source\repos\InternshipMatcher\src\InternshipMatcher.API\Middlewares\TransactionMiddleware.cs:line 46
--- End of stack trace from previous location ---
   at TransactionMiddleware.<>c__DisplayClass2_0.<<InvokeAsync>b__0>d.MoveNext() in C:\Users\HP\source\repos\InternshipMatcher\src\InternshipMatcher.API\Middlewares\TransactionMiddleware.cs:line 47
--- End of stack trace from previous location ---
   at Microsoft.EntityFrameworkCore.ExecutionStrategyExtensions.<>c.<<ExecuteAsync>b__3_0>d.MoveNext()
--- End of stack trace from previous location ---
   at Microsoft.EntityFrameworkCore.SqlServer.Storage.Internal.SqlServerExecutionStrategy.ExecuteAsync[TState,TResult](TState state, Func`4 operation, Func`4 verifySucceeded, CancellationToken cancellationToken)
   at TransactionMiddleware.InvokeAsync(HttpContext context, AppDbContext dbContext) in C:\Users\HP\source\repos\InternshipMatcher\src\InternshipMatcher.API\Middlewares\TransactionMiddleware.cs:line 24
   at Microsoft.AspNetCore.ResponseCompression.ResponseCompressionMiddleware.InvokeCore(HttpContext context)
   at Prometheus.HttpMetrics.HttpRequestDurationMiddleware.Invoke(HttpContext context)
   at Prometheus.HttpMetrics.HttpRequestCountMiddleware.Invoke(HttpContext context)
   at Prometheus.HttpMetrics.HttpInProgressMiddleware.Invoke(HttpContext context)
   at Microsoft.AspNetCore.Diagnostics.DeveloperExceptionPageMiddlewareImpl.Invoke(HttpContext context)
2026-04-27 15:21:37.539 +03:00 [INF] Request finished HTTP/2 POST https://localhost:7102/v1/users/regiseration - 500 null application/problem+json 1249.5329ms
2026-04-27 15:28:56.362 +03:00 [INF] User profile is available. Using 'C:\Users\HP\AppData\Local\ASP.NET\DataProtection-Keys' as key repository and Windows DPAPI to encrypt keys at rest.
2026-04-27 15:28:56.908 +03:00 [INF] Now listening on: https://localhost:7102
2026-04-27 15:28:56.910 +03:00 [INF] Now listening on: http://localhost:5119
2026-04-27 15:28:57.116 +03:00 [INF] Application started. Press Ctrl+C to shut down.
2026-04-27 15:28:57.118 +03:00 [INF] Hosting environment: Development
2026-04-27 15:28:57.119 +03:00 [INF] Content root path: C:\Users\HP\source\repos\InternshipMatcher\src\InternshipMatcher.API
2026-04-27 15:29:21.332 +03:00 [INF] Request starting HTTP/2 GET https://localhost:7102/swagger/index.html - null null
2026-04-27 15:29:21.809 +03:00 [WRN] Unable to configure Browser Link script injection on the response. 
2026-04-27 15:29:21.832 +03:00 [INF] Request finished HTTP/2 GET https://localhost:7102/swagger/index.html - 200 null text/html;charset=utf-8 511.9695ms
2026-04-27 15:29:21.833 +03:00 [INF] Request starting HTTP/2 GET https://localhost:7102/swagger/index.js - null null
2026-04-27 15:29:21.837 +03:00 [INF] Request starting HTTP/2 GET https://localhost:7102/_framework/aspnetcore-browser-refresh.js - null null
2026-04-27 15:29:21.880 +03:00 [INF] Request finished HTTP/2 GET https://localhost:7102/swagger/index.js - 200 null application/javascript;charset=utf-8 47.3962ms
2026-04-27 15:29:21.934 +03:00 [INF] Request finished HTTP/2 GET https://localhost:7102/_framework/aspnetcore-browser-refresh.js - 200 14946 application/javascript; charset=utf-8 98.7121ms
2026-04-27 15:29:21.979 +03:00 [INF] Request starting HTTP/2 GET https://localhost:7102/swagger/v1/swagger.json - null null
2026-04-27 15:29:22.062 +03:00 [INF] Request finished HTTP/2 GET https://localhost:7102/swagger/v1/swagger.json - 200 null application/json;charset=utf-8 83.9723ms
2026-04-27 15:29:41.013 +03:00 [INF] Request starting HTTP/2 POST https://localhost:7102/v1/users/regiseration - application/json 142
2026-04-27 15:29:42.912 +03:00 [ERR] An unhandled exception has occurred while executing the request.
System.InvalidOperationException: The connection is already in a transaction and cannot participate in another transaction.
   at Microsoft.EntityFrameworkCore.Storage.RelationalConnection.EnsureNoTransactions()
   at Microsoft.EntityFrameworkCore.Storage.RelationalConnection.BeginTransactionAsync(IsolationLevel isolationLevel, CancellationToken cancellationToken)
   at Microsoft.EntityFrameworkCore.Storage.RelationalConnection.BeginTransactionAsync(CancellationToken cancellationToken)
   at TransactionMiddleware.<>c__DisplayClass2_0.<<InvokeAsync>b__0>d.MoveNext() in C:\Users\HP\source\repos\InternshipMatcher\src\InternshipMatcher.API\Middlewares\TransactionMiddleware.cs:line 26
--- End of stack trace from previous location ---
   at Microsoft.EntityFrameworkCore.ExecutionStrategyExtensions.<>c.<<ExecuteAsync>b__3_0>d.MoveNext()
--- End of stack trace from previous location ---
   at Microsoft.EntityFrameworkCore.SqlServer.Storage.Internal.SqlServerExecutionStrategy.ExecuteAsync[TState,TResult](TState state, Func`4 operation, Func`4 verifySucceeded, CancellationToken cancellationToken)
   at TransactionMiddleware.InvokeAsync(HttpContext context, AppDbContext dbContext) in C:\Users\HP\source\repos\InternshipMatcher\src\InternshipMatcher.API\Middlewares\TransactionMiddleware.cs:line 24
   at TransactionMiddleware.<>c__DisplayClass2_0.<<InvokeAsync>b__0>d.MoveNext() in C:\Users\HP\source\repos\InternshipMatcher\src\InternshipMatcher.API\Middlewares\TransactionMiddleware.cs:line 30
--- End of stack trace from previous location ---
   at TransactionMiddleware.<>c__DisplayClass2_0.<<InvokeAsync>b__0>d.MoveNext() in C:\Users\HP\source\repos\InternshipMatcher\src\InternshipMatcher.API\Middlewares\TransactionMiddleware.cs:line 46
--- End of stack trace from previous location ---
   at TransactionMiddleware.<>c__DisplayClass2_0.<<InvokeAsync>b__0>d.MoveNext() in C:\Users\HP\source\repos\InternshipMatcher\src\InternshipMatcher.API\Middlewares\TransactionMiddleware.cs:line 47
--- End of stack trace from previous location ---
   at Microsoft.EntityFrameworkCore.ExecutionStrategyExtensions.<>c.<<ExecuteAsync>b__3_0>d.MoveNext()
--- End of stack trace from previous location ---
   at Microsoft.EntityFrameworkCore.SqlServer.Storage.Internal.SqlServerExecutionStrategy.ExecuteAsync[TState,TResult](TState state, Func`4 operation, Func`4 verifySucceeded, CancellationToken cancellationToken)
   at TransactionMiddleware.InvokeAsync(HttpContext context, AppDbContext dbContext) in C:\Users\HP\source\repos\InternshipMatcher\src\InternshipMatcher.API\Middlewares\TransactionMiddleware.cs:line 24
   at Microsoft.AspNetCore.ResponseCompression.ResponseCompressionMiddleware.InvokeCore(HttpContext context)
   at Prometheus.HttpMetrics.HttpRequestDurationMiddleware.Invoke(HttpContext context)
   at Prometheus.HttpMetrics.HttpRequestCountMiddleware.Invoke(HttpContext context)
   at Prometheus.HttpMetrics.HttpInProgressMiddleware.Invoke(HttpContext context)
   at Microsoft.AspNetCore.Diagnostics.DeveloperExceptionPageMiddlewareImpl.Invoke(HttpContext context)
2026-04-27 15:55:43.406 +03:00 [INF] User profile is available. Using 'C:\Users\HP\AppData\Local\ASP.NET\DataProtection-Keys' as key repository and Windows DPAPI to encrypt keys at rest.
2026-04-27 15:55:43.653 +03:00 [INF] Now listening on: https://localhost:7102
2026-04-27 15:55:43.655 +03:00 [INF] Now listening on: http://localhost:5119
2026-04-27 15:55:43.687 +03:00 [INF] Application started. Press Ctrl+C to shut down.
2026-04-27 15:55:43.689 +03:00 [INF] Hosting environment: Development
2026-04-27 15:55:43.690 +03:00 [INF] Content root path: C:\Users\HP\source\repos\InternshipMatcher\src\InternshipMatcher.API
2026-04-27 15:55:43.828 +03:00 [INF] Request starting HTTP/2 GET https://localhost:7102/swagger/index.html - null null
2026-04-27 15:55:44.068 +03:00 [WRN] Unable to configure Browser Link script injection on the response. 
2026-04-27 15:55:44.079 +03:00 [INF] Request finished HTTP/2 GET https://localhost:7102/swagger/index.html - 200 null text/html;charset=utf-8 251.004ms
2026-04-27 15:55:44.100 +03:00 [INF] Request starting HTTP/2 GET https://localhost:7102/swagger/index.js - null null
2026-04-27 15:55:44.102 +03:00 [INF] Request starting HTTP/2 GET https://localhost:7102/_framework/aspnetcore-browser-refresh.js - null null
2026-04-27 15:55:44.112 +03:00 [INF] Request finished HTTP/2 GET https://localhost:7102/_framework/aspnetcore-browser-refresh.js - 200 14946 application/javascript; charset=utf-8 9.781ms
2026-04-27 15:55:44.118 +03:00 [INF] Request finished HTTP/2 GET https://localhost:7102/swagger/index.js - 200 null application/javascript;charset=utf-8 17.8666ms
2026-04-27 15:55:44.171 +03:00 [INF] Request starting HTTP/2 GET https://localhost:7102/swagger/v1/swagger.json - null null
2026-04-27 15:55:44.195 +03:00 [INF] Request finished HTTP/2 GET https://localhost:7102/swagger/v1/swagger.json - 200 null application/json;charset=utf-8 24.2572ms
2026-04-27 15:55:52.531 +03:00 [INF] Request starting HTTP/2 POST https://localhost:7102/v1/users/regiseration - application/json 142
2026-04-27 15:55:53.615 +03:00 [ERR] An unhandled exception has occurred while executing the request.
System.InvalidOperationException: The connection is already in a transaction and cannot participate in another transaction.
   at Microsoft.EntityFrameworkCore.Storage.RelationalConnection.EnsureNoTransactions()
   at Microsoft.EntityFrameworkCore.Storage.RelationalConnection.BeginTransactionAsync(IsolationLevel isolationLevel, CancellationToken cancellationToken)
   at Microsoft.EntityFrameworkCore.Storage.RelationalConnection.BeginTransactionAsync(CancellationToken cancellationToken)
   at TransactionMiddleware.InvokeAsync(HttpContext context, AppDbContext dbContext) in C:\Users\HP\source\repos\InternshipMatcher\src\InternshipMatcher.API\Middlewares\TransactionMiddleware.cs:line 23
   at TransactionMiddleware.InvokeAsync(HttpContext context, AppDbContext dbContext) in C:\Users\HP\source\repos\InternshipMatcher\src\InternshipMatcher.API\Middlewares\TransactionMiddleware.cs:line 27
   at TransactionMiddleware.InvokeAsync(HttpContext context, AppDbContext dbContext) in C:\Users\HP\source\repos\InternshipMatcher\src\InternshipMatcher.API\Middlewares\TransactionMiddleware.cs:line 43
   at Microsoft.AspNetCore.ResponseCompression.ResponseCompressionMiddleware.InvokeCore(HttpContext context)
   at Prometheus.HttpMetrics.HttpRequestDurationMiddleware.Invoke(HttpContext context)
   at Prometheus.HttpMetrics.HttpRequestCountMiddleware.Invoke(HttpContext context)
   at Prometheus.HttpMetrics.HttpInProgressMiddleware.Invoke(HttpContext context)
   at Microsoft.AspNetCore.Diagnostics.DeveloperExceptionPageMiddlewareImpl.Invoke(HttpContext context)
2026-04-27 15:55:53.691 +03:00 [INF] Request finished HTTP/2 POST https://localhost:7102/v1/users/regiseration - 500 null application/problem+json 1160.1356ms
2026-04-27 18:07:59.753 +03:00 [INF] User profile is available. Using 'C:\Users\HP\AppData\Local\ASP.NET\DataProtection-Keys' as key repository and Windows DPAPI to encrypt keys at rest.
2026-04-27 18:08:00.297 +03:00 [INF] Now listening on: https://localhost:7102
2026-04-27 18:08:00.299 +03:00 [INF] Now listening on: http://localhost:5119
2026-04-27 18:08:00.376 +03:00 [INF] Application started. Press Ctrl+C to shut down.
2026-04-27 18:08:00.384 +03:00 [INF] Hosting environment: Development
2026-04-27 18:08:00.387 +03:00 [INF] Content root path: C:\Users\HP\source\repos\InternshipMatcher\src\InternshipMatcher.API
2026-04-27 18:08:22.157 +03:00 [INF] Request starting HTTP/2 GET https://localhost:7102/swagger/index.html - null null
2026-04-27 18:08:22.203 +03:00 [ERR] An unhandled exception has occurred while executing the request.
System.InvalidOperationException: No service for type 'TransactionMiddleware' has been registered.
   at Microsoft.Extensions.DependencyInjection.ServiceProviderServiceExtensions.GetRequiredService(IServiceProvider provider, Type serviceType)
   at Microsoft.AspNetCore.Http.MiddlewareFactory.Create(Type middlewareType)
   at Microsoft.AspNetCore.Builder.UseMiddlewareExtensions.InterfaceMiddlewareBinder.<>c__DisplayClass2_0.<<CreateMiddleware>b__0>d.MoveNext()
--- End of stack trace from previous location ---
   at Microsoft.AspNetCore.ResponseCompression.ResponseCompressionMiddleware.InvokeCore(HttpContext context)
   at Prometheus.HttpMetrics.HttpRequestDurationMiddleware.Invoke(HttpContext context)
   at Prometheus.HttpMetrics.HttpRequestCountMiddleware.Invoke(HttpContext context)
   at Prometheus.HttpMetrics.HttpInProgressMiddleware.Invoke(HttpContext context)
   at Microsoft.AspNetCore.Diagnostics.DeveloperExceptionPageMiddlewareImpl.Invoke(HttpContext context)
2026-04-27 18:08:22.301 +03:00 [INF] Request finished HTTP/2 GET https://localhost:7102/swagger/index.html - 500 null text/html; charset=utf-8 153.9475ms
2026-04-27 18:08:22.344 +03:00 [INF] Request starting HTTP/2 GET https://localhost:7102/swagger/index.html - null null
2026-04-27 18:08:22.354 +03:00 [ERR] An unhandled exception has occurred while executing the request.
System.InvalidOperationException: No service for type 'TransactionMiddleware' has been registered.
   at Microsoft.Extensions.DependencyInjection.ServiceProviderServiceExtensions.GetRequiredService(IServiceProvider provider, Type serviceType)
   at Microsoft.AspNetCore.Http.MiddlewareFactory.Create(Type middlewareType)
   at Microsoft.AspNetCore.Builder.UseMiddlewareExtensions.InterfaceMiddlewareBinder.<>c__DisplayClass2_0.<<CreateMiddleware>b__0>d.MoveNext()
--- End of stack trace from previous location ---
   at Microsoft.AspNetCore.ResponseCompression.ResponseCompressionMiddleware.InvokeCore(HttpContext context)
   at Prometheus.HttpMetrics.HttpRequestDurationMiddleware.Invoke(HttpContext context)
   at Prometheus.HttpMetrics.HttpRequestCountMiddleware.Invoke(HttpContext context)
   at Prometheus.HttpMetrics.HttpInProgressMiddleware.Invoke(HttpContext context)
   at Microsoft.AspNetCore.Diagnostics.DeveloperExceptionPageMiddlewareImpl.Invoke(HttpContext context)
2026-04-27 18:08:22.371 +03:00 [INF] Request finished HTTP/2 GET https://localhost:7102/swagger/index.html - 500 null text/html; charset=utf-8 26.9981ms
2026-04-27 18:08:22.394 +03:00 [INF] Request starting HTTP/2 GET https://localhost:7102/_vs/browserLink - null null
2026-04-27 18:08:22.405 +03:00 [INF] Request starting HTTP/2 GET https://localhost:7102/_framework/aspnetcore-browser-refresh.js - null null
2026-04-27 18:08:22.420 +03:00 [INF] Request finished HTTP/2 GET https://localhost:7102/_framework/aspnetcore-browser-refresh.js - 200 14946 application/javascript; charset=utf-8 15.3426ms
2026-04-27 18:08:22.501 +03:00 [INF] Request finished HTTP/2 GET https://localhost:7102/_vs/browserLink - 200 null text/javascript; charset=UTF-8 107.1937ms
2026-04-27 18:08:22.522 +03:00 [INF] Request starting HTTP/2 GET https://localhost:7102/favicon.ico - null null
2026-04-27 18:08:22.526 +03:00 [ERR] An unhandled exception has occurred while executing the request.
System.InvalidOperationException: No service for type 'TransactionMiddleware' has been registered.
   at Microsoft.Extensions.DependencyInjection.ServiceProviderServiceExtensions.GetRequiredService(IServiceProvider provider, Type serviceType)
   at Microsoft.AspNetCore.Http.MiddlewareFactory.Create(Type middlewareType)
   at Microsoft.AspNetCore.Builder.UseMiddlewareExtensions.InterfaceMiddlewareBinder.<>c__DisplayClass2_0.<<CreateMiddleware>b__0>d.MoveNext()
--- End of stack trace from previous location ---
   at Microsoft.AspNetCore.ResponseCompression.ResponseCompressionMiddleware.InvokeCore(HttpContext context)
   at Prometheus.HttpMetrics.HttpRequestDurationMiddleware.Invoke(HttpContext context)
   at Prometheus.HttpMetrics.HttpRequestCountMiddleware.Invoke(HttpContext context)
   at Prometheus.HttpMetrics.HttpInProgressMiddleware.Invoke(HttpContext context)
   at Microsoft.AspNetCore.Diagnostics.DeveloperExceptionPageMiddlewareImpl.Invoke(HttpContext context)
2026-04-27 18:08:22.577 +03:00 [INF] Request finished HTTP/2 GET https://localhost:7102/favicon.ico - 500 null application/problem+json 55.2193ms
2026-04-27 18:09:54.200 +03:00 [INF] User profile is available. Using 'C:\Users\HP\AppData\Local\ASP.NET\DataProtection-Keys' as key repository and Windows DPAPI to encrypt keys at rest.
2026-04-27 18:09:54.616 +03:00 [INF] Now listening on: https://localhost:7102
2026-04-27 18:09:54.618 +03:00 [INF] Now listening on: http://localhost:5119
2026-04-27 18:09:54.666 +03:00 [INF] Application started. Press Ctrl+C to shut down.
2026-04-27 18:09:54.669 +03:00 [INF] Hosting environment: Development
2026-04-27 18:09:54.671 +03:00 [INF] Content root path: C:\Users\HP\source\repos\InternshipMatcher\src\InternshipMatcher.API
2026-04-27 18:10:00.415 +03:00 [INF] Request starting HTTP/2 GET https://localhost:7102/swagger/index.html - null null
2026-04-27 18:10:01.766 +03:00 [WRN] Unable to configure Browser Link script injection on the response. 
2026-04-27 18:10:01.806 +03:00 [INF] Request finished HTTP/2 GET https://localhost:7102/swagger/index.html - 200 null text/html;charset=utf-8 1396.5174ms
2026-04-27 18:10:01.810 +03:00 [INF] Request starting HTTP/2 GET https://localhost:7102/_framework/aspnetcore-browser-refresh.js - null null
2026-04-27 18:10:01.810 +03:00 [INF] Request starting HTTP/2 GET https://localhost:7102/swagger/index.js - null null
2026-04-27 18:10:01.840 +03:00 [INF] Request finished HTTP/2 GET https://localhost:7102/_framework/aspnetcore-browser-refresh.js - 200 14946 application/javascript; charset=utf-8 29.5181ms
2026-04-27 18:10:01.869 +03:00 [INF] Request finished HTTP/2 GET https://localhost:7102/swagger/index.js - 200 null application/javascript;charset=utf-8 59.4166ms
2026-04-27 18:10:01.905 +03:00 [INF] Request starting HTTP/2 GET https://localhost:7102/swagger/v1/swagger.json - null null
2026-04-27 18:10:02.022 +03:00 [INF] Request finished HTTP/2 GET https://localhost:7102/swagger/v1/swagger.json - 200 null application/json;charset=utf-8 116.4711ms
2026-04-27 18:10:18.469 +03:00 [INF] Request starting HTTP/2 POST https://localhost:7102/v1/users/regiseration - application/json 142
2026-04-27 18:10:18.494 +03:00 [INF] CORS policy execution failed.
2026-04-27 18:10:18.495 +03:00 [INF] Request origin https://localhost:7102 does not have permission to access the resource.
2026-04-27 18:10:18.502 +03:00 [INF] Executing endpoint 'HTTP: POST /v1/users/regiseration'
2026-04-27 18:10:18.534 +03:00 [WRN] You do not have a valid license key for the Lucky Penny software MediatR. This is allowed for development and testing scenarios. If you are running in production you are required to have a licensed version. Please visit https://luckypennysoftware.com to obtain a valid license.
2026-04-27 18:10:26.363 +03:00 [INF] Executed DbCommand (878ms) [Parameters=[@request_DTO_Email='?' (Size = 255)], CommandType='"Text"', CommandTimeout='30']
SELECT TOP(1) [u].[ID], [u].[DateOfBirth], [u].[Email], [u].[FirstName], [u].[IsActive], [u].[IsDeleted], [u].[LastName], [u].[Password], [u].[RefreshToken], [u].[RememberMe], [u].[Role]
FROM [Users] AS [u]
WHERE [u].[IsDeleted] = CAST(0 AS bit) AND [u].[IsActive] = CAST(1 AS bit) AND [u].[Email] = @request_DTO_Email
2026-04-27 18:10:29.851 +03:00 [INF] Executed endpoint 'HTTP: POST /v1/users/regiseration'
2026-04-27 18:10:29.864 +03:00 [ERR] An error occurred using a transaction.
2026-04-27 18:10:29.900 +03:00 [ERR] An error occurred using a transaction.
2026-04-27 18:10:29.927 +03:00 [ERR] An unhandled exception has occurred while executing the request.
System.InvalidOperationException: This SqlTransaction has completed; it is no longer usable.
   at Microsoft.Data.SqlClient.SqlTransaction.ZombieCheck()
   at Microsoft.Data.SqlClient.SqlTransaction.Rollback()
   at Microsoft.EntityFrameworkCore.Storage.RelationalTransaction.Rollback()
   at TransactionMiddleware.InvokeAsync(HttpContext context, RequestDelegate next) in C:\Users\HP\source\repos\InternshipMatcher\src\InternshipMatcher.API\Middlewares\TransactionMiddleware.cs:line 29
   at Microsoft.AspNetCore.Builder.UseMiddlewareExtensions.InterfaceMiddlewareBinder.<>c__DisplayClass2_0.<<CreateMiddleware>b__0>d.MoveNext()
--- End of stack trace from previous location ---
   at Microsoft.AspNetCore.ResponseCompression.ResponseCompressionMiddleware.InvokeCore(HttpContext context)
   at Prometheus.HttpMetrics.HttpRequestDurationMiddleware.Invoke(HttpContext context)
   at Prometheus.HttpMetrics.HttpRequestCountMiddleware.Invoke(HttpContext context)
   at Prometheus.HttpMetrics.HttpInProgressMiddleware.Invoke(HttpContext context)
   at Microsoft.AspNetCore.Diagnostics.DeveloperExceptionPageMiddlewareImpl.Invoke(HttpContext context)
2026-04-27 18:10:29.953 +03:00 [WRN] The response has already started, the error page middleware will not be executed.
2026-04-27 18:10:29.958 +03:00 [ERR] Connection id "0HNL4DS6JDDLS", Request id "0HNL4DS6JDDLS:00000009": An unhandled exception was thrown by the application.
System.InvalidOperationException: This SqlTransaction has completed; it is no longer usable.
   at Microsoft.Data.SqlClient.SqlTransaction.ZombieCheck()
   at Microsoft.Data.SqlClient.SqlTransaction.Rollback()
   at Microsoft.EntityFrameworkCore.Storage.RelationalTransaction.Rollback()
   at TransactionMiddleware.InvokeAsync(HttpContext context, RequestDelegate next) in C:\Users\HP\source\repos\InternshipMatcher\src\InternshipMatcher.API\Middlewares\TransactionMiddleware.cs:line 29
   at Microsoft.AspNetCore.Builder.UseMiddlewareExtensions.InterfaceMiddlewareBinder.<>c__DisplayClass2_0.<<CreateMiddleware>b__0>d.MoveNext()
--- End of stack trace from previous location ---
   at Microsoft.AspNetCore.ResponseCompression.ResponseCompressionMiddleware.InvokeCore(HttpContext context)
   at Prometheus.HttpMetrics.HttpRequestDurationMiddleware.Invoke(HttpContext context)
   at Prometheus.HttpMetrics.HttpRequestCountMiddleware.Invoke(HttpContext context)
   at Prometheus.HttpMetrics.HttpInProgressMiddleware.Invoke(HttpContext context)
   at Microsoft.AspNetCore.Diagnostics.DeveloperExceptionPageMiddlewareImpl.Invoke(HttpContext context)
   at Microsoft.AspNetCore.Diagnostics.DeveloperExceptionPageMiddlewareImpl.Invoke(HttpContext context)
   at Microsoft.WebTools.BrowserLink.Net.BrowserLinkMiddleware.InvokeAsync(HttpContext context)
   at Microsoft.AspNetCore.Watch.BrowserRefresh.BrowserRefreshMiddleware.InvokeAsync(HttpContext context) in /_3/BrowserRefreshMiddleware.cs:line 84
   at Microsoft.AspNetCore.Server.Kestrel.Core.Internal.Http.HttpProtocol.ProcessRequests[TContext](IHttpApplication`1 application)
2026-04-27 18:10:29.989 +03:00 [INF] Request finished HTTP/2 POST https://localhost:7102/v1/users/regiseration - 200 null application/json; charset=utf-8 11520.67ms
2026-04-27 18:12:36.371 +03:00 [INF] User profile is available. Using 'C:\Users\HP\AppData\Local\ASP.NET\DataProtection-Keys' as key repository and Windows DPAPI to encrypt keys at rest.
2026-04-27 18:12:36.771 +03:00 [INF] Now listening on: https://localhost:7102
2026-04-27 18:12:36.773 +03:00 [INF] Now listening on: http://localhost:5119
2026-04-27 18:12:36.821 +03:00 [INF] Application started. Press Ctrl+C to shut down.
2026-04-27 18:12:36.822 +03:00 [INF] Hosting environment: Development
2026-04-27 18:12:36.823 +03:00 [INF] Content root path: C:\Users\HP\source\repos\InternshipMatcher\src\InternshipMatcher.API
2026-04-27 18:12:53.081 +03:00 [INF] Request starting HTTP/2 GET https://localhost:7102/swagger/index.html - null null
2026-04-27 18:12:54.296 +03:00 [WRN] Unable to configure Browser Link script injection on the response. 
2026-04-27 18:12:54.315 +03:00 [INF] Request starting HTTP/2 GET https://localhost:7102/swagger/index.js - null null
2026-04-27 18:12:54.315 +03:00 [INF] Request starting HTTP/2 GET https://localhost:7102/_framework/aspnetcore-browser-refresh.js - null null
2026-04-27 18:12:54.318 +03:00 [INF] Request finished HTTP/2 GET https://localhost:7102/swagger/index.html - 200 null text/html;charset=utf-8 1243.0881ms
2026-04-27 18:12:54.339 +03:00 [INF] Request finished HTTP/2 GET https://localhost:7102/swagger/index.js - 200 null application/javascript;charset=utf-8 23.8398ms
2026-04-27 18:12:54.345 +03:00 [INF] Request finished HTTP/2 GET https://localhost:7102/_framework/aspnetcore-browser-refresh.js - 200 14946 application/javascript; charset=utf-8 29.9375ms
2026-04-27 18:12:54.389 +03:00 [INF] Request starting HTTP/2 GET https://localhost:7102/swagger/v1/swagger.json - null null
2026-04-27 18:12:54.504 +03:00 [INF] Request finished HTTP/2 GET https://localhost:7102/swagger/v1/swagger.json - 200 null application/json;charset=utf-8 115.4523ms
2026-04-27 18:14:06.871 +03:00 [INF] Request starting HTTP/2 POST https://localhost:7102/v1/users/regiseration - application/json 116
2026-04-27 18:14:06.883 +03:00 [INF] CORS policy execution failed.
2026-04-27 18:14:06.885 +03:00 [INF] Request origin https://localhost:7102 does not have permission to access the resource.
2026-04-27 18:14:06.889 +03:00 [INF] Executing endpoint 'HTTP: POST /v1/users/regiseration'
2026-04-27 18:14:06.915 +03:00 [WRN] You do not have a valid license key for the Lucky Penny software MediatR. This is allowed for development and testing scenarios. If you are running in production you are required to have a licensed version. Please visit https://luckypennysoftware.com to obtain a valid license.
2026-04-27 18:14:18.685 +03:00 [INF] Executed DbCommand (31ms) [Parameters=[@request_DTO_Email='?' (Size = 255)], CommandType='"Text"', CommandTimeout='30']
SELECT TOP(1) [u].[ID], [u].[DateOfBirth], [u].[Email], [u].[FirstName], [u].[IsActive], [u].[IsDeleted], [u].[LastName], [u].[Password], [u].[RefreshToken], [u].[RememberMe], [u].[Role]
FROM [Users] AS [u]
WHERE [u].[IsDeleted] = CAST(0 AS bit) AND [u].[IsActive] = CAST(1 AS bit) AND [u].[Email] = @request_DTO_Email
2026-04-27 18:54:56.044 +03:00 [INF] User profile is available. Using 'C:\Users\HP\AppData\Local\ASP.NET\DataProtection-Keys' as key repository and Windows DPAPI to encrypt keys at rest.
2026-04-27 18:54:56.596 +03:00 [INF] Now listening on: https://localhost:7102
2026-04-27 18:54:56.598 +03:00 [INF] Now listening on: http://localhost:5119
2026-04-27 18:54:56.780 +03:00 [INF] Application started. Press Ctrl+C to shut down.
2026-04-27 18:54:56.781 +03:00 [INF] Hosting environment: Development
2026-04-27 18:54:56.782 +03:00 [INF] Content root path: C:\Users\HP\source\repos\InternshipMatcher\src\InternshipMatcher.API
2026-04-27 18:55:14.331 +03:00 [INF] Request starting HTTP/2 GET https://localhost:7102/swagger/index.html - null null
2026-04-27 18:55:15.876 +03:00 [WRN] Unable to configure Browser Link script injection on the response. 
2026-04-27 18:55:15.893 +03:00 [INF] Request starting HTTP/2 GET https://localhost:7102/_framework/aspnetcore-browser-refresh.js - null null
2026-04-27 18:55:15.893 +03:00 [INF] Request starting HTTP/2 GET https://localhost:7102/swagger/index.js - null null
2026-04-27 18:55:15.898 +03:00 [INF] Request finished HTTP/2 GET https://localhost:7102/swagger/index.html - 200 null text/html;charset=utf-8 1577.7538ms
2026-04-27 18:55:15.946 +03:00 [INF] Request finished HTTP/2 GET https://localhost:7102/swagger/index.js - 200 null application/javascript;charset=utf-8 53.5368ms
2026-04-27 18:55:15.948 +03:00 [INF] Request finished HTTP/2 GET https://localhost:7102/_framework/aspnetcore-browser-refresh.js - 200 14946 application/javascript; charset=utf-8 54.8259ms
2026-04-27 18:55:15.983 +03:00 [INF] Request starting HTTP/2 GET https://localhost:7102/swagger/v1/swagger.json - null null
2026-04-27 18:55:16.111 +03:00 [INF] Request finished HTTP/2 GET https://localhost:7102/swagger/v1/swagger.json - 200 null application/json;charset=utf-8 128.3508ms
2026-04-27 18:55:25.467 +03:00 [INF] Request starting HTTP/2 POST https://localhost:7102/v1/users/regiseration - application/json 142
2026-04-27 18:55:25.476 +03:00 [INF] CORS policy execution failed.
2026-04-27 18:55:25.479 +03:00 [INF] Request origin https://localhost:7102 does not have permission to access the resource.
2026-04-27 18:55:25.489 +03:00 [INF] Executing endpoint 'HTTP: POST /v1/users/regiseration'
2026-04-27 18:55:25.525 +03:00 [WRN] You do not have a valid license key for the Lucky Penny software MediatR. This is allowed for development and testing scenarios. If you are running in production you are required to have a licensed version. Please visit https://luckypennysoftware.com to obtain a valid license.
2026-04-27 18:55:40.965 +03:00 [INF] Executed DbCommand (50ms) [Parameters=[@request_DTO_Email='?' (Size = 255)], CommandType='"Text"', CommandTimeout='30']
SELECT TOP(1) [u].[ID], [u].[DateOfBirth], [u].[Email], [u].[FirstName], [u].[IsActive], [u].[IsDeleted], [u].[LastName], [u].[Password], [u].[RefreshToken], [u].[RememberMe], [u].[Role]
FROM [Users] AS [u]
WHERE [u].[IsDeleted] = CAST(0 AS bit) AND [u].[IsActive] = CAST(1 AS bit) AND [u].[Email] = @request_DTO_Email
2026-04-27 18:55:40.967 +03:00 [INF] Executed endpoint 'HTTP: POST /v1/users/regiseration'
2026-04-27 18:55:40.976 +03:00 [ERR] An error occurred using a transaction.
2026-04-27 18:55:41.043 +03:00 [ERR] An error occurred using a transaction.
2026-04-27 18:55:41.072 +03:00 [ERR] An unhandled exception has occurred while executing the request.
System.InvalidOperationException: This SqlTransaction has completed; it is no longer usable.
   at Microsoft.Data.SqlClient.SqlTransaction.ZombieCheck()
   at Microsoft.Data.SqlClient.SqlTransaction.Rollback()
   at Microsoft.EntityFrameworkCore.Storage.RelationalTransaction.Rollback()
   at TransactionMiddleware.InvokeAsync(HttpContext context, RequestDelegate next) in C:\Users\HP\source\repos\InternshipMatcher\src\InternshipMatcher.API\Middlewares\TransactionMiddleware.cs:line 29
   at Microsoft.AspNetCore.Builder.UseMiddlewareExtensions.InterfaceMiddlewareBinder.<>c__DisplayClass2_0.<<CreateMiddleware>b__0>d.MoveNext()
--- End of stack trace from previous location ---
   at Microsoft.AspNetCore.ResponseCompression.ResponseCompressionMiddleware.InvokeCore(HttpContext context)
   at Prometheus.HttpMetrics.HttpRequestDurationMiddleware.Invoke(HttpContext context)
   at Prometheus.HttpMetrics.HttpRequestCountMiddleware.Invoke(HttpContext context)
   at Prometheus.HttpMetrics.HttpInProgressMiddleware.Invoke(HttpContext context)
   at Microsoft.AspNetCore.Diagnostics.DeveloperExceptionPageMiddlewareImpl.Invoke(HttpContext context)
2026-04-27 18:56:06.123 +03:00 [WRN] The response has already started, the error page middleware will not be executed.
2026-04-27 18:56:06.128 +03:00 [ERR] Connection id "0HNL4ELFD257J", Request id "0HNL4ELFD257J:00000009": An unhandled exception was thrown by the application.
System.InvalidOperationException: This SqlTransaction has completed; it is no longer usable.
   at Microsoft.Data.SqlClient.SqlTransaction.ZombieCheck()
   at Microsoft.Data.SqlClient.SqlTransaction.Rollback()
   at Microsoft.EntityFrameworkCore.Storage.RelationalTransaction.Rollback()
   at TransactionMiddleware.InvokeAsync(HttpContext context, RequestDelegate next) in C:\Users\HP\source\repos\InternshipMatcher\src\InternshipMatcher.API\Middlewares\TransactionMiddleware.cs:line 29
   at Microsoft.AspNetCore.Builder.UseMiddlewareExtensions.InterfaceMiddlewareBinder.<>c__DisplayClass2_0.<<CreateMiddleware>b__0>d.MoveNext()
--- End of stack trace from previous location ---
   at Microsoft.AspNetCore.ResponseCompression.ResponseCompressionMiddleware.InvokeCore(HttpContext context)
   at Prometheus.HttpMetrics.HttpRequestDurationMiddleware.Invoke(HttpContext context)
   at Prometheus.HttpMetrics.HttpRequestCountMiddleware.Invoke(HttpContext context)
   at Prometheus.HttpMetrics.HttpInProgressMiddleware.Invoke(HttpContext context)
   at Microsoft.AspNetCore.Diagnostics.DeveloperExceptionPageMiddlewareImpl.Invoke(HttpContext context)
   at Microsoft.AspNetCore.Diagnostics.DeveloperExceptionPageMiddlewareImpl.Invoke(HttpContext context)
   at Microsoft.WebTools.BrowserLink.Net.BrowserLinkMiddleware.InvokeAsync(HttpContext context)
   at Microsoft.AspNetCore.Watch.BrowserRefresh.BrowserRefreshMiddleware.InvokeAsync(HttpContext context) in /_3/BrowserRefreshMiddleware.cs:line 84
   at Microsoft.AspNetCore.Server.Kestrel.Core.Internal.Http.HttpProtocol.ProcessRequests[TContext](IHttpApplication`1 application)
2026-04-27 18:56:06.165 +03:00 [INF] Request finished HTTP/2 POST https://localhost:7102/v1/users/regiseration - 200 null application/json; charset=utf-8 40698.0716ms
2026-04-27 18:56:34.878 +03:00 [INF] Request starting HTTP/2 POST https://localhost:7102/v1/users/regiseration - application/json 142
2026-04-27 18:56:37.533 +03:00 [INF] CORS policy execution failed.
2026-04-27 18:56:37.535 +03:00 [INF] Request origin https://localhost:7102 does not have permission to access the resource.
2026-04-27 18:56:37.537 +03:00 [INF] Executing endpoint 'HTTP: POST /v1/users/regiseration'
2026-04-27 18:56:40.363 +03:00 [INF] Executed endpoint 'HTTP: POST /v1/users/regiseration'
2026-04-27 18:56:40.366 +03:00 [INF] Executed DbCommand (5ms) [Parameters=[@request_DTO_Email='?' (Size = 255)], CommandType='"Text"', CommandTimeout='30']
SELECT TOP(1) [u].[ID], [u].[DateOfBirth], [u].[Email], [u].[FirstName], [u].[IsActive], [u].[IsDeleted], [u].[LastName], [u].[Password], [u].[RefreshToken], [u].[RememberMe], [u].[Role]
FROM [Users] AS [u]
WHERE [u].[IsDeleted] = CAST(0 AS bit) AND [u].[IsActive] = CAST(1 AS bit) AND [u].[Email] = @request_DTO_Email
2026-04-27 18:56:40.368 +03:00 [ERR] An error occurred using a transaction.
2026-04-27 18:56:40.396 +03:00 [ERR] An error occurred using a transaction.
2026-04-27 18:56:40.422 +03:00 [ERR] An unhandled exception has occurred while executing the request.
System.InvalidOperationException: This SqlTransaction has completed; it is no longer usable.
   at Microsoft.Data.SqlClient.SqlTransaction.ZombieCheck()
   at Microsoft.Data.SqlClient.SqlTransaction.Rollback()
   at Microsoft.EntityFrameworkCore.Storage.RelationalTransaction.Rollback()
   at TransactionMiddleware.InvokeAsync(HttpContext context, RequestDelegate next) in C:\Users\HP\source\repos\InternshipMatcher\src\InternshipMatcher.API\Middlewares\TransactionMiddleware.cs:line 29
   at Microsoft.AspNetCore.Builder.UseMiddlewareExtensions.InterfaceMiddlewareBinder.<>c__DisplayClass2_0.<<CreateMiddleware>b__0>d.MoveNext()
--- End of stack trace from previous location ---
   at Microsoft.AspNetCore.ResponseCompression.ResponseCompressionMiddleware.InvokeCore(HttpContext context)
   at Prometheus.HttpMetrics.HttpRequestDurationMiddleware.Invoke(HttpContext context)
   at Prometheus.HttpMetrics.HttpRequestCountMiddleware.Invoke(HttpContext context)
   at Prometheus.HttpMetrics.HttpInProgressMiddleware.Invoke(HttpContext context)
   at Microsoft.AspNetCore.Diagnostics.DeveloperExceptionPageMiddlewareImpl.Invoke(HttpContext context)
2026-04-27 18:56:40.425 +03:00 [WRN] The response has already started, the error page middleware will not be executed.
2026-04-27 18:56:40.427 +03:00 [ERR] Connection id "0HNL4ELFD257J", Request id "0HNL4ELFD257J:0000000B": An unhandled exception was thrown by the application.
System.InvalidOperationException: This SqlTransaction has completed; it is no longer usable.
   at Microsoft.Data.SqlClient.SqlTransaction.ZombieCheck()
   at Microsoft.Data.SqlClient.SqlTransaction.Rollback()
   at Microsoft.EntityFrameworkCore.Storage.RelationalTransaction.Rollback()
   at TransactionMiddleware.InvokeAsync(HttpContext context, RequestDelegate next) in C:\Users\HP\source\repos\InternshipMatcher\src\InternshipMatcher.API\Middlewares\TransactionMiddleware.cs:line 29
   at Microsoft.AspNetCore.Builder.UseMiddlewareExtensions.InterfaceMiddlewareBinder.<>c__DisplayClass2_0.<<CreateMiddleware>b__0>d.MoveNext()
--- End of stack trace from previous location ---
   at Microsoft.AspNetCore.ResponseCompression.ResponseCompressionMiddleware.InvokeCore(HttpContext context)
   at Prometheus.HttpMetrics.HttpRequestDurationMiddleware.Invoke(HttpContext context)
   at Prometheus.HttpMetrics.HttpRequestCountMiddleware.Invoke(HttpContext context)
   at Prometheus.HttpMetrics.HttpInProgressMiddleware.Invoke(HttpContext context)
   at Microsoft.AspNetCore.Diagnostics.DeveloperExceptionPageMiddlewareImpl.Invoke(HttpContext context)
   at Microsoft.AspNetCore.Diagnostics.DeveloperExceptionPageMiddlewareImpl.Invoke(HttpContext context)
   at Microsoft.WebTools.BrowserLink.Net.BrowserLinkMiddleware.InvokeAsync(HttpContext context)
   at Microsoft.AspNetCore.Watch.BrowserRefresh.BrowserRefreshMiddleware.InvokeAsync(HttpContext context) in /_3/BrowserRefreshMiddleware.cs:line 84
   at Microsoft.AspNetCore.Server.Kestrel.Core.Internal.Http.HttpProtocol.ProcessRequests[TContext](IHttpApplication`1 application)
2026-04-27 18:56:40.432 +03:00 [INF] Request finished HTTP/2 POST https://localhost:7102/v1/users/regiseration - 200 null application/json; charset=utf-8 5554.2694ms
2026-04-27 18:56:50.583 +03:00 [INF] Request starting HTTP/2 POST https://localhost:7102/v1/users/regiseration - application/json 142
2026-04-27 18:56:50.590 +03:00 [INF] CORS policy execution failed.
2026-04-27 18:56:50.591 +03:00 [INF] Request origin https://localhost:7102 does not have permission to access the resource.
2026-04-27 18:56:50.594 +03:00 [INF] Executing endpoint 'HTTP: POST /v1/users/regiseration'
2026-04-27 18:56:54.454 +03:00 [INF] Executed DbCommand (1ms) [Parameters=[@request_DTO_Email='?' (Size = 255)], CommandType='"Text"', CommandTimeout='30']
SELECT TOP(1) [u].[ID], [u].[DateOfBirth], [u].[Email], [u].[FirstName], [u].[IsActive], [u].[IsDeleted], [u].[LastName], [u].[Password], [u].[RefreshToken], [u].[RememberMe], [u].[Role]
FROM [Users] AS [u]
WHERE [u].[IsDeleted] = CAST(0 AS bit) AND [u].[IsActive] = CAST(1 AS bit) AND [u].[Email] = @request_DTO_Email
2026-04-27 18:56:54.471 +03:00 [INF] Executed endpoint 'HTTP: POST /v1/users/regiseration'
2026-04-27 18:57:06.631 +03:00 [INF] Request finished HTTP/2 POST https://localhost:7102/v1/users/regiseration - 200 null application/json; charset=utf-8 16047.9944ms
2026-04-27 18:57:37.344 +03:00 [INF] Request starting HTTP/2 POST https://localhost:7102/v1/users/regiseration - application/json 142
2026-04-27 18:57:37.349 +03:00 [INF] CORS policy execution failed.
2026-04-27 18:57:37.350 +03:00 [INF] Request origin https://localhost:7102 does not have permission to access the resource.
2026-04-27 18:57:37.353 +03:00 [INF] Executing endpoint 'HTTP: POST /v1/users/regiseration'
2026-04-27 18:57:45.019 +03:00 [INF] Executed DbCommand (16ms) [Parameters=[@request_DTO_Email='?' (Size = 255)], CommandType='"Text"', CommandTimeout='30']
SELECT TOP(1) [u].[ID], [u].[DateOfBirth], [u].[Email], [u].[FirstName], [u].[IsActive], [u].[IsDeleted], [u].[LastName], [u].[Password], [u].[RefreshToken], [u].[RememberMe], [u].[Role]
FROM [Users] AS [u]
WHERE [u].[IsDeleted] = CAST(0 AS bit) AND [u].[IsActive] = CAST(1 AS bit) AND [u].[Email] = @request_DTO_Email
2026-04-27 18:57:45.020 +03:00 [INF] Executed endpoint 'HTTP: POST /v1/users/regiseration'
2026-04-27 18:57:46.901 +03:00 [INF] Request finished HTTP/2 POST https://localhost:7102/v1/users/regiseration - 200 null application/json; charset=utf-8 9556.7833ms
2026-04-27 18:58:00.891 +03:00 [INF] Request starting HTTP/2 POST https://localhost:7102/v1/users/regiseration - application/json 142
2026-04-27 18:58:16.990 +03:00 [INF] CORS policy execution failed.
2026-04-27 18:58:16.991 +03:00 [INF] Request origin https://localhost:7102 does not have permission to access the resource.
2026-04-27 18:58:16.992 +03:00 [INF] Executing endpoint 'HTTP: POST /v1/users/regiseration'
2026-04-27 18:58:25.525 +03:00 [INF] Executed DbCommand (1ms) [Parameters=[@request_DTO_Email='?' (Size = 255)], CommandType='"Text"', CommandTimeout='30']
SELECT TOP(1) [u].[ID], [u].[DateOfBirth], [u].[Email], [u].[FirstName], [u].[IsActive], [u].[IsDeleted], [u].[LastName], [u].[Password], [u].[RefreshToken], [u].[RememberMe], [u].[Role]
FROM [Users] AS [u]
WHERE [u].[IsDeleted] = CAST(0 AS bit) AND [u].[IsActive] = CAST(1 AS bit) AND [u].[Email] = @request_DTO_Email
2026-04-27 18:58:25.540 +03:00 [INF] Executed endpoint 'HTTP: POST /v1/users/regiseration'
2026-04-27 18:58:27.536 +03:00 [INF] Request finished HTTP/2 POST https://localhost:7102/v1/users/regiseration - 200 null application/json; charset=utf-8 26645.0322ms
2026-04-27 19:01:29.672 +03:00 [INF] User profile is available. Using 'C:\Users\HP\AppData\Local\ASP.NET\DataProtection-Keys' as key repository and Windows DPAPI to encrypt keys at rest.
2026-04-27 19:01:30.092 +03:00 [INF] Now listening on: https://localhost:7102
2026-04-27 19:01:30.094 +03:00 [INF] Now listening on: http://localhost:5119
2026-04-27 19:01:30.135 +03:00 [INF] Application started. Press Ctrl+C to shut down.
2026-04-27 19:01:30.137 +03:00 [INF] Hosting environment: Development
2026-04-27 19:01:30.138 +03:00 [INF] Content root path: C:\Users\HP\source\repos\InternshipMatcher\src\InternshipMatcher.API
2026-04-27 19:01:32.507 +03:00 [INF] Request starting HTTP/2 GET https://localhost:7102/swagger/index.html - null null
2026-04-27 19:01:33.708 +03:00 [INF] Request starting HTTP/2 GET https://localhost:7102/_framework/aspnetcore-browser-refresh.js - null null
2026-04-27 19:01:33.719 +03:00 [INF] Request starting HTTP/2 GET https://localhost:7102/swagger/index.js - null null
2026-04-27 19:01:33.740 +03:00 [WRN] Unable to configure Browser Link script injection on the response. 
2026-04-27 19:01:33.838 +03:00 [INF] Request finished HTTP/2 GET https://localhost:7102/_framework/aspnetcore-browser-refresh.js - 200 14946 application/javascript; charset=utf-8 127.6908ms
2026-04-27 19:01:33.847 +03:00 [INF] Request finished HTTP/2 GET https://localhost:7102/swagger/index.html - 200 null text/html;charset=utf-8 1346.4449ms
2026-04-27 19:01:33.847 +03:00 [INF] Request finished HTTP/2 GET https://localhost:7102/swagger/index.js - 200 null application/javascript;charset=utf-8 128.0946ms
2026-04-27 19:01:33.880 +03:00 [INF] Request starting HTTP/2 GET https://localhost:7102/swagger/v1/swagger.json - null null
2026-04-27 19:01:33.995 +03:00 [INF] Request finished HTTP/2 GET https://localhost:7102/swagger/v1/swagger.json - 200 null application/json;charset=utf-8 115.8411ms
2026-04-27 19:01:40.307 +03:00 [INF] Request starting HTTP/2 POST https://localhost:7102/v1/users/regiseration - application/json 142
2026-04-27 19:01:40.318 +03:00 [INF] CORS policy execution failed.
2026-04-27 19:01:40.320 +03:00 [INF] Request origin https://localhost:7102 does not have permission to access the resource.
2026-04-27 19:01:40.327 +03:00 [INF] Executing endpoint 'HTTP: POST /v1/users/regiseration'
2026-04-27 19:01:40.357 +03:00 [WRN] You do not have a valid license key for the Lucky Penny software MediatR. This is allowed for development and testing scenarios. If you are running in production you are required to have a licensed version. Please visit https://luckypennysoftware.com to obtain a valid license.
2026-04-27 19:01:46.176 +03:00 [INF] Executed DbCommand (51ms) [Parameters=[@request_DTO_Email='?' (Size = 255)], CommandType='"Text"', CommandTimeout='30']
SELECT TOP(1) [u].[ID], [u].[DateOfBirth], [u].[Email], [u].[FirstName], [u].[IsActive], [u].[IsDeleted], [u].[LastName], [u].[Password], [u].[RefreshToken], [u].[RememberMe], [u].[Role]
FROM [Users] AS [u]
WHERE [u].[IsDeleted] = CAST(0 AS bit) AND [u].[IsActive] = CAST(1 AS bit) AND [u].[Email] = @request_DTO_Email
2026-04-27 19:01:46.178 +03:00 [INF] Executed endpoint 'HTTP: POST /v1/users/regiseration'
2026-04-27 19:01:46.186 +03:00 [ERR] An error occurred using a transaction.
2026-04-27 19:01:46.218 +03:00 [ERR] An error occurred using a transaction.
2026-04-27 19:01:46.247 +03:00 [ERR] An unhandled exception has occurred while executing the request.
System.InvalidOperationException: This SqlTransaction has completed; it is no longer usable.
   at Microsoft.Data.SqlClient.SqlTransaction.ZombieCheck()
   at Microsoft.Data.SqlClient.SqlTransaction.Rollback()
   at Microsoft.EntityFrameworkCore.Storage.RelationalTransaction.Rollback()
   at TransactionMiddleware.InvokeAsync(HttpContext context, RequestDelegate next) in C:\Users\HP\source\repos\InternshipMatcher\src\InternshipMatcher.API\Middlewares\TransactionMiddleware.cs:line 30
   at Microsoft.AspNetCore.Builder.UseMiddlewareExtensions.InterfaceMiddlewareBinder.<>c__DisplayClass2_0.<<CreateMiddleware>b__0>d.MoveNext()
--- End of stack trace from previous location ---
   at Microsoft.AspNetCore.ResponseCompression.ResponseCompressionMiddleware.InvokeCore(HttpContext context)
   at Prometheus.HttpMetrics.HttpRequestDurationMiddleware.Invoke(HttpContext context)
   at Prometheus.HttpMetrics.HttpRequestCountMiddleware.Invoke(HttpContext context)
   at Prometheus.HttpMetrics.HttpInProgressMiddleware.Invoke(HttpContext context)
   at Microsoft.AspNetCore.Diagnostics.DeveloperExceptionPageMiddlewareImpl.Invoke(HttpContext context)
2026-04-27 19:01:48.052 +03:00 [WRN] The response has already started, the error page middleware will not be executed.
2026-04-27 19:01:48.056 +03:00 [ERR] Connection id "0HNL4EP03UBR9", Request id "0HNL4EP03UBR9:00000009": An unhandled exception was thrown by the application.
System.InvalidOperationException: This SqlTransaction has completed; it is no longer usable.
   at Microsoft.Data.SqlClient.SqlTransaction.ZombieCheck()
   at Microsoft.Data.SqlClient.SqlTransaction.Rollback()
   at Microsoft.EntityFrameworkCore.Storage.RelationalTransaction.Rollback()
   at TransactionMiddleware.InvokeAsync(HttpContext context, RequestDelegate next) in C:\Users\HP\source\repos\InternshipMatcher\src\InternshipMatcher.API\Middlewares\TransactionMiddleware.cs:line 30
   at Microsoft.AspNetCore.Builder.UseMiddlewareExtensions.InterfaceMiddlewareBinder.<>c__DisplayClass2_0.<<CreateMiddleware>b__0>d.MoveNext()
--- End of stack trace from previous location ---
   at Microsoft.AspNetCore.ResponseCompression.ResponseCompressionMiddleware.InvokeCore(HttpContext context)
   at Prometheus.HttpMetrics.HttpRequestDurationMiddleware.Invoke(HttpContext context)
   at Prometheus.HttpMetrics.HttpRequestCountMiddleware.Invoke(HttpContext context)
   at Prometheus.HttpMetrics.HttpInProgressMiddleware.Invoke(HttpContext context)
   at Microsoft.AspNetCore.Diagnostics.DeveloperExceptionPageMiddlewareImpl.Invoke(HttpContext context)
   at Microsoft.AspNetCore.Diagnostics.DeveloperExceptionPageMiddlewareImpl.Invoke(HttpContext context)
   at Microsoft.WebTools.BrowserLink.Net.BrowserLinkMiddleware.InvokeAsync(HttpContext context)
   at Microsoft.AspNetCore.Watch.BrowserRefresh.BrowserRefreshMiddleware.InvokeAsync(HttpContext context) in /_3/BrowserRefreshMiddleware.cs:line 84
   at Microsoft.AspNetCore.Server.Kestrel.Core.Internal.Http.HttpProtocol.ProcessRequests[TContext](IHttpApplication`1 application)
2026-04-27 19:01:48.070 +03:00 [INF] Request finished HTTP/2 POST https://localhost:7102/v1/users/regiseration - 200 null application/json; charset=utf-8 7763.8756ms
2026-04-27 19:02:00.070 +03:00 [INF] Request starting HTTP/2 POST https://localhost:7102/v1/users/regiseration - application/json 142
2026-04-27 19:02:00.092 +03:00 [INF] CORS policy execution failed.
2026-04-27 19:02:00.093 +03:00 [INF] Request origin https://localhost:7102 does not have permission to access the resource.
2026-04-27 19:02:00.095 +03:00 [INF] Executing endpoint 'HTTP: POST /v1/users/regiseration'
2026-04-27 19:02:04.481 +03:00 [INF] Executed endpoint 'HTTP: POST /v1/users/regiseration'
2026-04-27 19:02:04.481 +03:00 [INF] Executed DbCommand (17ms) [Parameters=[@request_DTO_Email='?' (Size = 255)], CommandType='"Text"', CommandTimeout='30']
SELECT TOP(1) [u].[ID], [u].[DateOfBirth], [u].[Email], [u].[FirstName], [u].[IsActive], [u].[IsDeleted], [u].[LastName], [u].[Password], [u].[RefreshToken], [u].[RememberMe], [u].[Role]
FROM [Users] AS [u]
WHERE [u].[IsDeleted] = CAST(0 AS bit) AND [u].[IsActive] = CAST(1 AS bit) AND [u].[Email] = @request_DTO_Email
2026-04-27 19:02:04.484 +03:00 [ERR] An error occurred using a transaction.
2026-04-27 19:02:06.945 +03:00 [ERR] An error occurred using a transaction.
2026-04-27 19:02:09.545 +03:00 [ERR] An unhandled exception has occurred while executing the request.
System.InvalidOperationException: This SqlTransaction has completed; it is no longer usable.
   at Microsoft.Data.SqlClient.SqlTransaction.ZombieCheck()
   at Microsoft.Data.SqlClient.SqlTransaction.Rollback()
   at Microsoft.EntityFrameworkCore.Storage.RelationalTransaction.Rollback()
   at TransactionMiddleware.InvokeAsync(HttpContext context, RequestDelegate next) in C:\Users\HP\source\repos\InternshipMatcher\src\InternshipMatcher.API\Middlewares\TransactionMiddleware.cs:line 30
   at Microsoft.AspNetCore.Builder.UseMiddlewareExtensions.InterfaceMiddlewareBinder.<>c__DisplayClass2_0.<<CreateMiddleware>b__0>d.MoveNext()
--- End of stack trace from previous location ---
   at Microsoft.AspNetCore.ResponseCompression.ResponseCompressionMiddleware.InvokeCore(HttpContext context)
   at Prometheus.HttpMetrics.HttpRequestDurationMiddleware.Invoke(HttpContext context)
   at Prometheus.HttpMetrics.HttpRequestCountMiddleware.Invoke(HttpContext context)
   at Prometheus.HttpMetrics.HttpInProgressMiddleware.Invoke(HttpContext context)
   at Microsoft.AspNetCore.Diagnostics.DeveloperExceptionPageMiddlewareImpl.Invoke(HttpContext context)
2026-04-27 19:02:10.807 +03:00 [WRN] The response has already started, the error page middleware will not be executed.
2026-04-27 19:02:10.834 +03:00 [ERR] Connection id "0HNL4EP03UBR9", Request id "0HNL4EP03UBR9:0000000B": An unhandled exception was thrown by the application.
System.InvalidOperationException: This SqlTransaction has completed; it is no longer usable.
   at Microsoft.Data.SqlClient.SqlTransaction.ZombieCheck()
   at Microsoft.Data.SqlClient.SqlTransaction.Rollback()
   at Microsoft.EntityFrameworkCore.Storage.RelationalTransaction.Rollback()
   at TransactionMiddleware.InvokeAsync(HttpContext context, RequestDelegate next) in C:\Users\HP\source\repos\InternshipMatcher\src\InternshipMatcher.API\Middlewares\TransactionMiddleware.cs:line 30
   at Microsoft.AspNetCore.Builder.UseMiddlewareExtensions.InterfaceMiddlewareBinder.<>c__DisplayClass2_0.<<CreateMiddleware>b__0>d.MoveNext()
--- End of stack trace from previous location ---
   at Microsoft.AspNetCore.ResponseCompression.ResponseCompressionMiddleware.InvokeCore(HttpContext context)
   at Prometheus.HttpMetrics.HttpRequestDurationMiddleware.Invoke(HttpContext context)
   at Prometheus.HttpMetrics.HttpRequestCountMiddleware.Invoke(HttpContext context)
   at Prometheus.HttpMetrics.HttpInProgressMiddleware.Invoke(HttpContext context)
   at Microsoft.AspNetCore.Diagnostics.DeveloperExceptionPageMiddlewareImpl.Invoke(HttpContext context)
   at Microsoft.AspNetCore.Diagnostics.DeveloperExceptionPageMiddlewareImpl.Invoke(HttpContext context)
   at Microsoft.WebTools.BrowserLink.Net.BrowserLinkMiddleware.InvokeAsync(HttpContext context)
   at Microsoft.AspNetCore.Watch.BrowserRefresh.BrowserRefreshMiddleware.InvokeAsync(HttpContext context) in /_3/BrowserRefreshMiddleware.cs:line 84
   at Microsoft.AspNetCore.Server.Kestrel.Core.Internal.Http.HttpProtocol.ProcessRequests[TContext](IHttpApplication`1 application)
2026-04-27 19:02:10.839 +03:00 [INF] Request finished HTTP/2 POST https://localhost:7102/v1/users/regiseration - 200 null application/json; charset=utf-8 10769.6467ms
2026-04-27 19:03:36.011 +03:00 [INF] Request starting HTTP/2 POST https://localhost:7102/v1/users/regiseration - application/json 142
2026-04-27 19:03:50.113 +03:00 [INF] CORS policy execution failed.
2026-04-27 19:03:50.114 +03:00 [INF] Request origin https://localhost:7102 does not have permission to access the resource.
2026-04-27 19:03:50.116 +03:00 [INF] Executing endpoint 'HTTP: POST /v1/users/regiseration'
2026-04-27 19:03:53.444 +03:00 [INF] Executed DbCommand (16ms) [Parameters=[@request_DTO_Email='?' (Size = 255)], CommandType='"Text"', CommandTimeout='30']
SELECT TOP(1) [u].[ID], [u].[DateOfBirth], [u].[Email], [u].[FirstName], [u].[IsActive], [u].[IsDeleted], [u].[LastName], [u].[Password], [u].[RefreshToken], [u].[RememberMe], [u].[Role]
FROM [Users] AS [u]
WHERE [u].[IsDeleted] = CAST(0 AS bit) AND [u].[IsActive] = CAST(1 AS bit) AND [u].[Email] = @request_DTO_Email
2026-04-27 19:03:53.444 +03:00 [INF] Executed endpoint 'HTTP: POST /v1/users/regiseration'
2026-04-27 19:03:54.942 +03:00 [INF] Request finished HTTP/2 POST https://localhost:7102/v1/users/regiseration - 200 null application/json; charset=utf-8 18930.9075ms
2026-04-27 19:05:33.291 +03:00 [INF] User profile is available. Using 'C:\Users\HP\AppData\Local\ASP.NET\DataProtection-Keys' as key repository and Windows DPAPI to encrypt keys at rest.
2026-04-27 19:05:33.666 +03:00 [INF] Now listening on: https://localhost:7102
2026-04-27 19:05:33.669 +03:00 [INF] Now listening on: http://localhost:5119
2026-04-27 19:05:33.732 +03:00 [INF] Application started. Press Ctrl+C to shut down.
2026-04-27 19:05:33.734 +03:00 [INF] Hosting environment: Development
2026-04-27 19:05:33.735 +03:00 [INF] Content root path: C:\Users\HP\source\repos\InternshipMatcher\src\InternshipMatcher.API
2026-04-27 19:07:48.768 +03:00 [INF] User profile is available. Using 'C:\Users\HP\AppData\Local\ASP.NET\DataProtection-Keys' as key repository and Windows DPAPI to encrypt keys at rest.
2026-04-27 19:07:48.995 +03:00 [INF] Now listening on: https://localhost:7102
2026-04-27 19:07:48.997 +03:00 [INF] Now listening on: http://localhost:5119
2026-04-27 19:07:49.116 +03:00 [INF] Application started. Press Ctrl+C to shut down.
2026-04-27 19:07:49.117 +03:00 [INF] Hosting environment: Development
2026-04-27 19:07:49.118 +03:00 [INF] Content root path: C:\Users\HP\source\repos\InternshipMatcher\src\InternshipMatcher.API
2026-04-27 19:08:05.592 +03:00 [INF] Request starting HTTP/2 GET https://localhost:7102/swagger/index.html - null null
2026-04-27 19:08:06.477 +03:00 [INF] Request starting HTTP/2 GET https://localhost:7102/swagger/index.js - null null
2026-04-27 19:08:06.477 +03:00 [INF] Request starting HTTP/2 GET https://localhost:7102/_framework/aspnetcore-browser-refresh.js - null null
2026-04-27 19:08:06.480 +03:00 [WRN] Unable to configure Browser Link script injection on the response. 
2026-04-27 19:08:06.495 +03:00 [INF] Request finished HTTP/2 GET https://localhost:7102/_framework/aspnetcore-browser-refresh.js - 200 14946 application/javascript; charset=utf-8 15.6547ms
2026-04-27 19:08:06.498 +03:00 [INF] Request finished HTTP/2 GET https://localhost:7102/swagger/index.html - 200 null text/html;charset=utf-8 907.9443ms
2026-04-27 19:08:06.514 +03:00 [INF] Request finished HTTP/2 GET https://localhost:7102/swagger/index.js - 200 null application/javascript;charset=utf-8 37.0719ms
2026-04-27 19:08:06.551 +03:00 [INF] Request starting HTTP/2 GET https://localhost:7102/swagger/v1/swagger.json - null null
2026-04-27 19:08:06.655 +03:00 [INF] Request finished HTTP/2 GET https://localhost:7102/swagger/v1/swagger.json - 200 null application/json;charset=utf-8 104.1133ms
2026-04-27 19:08:17.623 +03:00 [INF] Request starting HTTP/2 POST https://localhost:7102/v1/users/regiseration - application/json 142
2026-04-27 19:08:17.632 +03:00 [INF] CORS policy execution failed.
2026-04-27 19:08:17.633 +03:00 [INF] Request origin https://localhost:7102 does not have permission to access the resource.
2026-04-27 19:08:17.638 +03:00 [INF] Executing endpoint 'HTTP: POST /v1/users/regiseration'
2026-04-27 19:08:17.661 +03:00 [WRN] You do not have a valid license key for the Lucky Penny software MediatR. This is allowed for development and testing scenarios. If you are running in production you are required to have a licensed version. Please visit https://luckypennysoftware.com to obtain a valid license.
2026-04-27 19:08:18.103 +03:00 [INF] Executed DbCommand (28ms) [Parameters=[@request_DTO_Email='?' (Size = 255)], CommandType='"Text"', CommandTimeout='30']
SELECT TOP(1) [u].[ID], [u].[DateOfBirth], [u].[Email], [u].[FirstName], [u].[IsActive], [u].[IsDeleted], [u].[LastName], [u].[Password], [u].[RefreshToken], [u].[RememberMe], [u].[Role]
FROM [Users] AS [u]
WHERE [u].[IsDeleted] = CAST(0 AS bit) AND [u].[IsActive] = CAST(1 AS bit) AND [u].[Email] = @request_DTO_Email
2026-04-27 19:08:18.106 +03:00 [INF] Executed endpoint 'HTTP: POST /v1/users/regiseration'
2026-04-27 19:08:18.114 +03:00 [ERR] An error occurred using a transaction.
2026-04-27 19:08:18.119 +03:00 [ERR] An error occurred using a transaction.
2026-04-27 19:08:18.121 +03:00 [ERR] An unhandled exception has occurred while executing the request.
System.InvalidOperationException: This SqlTransaction has completed; it is no longer usable.
   at Microsoft.Data.SqlClient.SqlTransaction.ZombieCheck()
   at Microsoft.Data.SqlClient.SqlTransaction.Rollback()
   at System.Data.Common.DbTransaction.RollbackAsync(CancellationToken cancellationToken)
--- End of stack trace from previous location ---
   at Microsoft.EntityFrameworkCore.Storage.RelationalTransaction.RollbackAsync(CancellationToken cancellationToken)
   at Microsoft.EntityFrameworkCore.Storage.RelationalTransaction.RollbackAsync(CancellationToken cancellationToken)
   at TransactionMiddleware.InvokeAsync(HttpContext context, RequestDelegate next) in C:\Users\HP\source\repos\InternshipMatcher\src\InternshipMatcher.API\Middlewares\TransactionMiddleware.cs:line 32
   at Microsoft.AspNetCore.Builder.UseMiddlewareExtensions.InterfaceMiddlewareBinder.<>c__DisplayClass2_0.<<CreateMiddleware>b__0>d.MoveNext()
--- End of stack trace from previous location ---
   at Microsoft.AspNetCore.ResponseCompression.ResponseCompressionMiddleware.InvokeCore(HttpContext context)
   at Prometheus.HttpMetrics.HttpRequestDurationMiddleware.Invoke(HttpContext context)
   at Prometheus.HttpMetrics.HttpRequestCountMiddleware.Invoke(HttpContext context)
   at Prometheus.HttpMetrics.HttpInProgressMiddleware.Invoke(HttpContext context)
   at Microsoft.AspNetCore.Diagnostics.DeveloperExceptionPageMiddlewareImpl.Invoke(HttpContext context)
2026-04-27 19:08:18.145 +03:00 [WRN] The response has already started, the error page middleware will not be executed.
2026-04-27 19:08:18.149 +03:00 [ERR] Connection id "0HNL4ESL8T8ES", Request id "0HNL4ESL8T8ES:00000009": An unhandled exception was thrown by the application.
System.InvalidOperationException: This SqlTransaction has completed; it is no longer usable.
   at Microsoft.Data.SqlClient.SqlTransaction.ZombieCheck()
   at Microsoft.Data.SqlClient.SqlTransaction.Rollback()
   at System.Data.Common.DbTransaction.RollbackAsync(CancellationToken cancellationToken)
--- End of stack trace from previous location ---
   at Microsoft.EntityFrameworkCore.Storage.RelationalTransaction.RollbackAsync(CancellationToken cancellationToken)
   at Microsoft.EntityFrameworkCore.Storage.RelationalTransaction.RollbackAsync(CancellationToken cancellationToken)
   at TransactionMiddleware.InvokeAsync(HttpContext context, RequestDelegate next) in C:\Users\HP\source\repos\InternshipMatcher\src\InternshipMatcher.API\Middlewares\TransactionMiddleware.cs:line 32
   at Microsoft.AspNetCore.Builder.UseMiddlewareExtensions.InterfaceMiddlewareBinder.<>c__DisplayClass2_0.<<CreateMiddleware>b__0>d.MoveNext()
--- End of stack trace from previous location ---
   at Microsoft.AspNetCore.ResponseCompression.ResponseCompressionMiddleware.InvokeCore(HttpContext context)
   at Prometheus.HttpMetrics.HttpRequestDurationMiddleware.Invoke(HttpContext context)
   at Prometheus.HttpMetrics.HttpRequestCountMiddleware.Invoke(HttpContext context)
   at Prometheus.HttpMetrics.HttpInProgressMiddleware.Invoke(HttpContext context)
   at Microsoft.AspNetCore.Diagnostics.DeveloperExceptionPageMiddlewareImpl.Invoke(HttpContext context)
   at Microsoft.AspNetCore.Diagnostics.DeveloperExceptionPageMiddlewareImpl.Invoke(HttpContext context)
   at Microsoft.WebTools.BrowserLink.Net.BrowserLinkMiddleware.InvokeAsync(HttpContext context)
   at Microsoft.AspNetCore.Watch.BrowserRefresh.BrowserRefreshMiddleware.InvokeAsync(HttpContext context) in /_3/BrowserRefreshMiddleware.cs:line 84
   at Microsoft.AspNetCore.Server.Kestrel.Core.Internal.Http.HttpProtocol.ProcessRequests[TContext](IHttpApplication`1 application)
2026-04-27 19:08:18.159 +03:00 [INF] Request finished HTTP/2 POST https://localhost:7102/v1/users/regiseration - 200 null application/json; charset=utf-8 536.3768ms
2026-04-27 19:08:28.724 +03:00 [INF] Request starting HTTP/2 POST https://localhost:7102/v1/users/regiseration - application/json 142
2026-04-27 19:08:28.734 +03:00 [INF] CORS policy execution failed.
2026-04-27 19:08:28.735 +03:00 [INF] Request origin https://localhost:7102 does not have permission to access the resource.
2026-04-27 19:08:28.737 +03:00 [INF] Executing endpoint 'HTTP: POST /v1/users/regiseration'
2026-04-27 19:08:28.750 +03:00 [INF] Executed endpoint 'HTTP: POST /v1/users/regiseration'
2026-04-27 19:08:28.751 +03:00 [INF] Executed DbCommand (2ms) [Parameters=[@request_DTO_Email='?' (Size = 255)], CommandType='"Text"', CommandTimeout='30']
SELECT TOP(1) [u].[ID], [u].[DateOfBirth], [u].[Email], [u].[FirstName], [u].[IsActive], [u].[IsDeleted], [u].[LastName], [u].[Password], [u].[RefreshToken], [u].[RememberMe], [u].[Role]
FROM [Users] AS [u]
WHERE [u].[IsDeleted] = CAST(0 AS bit) AND [u].[IsActive] = CAST(1 AS bit) AND [u].[Email] = @request_DTO_Email
2026-04-27 19:08:28.754 +03:00 [ERR] An error occurred using a transaction.
2026-04-27 19:08:28.758 +03:00 [ERR] An error occurred using a transaction.
2026-04-27 19:08:28.761 +03:00 [ERR] An unhandled exception has occurred while executing the request.
System.InvalidOperationException: This SqlTransaction has completed; it is no longer usable.
   at Microsoft.Data.SqlClient.SqlTransaction.ZombieCheck()
   at Microsoft.Data.SqlClient.SqlTransaction.Rollback()
   at System.Data.Common.DbTransaction.RollbackAsync(CancellationToken cancellationToken)
--- End of stack trace from previous location ---
   at Microsoft.EntityFrameworkCore.Storage.RelationalTransaction.RollbackAsync(CancellationToken cancellationToken)
   at Microsoft.EntityFrameworkCore.Storage.RelationalTransaction.RollbackAsync(CancellationToken cancellationToken)
   at TransactionMiddleware.InvokeAsync(HttpContext context, RequestDelegate next) in C:\Users\HP\source\repos\InternshipMatcher\src\InternshipMatcher.API\Middlewares\TransactionMiddleware.cs:line 32
   at Microsoft.AspNetCore.Builder.UseMiddlewareExtensions.InterfaceMiddlewareBinder.<>c__DisplayClass2_0.<<CreateMiddleware>b__0>d.MoveNext()
--- End of stack trace from previous location ---
   at Microsoft.AspNetCore.ResponseCompression.ResponseCompressionMiddleware.InvokeCore(HttpContext context)
   at Prometheus.HttpMetrics.HttpRequestDurationMiddleware.Invoke(HttpContext context)
   at Prometheus.HttpMetrics.HttpRequestCountMiddleware.Invoke(HttpContext context)
   at Prometheus.HttpMetrics.HttpInProgressMiddleware.Invoke(HttpContext context)
   at Microsoft.AspNetCore.Diagnostics.DeveloperExceptionPageMiddlewareImpl.Invoke(HttpContext context)
2026-04-27 19:08:28.766 +03:00 [WRN] The response has already started, the error page middleware will not be executed.
2026-04-27 19:08:28.767 +03:00 [ERR] Connection id "0HNL4ESL8T8ES", Request id "0HNL4ESL8T8ES:0000000B": An unhandled exception was thrown by the application.
System.InvalidOperationException: This SqlTransaction has completed; it is no longer usable.
   at Microsoft.Data.SqlClient.SqlTransaction.ZombieCheck()
   at Microsoft.Data.SqlClient.SqlTransaction.Rollback()
   at System.Data.Common.DbTransaction.RollbackAsync(CancellationToken cancellationToken)
--- End of stack trace from previous location ---
   at Microsoft.EntityFrameworkCore.Storage.RelationalTransaction.RollbackAsync(CancellationToken cancellationToken)
   at Microsoft.EntityFrameworkCore.Storage.RelationalTransaction.RollbackAsync(CancellationToken cancellationToken)
   at TransactionMiddleware.InvokeAsync(HttpContext context, RequestDelegate next) in C:\Users\HP\source\repos\InternshipMatcher\src\InternshipMatcher.API\Middlewares\TransactionMiddleware.cs:line 32
   at Microsoft.AspNetCore.Builder.UseMiddlewareExtensions.InterfaceMiddlewareBinder.<>c__DisplayClass2_0.<<CreateMiddleware>b__0>d.MoveNext()
--- End of stack trace from previous location ---
   at Microsoft.AspNetCore.ResponseCompression.ResponseCompressionMiddleware.InvokeCore(HttpContext context)
   at Prometheus.HttpMetrics.HttpRequestDurationMiddleware.Invoke(HttpContext context)
   at Prometheus.HttpMetrics.HttpRequestCountMiddleware.Invoke(HttpContext context)
   at Prometheus.HttpMetrics.HttpInProgressMiddleware.Invoke(HttpContext context)
   at Microsoft.AspNetCore.Diagnostics.DeveloperExceptionPageMiddlewareImpl.Invoke(HttpContext context)
   at Microsoft.AspNetCore.Diagnostics.DeveloperExceptionPageMiddlewareImpl.Invoke(HttpContext context)
   at Microsoft.WebTools.BrowserLink.Net.BrowserLinkMiddleware.InvokeAsync(HttpContext context)
   at Microsoft.AspNetCore.Watch.BrowserRefresh.BrowserRefreshMiddleware.InvokeAsync(HttpContext context) in /_3/BrowserRefreshMiddleware.cs:line 84
   at Microsoft.AspNetCore.Server.Kestrel.Core.Internal.Http.HttpProtocol.ProcessRequests[TContext](IHttpApplication`1 application)
2026-04-27 19:08:28.772 +03:00 [INF] Request finished HTTP/2 POST https://localhost:7102/v1/users/regiseration - 200 null application/json; charset=utf-8 47.4832ms
2026-04-27 19:11:58.985 +03:00 [INF] User profile is available. Using 'C:\Users\HP\AppData\Local\ASP.NET\DataProtection-Keys' as key repository and Windows DPAPI to encrypt keys at rest.
2026-04-27 19:11:59.391 +03:00 [INF] Now listening on: https://localhost:7102
2026-04-27 19:11:59.393 +03:00 [INF] Now listening on: http://localhost:5119
2026-04-27 19:11:59.438 +03:00 [INF] Application started. Press Ctrl+C to shut down.
2026-04-27 19:11:59.440 +03:00 [INF] Hosting environment: Development
2026-04-27 19:11:59.441 +03:00 [INF] Content root path: C:\Users\HP\source\repos\InternshipMatcher\src\InternshipMatcher.API
2026-04-27 19:12:04.092 +03:00 [INF] Request starting HTTP/2 GET https://localhost:7102/swagger/index.html - null null
2026-04-27 19:12:04.502 +03:00 [WRN] Unable to configure Browser Link script injection on the response. 
2026-04-27 19:12:04.520 +03:00 [INF] Request finished HTTP/2 GET https://localhost:7102/swagger/index.html - 200 null text/html;charset=utf-8 436.264ms
2026-04-27 19:12:04.531 +03:00 [INF] Request starting HTTP/2 GET https://localhost:7102/swagger/index.js - null null
2026-04-27 19:12:04.534 +03:00 [INF] Request starting HTTP/2 GET https://localhost:7102/_framework/aspnetcore-browser-refresh.js - null null
2026-04-27 19:12:04.557 +03:00 [INF] Request finished HTTP/2 GET https://localhost:7102/_framework/aspnetcore-browser-refresh.js - 200 14946 application/javascript; charset=utf-8 23.4367ms
2026-04-27 19:12:04.560 +03:00 [INF] Request finished HTTP/2 GET https://localhost:7102/swagger/index.js - 200 null application/javascript;charset=utf-8 28.7019ms
2026-04-27 19:12:04.599 +03:00 [INF] Request starting HTTP/2 GET https://localhost:7102/swagger/v1/swagger.json - null null
2026-04-27 19:12:04.668 +03:00 [INF] Request finished HTTP/2 GET https://localhost:7102/swagger/v1/swagger.json - 200 null application/json;charset=utf-8 69.2877ms
2026-04-27 19:12:14.162 +03:00 [INF] Request starting HTTP/2 POST https://localhost:7102/v1/users/regiseration - application/json 142
2026-04-27 19:12:15.044 +03:00 [INF] CORS policy execution failed.
2026-04-27 19:12:15.046 +03:00 [INF] Request origin https://localhost:7102 does not have permission to access the resource.
2026-04-27 19:12:15.050 +03:00 [INF] Executing endpoint 'HTTP: POST /v1/users/regiseration'
2026-04-27 19:12:15.079 +03:00 [WRN] You do not have a valid license key for the Lucky Penny software MediatR. This is allowed for development and testing scenarios. If you are running in production you are required to have a licensed version. Please visit https://luckypennysoftware.com to obtain a valid license.
2026-04-27 19:12:22.438 +03:00 [INF] Executed DbCommand (45ms) [Parameters=[@request_DTO_Email='?' (Size = 255)], CommandType='"Text"', CommandTimeout='30']
SELECT TOP(1) [u].[ID], [u].[DateOfBirth], [u].[Email], [u].[FirstName], [u].[IsActive], [u].[IsDeleted], [u].[LastName], [u].[Password], [u].[RefreshToken], [u].[RememberMe], [u].[Role]
FROM [Users] AS [u]
WHERE [u].[IsDeleted] = CAST(0 AS bit) AND [u].[IsActive] = CAST(1 AS bit) AND [u].[Email] = @request_DTO_Email
2026-04-27 19:12:22.446 +03:00 [INF] Executed endpoint 'HTTP: POST /v1/users/regiseration'
2026-04-27 19:12:24.309 +03:00 [INF] Request finished HTTP/2 POST https://localhost:7102/v1/users/regiseration - 200 null application/json; charset=utf-8 10147.2335ms
2026-04-27 19:12:30.892 +03:00 [INF] Request starting HTTP/2 GET https://localhost:7102/.well-known/appspecific/com.chrome.devtools.json - null null
2026-04-27 19:12:30.897 +03:00 [INF] Request finished HTTP/2 GET https://localhost:7102/.well-known/appspecific/com.chrome.devtools.json - 404 0 null 4.9783ms
2026-04-27 19:12:30.901 +03:00 [INF] Request reached the end of the middleware pipeline without being handled by application code. Request path: GET https://localhost:7102/.well-known/appspecific/com.chrome.devtools.json, Response status code: 404
2026-04-27 19:20:01.835 +03:00 [INF] User profile is available. Using 'C:\Users\HP\AppData\Local\ASP.NET\DataProtection-Keys' as key repository and Windows DPAPI to encrypt keys at rest.
2026-04-27 19:20:02.348 +03:00 [INF] Now listening on: https://localhost:7102
2026-04-27 19:20:02.350 +03:00 [INF] Now listening on: http://localhost:5119
2026-04-27 19:20:02.401 +03:00 [INF] Application started. Press Ctrl+C to shut down.
2026-04-27 19:20:02.402 +03:00 [INF] Hosting environment: Development
2026-04-27 19:20:02.403 +03:00 [INF] Content root path: C:\Users\HP\source\repos\InternshipMatcher\src\InternshipMatcher.API
2026-04-27 19:20:15.934 +03:00 [INF] Request starting HTTP/2 POST https://localhost:7102/v1/users/regiseration - application/json 142
2026-04-27 19:20:16.996 +03:00 [INF] CORS policy execution failed.
2026-04-27 19:20:17.000 +03:00 [INF] Request origin https://localhost:7102 does not have permission to access the resource.
2026-04-27 19:20:17.072 +03:00 [INF] Executing endpoint 'HTTP: POST /v1/users/regiseration'
2026-04-27 19:20:17.095 +03:00 [WRN] You do not have a valid license key for the Lucky Penny software MediatR. This is allowed for development and testing scenarios. If you are running in production you are required to have a licensed version. Please visit https://luckypennysoftware.com to obtain a valid license.
2026-04-27 19:20:22.067 +03:00 [INF] Executed DbCommand (50ms) [Parameters=[@request_DTO_Email='?' (Size = 255)], CommandType='"Text"', CommandTimeout='30']
SELECT TOP(1) [u].[ID], [u].[DateOfBirth], [u].[Email], [u].[FirstName], [u].[IsActive], [u].[IsDeleted], [u].[LastName], [u].[Password], [u].[RefreshToken], [u].[RememberMe], [u].[Role]
FROM [Users] AS [u]
WHERE [u].[IsDeleted] = CAST(0 AS bit) AND [u].[IsActive] = CAST(1 AS bit) AND [u].[Email] = @request_DTO_Email
2026-04-27 19:20:22.087 +03:00 [INF] Executed endpoint 'HTTP: POST /v1/users/regiseration'
2026-04-27 19:20:23.862 +03:00 [INF] Request finished HTTP/2 POST https://localhost:7102/v1/users/regiseration - 200 null application/json; charset=utf-8 7935.5227ms
2026-04-27 19:20:36.737 +03:00 [INF] Request starting HTTP/2 GET https://localhost:7102/swagger/index.html - null null
2026-04-27 19:20:36.835 +03:00 [WRN] Unable to configure Browser Link script injection on the response. 
2026-04-27 19:20:36.843 +03:00 [INF] Request finished HTTP/2 GET https://localhost:7102/swagger/index.html - 200 null text/html;charset=utf-8 106.2315ms
2026-04-27 19:20:36.867 +03:00 [INF] Request starting HTTP/2 GET https://localhost:7102/_framework/aspnetcore-browser-refresh.js - null null
2026-04-27 19:20:36.867 +03:00 [INF] Request starting HTTP/2 GET https://localhost:7102/swagger/index.js - null null
2026-04-27 19:20:36.884 +03:00 [INF] Request finished HTTP/2 GET https://localhost:7102/_framework/aspnetcore-browser-refresh.js - 200 14946 application/javascript; charset=utf-8 17.0546ms
2026-04-27 19:20:36.885 +03:00 [INF] Request finished HTTP/2 GET https://localhost:7102/swagger/index.js - 200 null application/javascript;charset=utf-8 18.443ms
2026-04-27 19:20:36.950 +03:00 [INF] Request starting HTTP/2 GET https://localhost:7102/swagger/v1/swagger.json - null null
2026-04-27 19:20:36.975 +03:00 [INF] Request finished HTTP/2 GET https://localhost:7102/swagger/v1/swagger.json - 200 null application/json;charset=utf-8 24.6107ms
2026-04-27 19:20:47.943 +03:00 [INF] Request starting HTTP/2 POST https://localhost:7102/v1/users/regiseration - application/json 142
2026-04-27 19:20:47.962 +03:00 [INF] CORS policy execution failed.
2026-04-27 19:20:47.967 +03:00 [INF] Request origin https://localhost:7102 does not have permission to access the resource.
2026-04-27 19:20:47.969 +03:00 [INF] Executing endpoint 'HTTP: POST /v1/users/regiseration'
2026-04-27 19:20:51.944 +03:00 [INF] Executed DbCommand (19ms) [Parameters=[@request_DTO_Email='?' (Size = 255)], CommandType='"Text"', CommandTimeout='30']
SELECT TOP(1) [u].[ID], [u].[DateOfBirth], [u].[Email], [u].[FirstName], [u].[IsActive], [u].[IsDeleted], [u].[LastName], [u].[Password], [u].[RefreshToken], [u].[RememberMe], [u].[Role]
FROM [Users] AS [u]
WHERE [u].[IsDeleted] = CAST(0 AS bit) AND [u].[IsActive] = CAST(1 AS bit) AND [u].[Email] = @request_DTO_Email
2026-04-27 19:20:51.944 +03:00 [INF] Executed endpoint 'HTTP: POST /v1/users/regiseration'
2026-04-27 19:20:54.483 +03:00 [INF] Request finished HTTP/2 POST https://localhost:7102/v1/users/regiseration - 200 null application/json; charset=utf-8 6540.4186ms
2026-04-27 19:21:55.703 +03:00 [INF] User profile is available. Using 'C:\Users\HP\AppData\Local\ASP.NET\DataProtection-Keys' as key repository and Windows DPAPI to encrypt keys at rest.
2026-04-27 19:21:56.267 +03:00 [INF] Now listening on: https://localhost:7102
2026-04-27 19:21:56.269 +03:00 [INF] Now listening on: http://localhost:5119
2026-04-27 19:21:56.326 +03:00 [INF] Application started. Press Ctrl+C to shut down.
2026-04-27 19:21:56.328 +03:00 [INF] Hosting environment: Development
2026-04-27 19:21:56.329 +03:00 [INF] Content root path: C:\Users\HP\source\repos\InternshipMatcher\src\InternshipMatcher.API
2026-04-27 19:21:56.972 +03:00 [INF] Request starting HTTP/2 GET https://localhost:7102/swagger/index.html - null null
2026-04-27 19:21:57.382 +03:00 [WRN] Unable to configure Browser Link script injection on the response. 
2026-04-27 19:21:57.398 +03:00 [INF] Request finished HTTP/2 GET https://localhost:7102/swagger/index.html - 200 null text/html;charset=utf-8 429.0294ms
2026-04-27 19:21:57.409 +03:00 [INF] Request starting HTTP/2 GET https://localhost:7102/swagger/index.js - null null
2026-04-27 19:21:57.409 +03:00 [INF] Request starting HTTP/2 GET https://localhost:7102/_framework/aspnetcore-browser-refresh.js - null null
2026-04-27 19:21:57.468 +03:00 [INF] Request finished HTTP/2 GET https://localhost:7102/_framework/aspnetcore-browser-refresh.js - 200 14946 application/javascript; charset=utf-8 58.8599ms
2026-04-27 19:21:57.472 +03:00 [INF] Request finished HTTP/2 GET https://localhost:7102/swagger/index.js - 200 null application/javascript;charset=utf-8 62.8665ms
2026-04-27 19:21:57.507 +03:00 [INF] Request starting HTTP/2 GET https://localhost:7102/swagger/v1/swagger.json - null null
2026-04-27 19:21:57.548 +03:00 [INF] Request finished HTTP/2 GET https://localhost:7102/swagger/v1/swagger.json - 200 null application/json;charset=utf-8 41.1498ms
2026-04-27 19:22:05.683 +03:00 [INF] Request starting HTTP/2 POST https://localhost:7102/v1/users/regiseration - application/json 142
2026-04-27 19:22:06.564 +03:00 [INF] CORS policy execution failed.
2026-04-27 19:22:06.566 +03:00 [INF] Request origin https://localhost:7102 does not have permission to access the resource.
2026-04-27 19:22:06.569 +03:00 [INF] Executing endpoint 'HTTP: POST /v1/users/regiseration'
2026-04-27 19:22:06.596 +03:00 [WRN] You do not have a valid license key for the Lucky Penny software MediatR. This is allowed for development and testing scenarios. If you are running in production you are required to have a licensed version. Please visit https://luckypennysoftware.com to obtain a valid license.
2026-04-27 19:22:11.370 +03:00 [INF] Executed DbCommand (44ms) [Parameters=[@request_DTO_Email='?' (Size = 255)], CommandType='"Text"', CommandTimeout='30']
SELECT TOP(1) [u].[ID], [u].[DateOfBirth], [u].[Email], [u].[FirstName], [u].[IsActive], [u].[IsDeleted], [u].[LastName], [u].[Password], [u].[RefreshToken], [u].[RememberMe], [u].[Role]
FROM [Users] AS [u]
WHERE [u].[IsDeleted] = CAST(0 AS bit) AND [u].[IsActive] = CAST(1 AS bit) AND [u].[Email] = @request_DTO_Email
2026-04-27 19:22:11.375 +03:00 [INF] Executed endpoint 'HTTP: POST /v1/users/regiseration'
2026-04-27 19:22:14.955 +03:00 [INF] Request finished HTTP/2 POST https://localhost:7102/v1/users/regiseration - 200 null application/json; charset=utf-8 9271.2792ms
2026-04-27 19:23:58.626 +03:00 [INF] User profile is available. Using 'C:\Users\HP\AppData\Local\ASP.NET\DataProtection-Keys' as key repository and Windows DPAPI to encrypt keys at rest.
2026-04-27 19:23:59.124 +03:00 [INF] Now listening on: https://localhost:7102
2026-04-27 19:23:59.126 +03:00 [INF] Now listening on: http://localhost:5119
2026-04-27 19:23:59.316 +03:00 [INF] Application started. Press Ctrl+C to shut down.
2026-04-27 19:23:59.317 +03:00 [INF] Hosting environment: Development
2026-04-27 19:23:59.318 +03:00 [INF] Content root path: C:\Users\HP\source\repos\InternshipMatcher\src\InternshipMatcher.API
2026-04-27 19:24:02.400 +03:00 [INF] Request starting HTTP/2 GET https://localhost:7102/swagger/index.html - null null
2026-04-27 19:24:02.769 +03:00 [WRN] Unable to configure Browser Link script injection on the response. 
2026-04-27 19:24:02.787 +03:00 [INF] Request finished HTTP/2 GET https://localhost:7102/swagger/index.html - 200 null text/html;charset=utf-8 391.7411ms
2026-04-27 19:24:02.804 +03:00 [INF] Request starting HTTP/2 GET https://localhost:7102/swagger/index.js - null null
2026-04-27 19:24:02.804 +03:00 [INF] Request starting HTTP/2 GET https://localhost:7102/_framework/aspnetcore-browser-refresh.js - null null
2026-04-27 19:24:02.826 +03:00 [INF] Request finished HTTP/2 GET https://localhost:7102/_framework/aspnetcore-browser-refresh.js - 200 14946 application/javascript; charset=utf-8 21.9455ms
2026-04-27 19:24:02.827 +03:00 [INF] Request finished HTTP/2 GET https://localhost:7102/swagger/index.js - 200 null application/javascript;charset=utf-8 23.9475ms
2026-04-27 19:24:02.879 +03:00 [INF] Request starting HTTP/2 GET https://localhost:7102/swagger/v1/swagger.json - null null
2026-04-27 19:24:02.926 +03:00 [INF] Request finished HTTP/2 GET https://localhost:7102/swagger/v1/swagger.json - 200 null application/json;charset=utf-8 46.7188ms
2026-04-27 19:24:12.489 +03:00 [INF] Request starting HTTP/2 POST https://localhost:7102/v1/users/regiseration - application/json 142
2026-04-27 19:24:13.310 +03:00 [INF] CORS policy execution failed.
2026-04-27 19:24:13.312 +03:00 [INF] Request origin https://localhost:7102 does not have permission to access the resource.
2026-04-27 19:24:13.317 +03:00 [INF] Executing endpoint 'HTTP: POST /v1/users/regiseration'
2026-04-27 19:24:13.342 +03:00 [WRN] You do not have a valid license key for the Lucky Penny software MediatR. This is allowed for development and testing scenarios. If you are running in production you are required to have a licensed version. Please visit https://luckypennysoftware.com to obtain a valid license.
2026-04-27 19:24:18.390 +03:00 [INF] Executed DbCommand (27ms) [Parameters=[@request_DTO_Email='?' (Size = 255)], CommandType='"Text"', CommandTimeout='30']
SELECT TOP(1) [u].[ID], [u].[DateOfBirth], [u].[Email], [u].[FirstName], [u].[IsActive], [u].[IsDeleted], [u].[LastName], [u].[Password], [u].[RefreshToken], [u].[RememberMe], [u].[Role]
FROM [Users] AS [u]
WHERE [u].[IsDeleted] = CAST(0 AS bit) AND [u].[IsActive] = CAST(1 AS bit) AND [u].[Email] = @request_DTO_Email
2026-04-27 19:24:18.394 +03:00 [INF] Executed endpoint 'HTTP: POST /v1/users/regiseration'
2026-04-27 19:24:18.417 +03:00 [INF] Request finished HTTP/2 POST https://localhost:7102/v1/users/regiseration - 200 null application/json; charset=utf-8 5928.1984ms
2026-04-27 19:26:43.601 +03:00 [INF] User profile is available. Using 'C:\Users\HP\AppData\Local\ASP.NET\DataProtection-Keys' as key repository and Windows DPAPI to encrypt keys at rest.
2026-04-27 19:26:44.060 +03:00 [INF] Now listening on: https://localhost:7102
2026-04-27 19:26:44.062 +03:00 [INF] Now listening on: http://localhost:5119
2026-04-27 19:26:44.237 +03:00 [INF] Application started. Press Ctrl+C to shut down.
2026-04-27 19:26:44.238 +03:00 [INF] Hosting environment: Development
2026-04-27 19:26:44.240 +03:00 [INF] Content root path: C:\Users\HP\source\repos\InternshipMatcher\src\InternshipMatcher.API
2026-04-27 19:26:56.238 +03:00 [INF] Request starting HTTP/2 GET https://localhost:7102/swagger/index.html - null null
2026-04-27 19:26:56.705 +03:00 [WRN] Unable to configure Browser Link script injection on the response. 
2026-04-27 19:26:56.720 +03:00 [INF] Request finished HTTP/2 GET https://localhost:7102/swagger/index.html - 200 null text/html;charset=utf-8 488.7091ms
2026-04-27 19:26:56.735 +03:00 [INF] Request starting HTTP/2 GET https://localhost:7102/swagger/index.js - null null
2026-04-27 19:26:56.735 +03:00 [INF] Request starting HTTP/2 GET https://localhost:7102/_framework/aspnetcore-browser-refresh.js - null null
2026-04-27 19:26:56.751 +03:00 [INF] Request finished HTTP/2 GET https://localhost:7102/_framework/aspnetcore-browser-refresh.js - 200 14946 application/javascript; charset=utf-8 16.9019ms
2026-04-27 19:26:56.756 +03:00 [INF] Request finished HTTP/2 GET https://localhost:7102/swagger/index.js - 200 null application/javascript;charset=utf-8 21.7866ms
2026-04-27 19:26:56.812 +03:00 [INF] Request starting HTTP/2 GET https://localhost:7102/swagger/v1/swagger.json - null null
2026-04-27 19:26:56.844 +03:00 [INF] Request finished HTTP/2 GET https://localhost:7102/swagger/v1/swagger.json - 200 null application/json;charset=utf-8 31.6437ms
2026-04-27 19:27:06.441 +03:00 [INF] Request starting HTTP/2 POST https://localhost:7102/v1/users/regiseration - application/json 142
2026-04-27 19:27:07.331 +03:00 [INF] CORS policy execution failed.
2026-04-27 19:27:07.334 +03:00 [INF] Request origin https://localhost:7102 does not have permission to access the resource.
2026-04-27 19:27:07.338 +03:00 [INF] Executing endpoint 'HTTP: POST /v1/users/regiseration'
2026-04-27 19:27:07.366 +03:00 [WRN] You do not have a valid license key for the Lucky Penny software MediatR. This is allowed for development and testing scenarios. If you are running in production you are required to have a licensed version. Please visit https://luckypennysoftware.com to obtain a valid license.
2026-04-27 19:27:11.017 +03:00 [INF] Executed DbCommand (30ms) [Parameters=[@request_DTO_Email='?' (Size = 255)], CommandType='"Text"', CommandTimeout='30']
SELECT TOP(1) [u].[ID], [u].[DateOfBirth], [u].[Email], [u].[FirstName], [u].[IsActive], [u].[IsDeleted], [u].[LastName], [u].[Password], [u].[RefreshToken], [u].[RememberMe], [u].[Role]
FROM [Users] AS [u]
WHERE [u].[IsDeleted] = CAST(0 AS bit) AND [u].[IsActive] = CAST(1 AS bit) AND [u].[Email] = @request_DTO_Email
2026-04-27 19:27:11.020 +03:00 [INF] Executed endpoint 'HTTP: POST /v1/users/regiseration'
2026-04-27 19:27:11.046 +03:00 [INF] Request finished HTTP/2 POST https://localhost:7102/v1/users/regiseration - 200 null application/json; charset=utf-8 4604.9201ms
2026-04-27 19:44:27.198 +03:00 [INF] User profile is available. Using 'C:\Users\HP\AppData\Local\ASP.NET\DataProtection-Keys' as key repository and Windows DPAPI to encrypt keys at rest.
2026-04-27 19:44:27.624 +03:00 [INF] Now listening on: https://localhost:7102
2026-04-27 19:44:27.626 +03:00 [INF] Now listening on: http://localhost:5119
2026-04-27 19:44:27.802 +03:00 [INF] Application started. Press Ctrl+C to shut down.
2026-04-27 19:44:27.804 +03:00 [INF] Hosting environment: Development
2026-04-27 19:44:27.805 +03:00 [INF] Content root path: C:\Users\HP\source\repos\InternshipMatcher\src\InternshipMatcher.API
2026-04-27 19:44:56.018 +03:00 [INF] Request starting HTTP/2 GET https://localhost:7102/swagger/index.html - null null
2026-04-27 19:44:56.367 +03:00 [WRN] Unable to configure Browser Link script injection on the response. 
2026-04-27 19:44:56.381 +03:00 [INF] Request finished HTTP/2 GET https://localhost:7102/swagger/index.html - 200 null text/html;charset=utf-8 368.3212ms
2026-04-27 19:44:56.399 +03:00 [INF] Request starting HTTP/2 GET https://localhost:7102/_framework/aspnetcore-browser-refresh.js - null null
2026-04-27 19:44:56.399 +03:00 [INF] Request starting HTTP/2 GET https://localhost:7102/swagger/index.js - null null
2026-04-27 19:44:56.426 +03:00 [INF] Request finished HTTP/2 GET https://localhost:7102/_framework/aspnetcore-browser-refresh.js - 200 14946 application/javascript; charset=utf-8 26.9707ms
2026-04-27 19:44:56.440 +03:00 [INF] Request finished HTTP/2 GET https://localhost:7102/swagger/index.js - 200 null application/javascript;charset=utf-8 41.2816ms
2026-04-27 19:44:56.478 +03:00 [INF] Request starting HTTP/2 GET https://localhost:7102/swagger/v1/swagger.json - null null
2026-04-27 19:44:56.507 +03:00 [INF] Request finished HTTP/2 GET https://localhost:7102/swagger/v1/swagger.json - 200 null application/json;charset=utf-8 28.8374ms
2026-04-27 19:45:07.073 +03:00 [INF] Request starting HTTP/2 POST https://localhost:7102/v1/users/regiseration - application/json 142
2026-04-27 19:45:07.963 +03:00 [INF] CORS policy execution failed.
2026-04-27 19:45:07.964 +03:00 [INF] Request origin https://localhost:7102 does not have permission to access the resource.
2026-04-27 19:45:07.969 +03:00 [INF] Executing endpoint 'HTTP: POST /v1/users/regiseration'
2026-04-27 19:45:07.997 +03:00 [WRN] You do not have a valid license key for the Lucky Penny software MediatR. This is allowed for development and testing scenarios. If you are running in production you are required to have a licensed version. Please visit https://luckypennysoftware.com to obtain a valid license.
2026-04-27 19:45:13.942 +03:00 [INF] Executed DbCommand (48ms) [Parameters=[@request_DTO_Email='?' (Size = 255)], CommandType='"Text"', CommandTimeout='30']
SELECT TOP(1) [u].[ID], [u].[DateOfBirth], [u].[Email], [u].[FirstName], [u].[IsActive], [u].[IsDeleted], [u].[LastName], [u].[Password], [u].[RefreshToken], [u].[RememberMe], [u].[Role]
FROM [Users] AS [u]
WHERE [u].[IsDeleted] = CAST(0 AS bit) AND [u].[IsActive] = CAST(1 AS bit) AND [u].[Email] = @request_DTO_Email
2026-04-27 19:45:13.945 +03:00 [INF] Executed endpoint 'HTTP: POST /v1/users/regiseration'
2026-04-27 19:45:16.173 +03:00 [INF] Request finished HTTP/2 POST https://localhost:7102/v1/users/regiseration - 200 null application/json; charset=utf-8 9099.5247ms
2026-04-27 20:02:16.577 +03:00 [INF] User profile is available. Using 'C:\Users\HP\AppData\Local\ASP.NET\DataProtection-Keys' as key repository and Windows DPAPI to encrypt keys at rest.
2026-04-27 20:02:17.049 +03:00 [INF] Now listening on: https://localhost:7102
2026-04-27 20:02:17.051 +03:00 [INF] Now listening on: http://localhost:5119
2026-04-27 20:02:17.103 +03:00 [INF] Application started. Press Ctrl+C to shut down.
2026-04-27 20:02:17.104 +03:00 [INF] Hosting environment: Development
2026-04-27 20:02:17.106 +03:00 [INF] Content root path: C:\Users\HP\source\repos\InternshipMatcher\src\InternshipMatcher.API
2026-04-27 20:02:17.202 +03:00 [INF] Request starting HTTP/2 GET https://localhost:7102/swagger/index.html - null null
2026-04-27 20:02:17.566 +03:00 [WRN] Unable to configure Browser Link script injection on the response. 
2026-04-27 20:02:17.601 +03:00 [INF] Request starting HTTP/2 GET https://localhost:7102/swagger/index.js - null null
2026-04-27 20:02:17.601 +03:00 [INF] Request starting HTTP/2 GET https://localhost:7102/_framework/aspnetcore-browser-refresh.js - null null
2026-04-27 20:02:17.630 +03:00 [INF] Request finished HTTP/2 GET https://localhost:7102/_framework/aspnetcore-browser-refresh.js - 200 14946 application/javascript; charset=utf-8 26.531ms
2026-04-27 20:02:17.641 +03:00 [INF] Request finished HTTP/2 GET https://localhost:7102/swagger/index.html - 200 null text/html;charset=utf-8 449.3309ms
2026-04-27 20:02:17.643 +03:00 [INF] Request finished HTTP/2 GET https://localhost:7102/swagger/index.js - 200 null application/javascript;charset=utf-8 42.4694ms
2026-04-27 20:02:17.689 +03:00 [INF] Request starting HTTP/2 GET https://localhost:7102/swagger/v1/swagger.json - null null
2026-04-27 20:02:17.752 +03:00 [INF] Request finished HTTP/2 GET https://localhost:7102/swagger/v1/swagger.json - 200 null application/json;charset=utf-8 62.627ms
2026-04-27 20:03:12.060 +03:00 [INF] Request starting HTTP/2 POST https://localhost:7102/v1/users/regiseration - application/json 130
2026-04-27 20:03:12.984 +03:00 [INF] CORS policy execution failed.
2026-04-27 20:03:12.986 +03:00 [INF] Request origin https://localhost:7102 does not have permission to access the resource.
2026-04-27 20:03:12.991 +03:00 [INF] Executing endpoint 'HTTP: POST /v1/users/regiseration'
2026-04-27 20:03:13.018 +03:00 [WRN] You do not have a valid license key for the Lucky Penny software MediatR. This is allowed for development and testing scenarios. If you are running in production you are required to have a licensed version. Please visit https://luckypennysoftware.com to obtain a valid license.
2026-04-27 20:03:17.765 +03:00 [INF] Executed DbCommand (54ms) [Parameters=[@request_DTO_Email='?' (Size = 255)], CommandType='"Text"', CommandTimeout='30']
SELECT TOP(1) [u].[ID], [u].[DateOfBirth], [u].[Email], [u].[FirstName], [u].[IsActive], [u].[IsDeleted], [u].[LastName], [u].[Password], [u].[RefreshToken], [u].[RememberMe], [u].[Role]
FROM [Users] AS [u]
WHERE [u].[IsDeleted] = CAST(0 AS bit) AND [u].[IsActive] = CAST(1 AS bit) AND [u].[Email] = @request_DTO_Email
2026-04-27 20:03:17.768 +03:00 [INF] Executed endpoint 'HTTP: POST /v1/users/regiseration'
2026-04-27 20:03:19.450 +03:00 [INF] Request finished HTTP/2 POST https://localhost:7102/v1/users/regiseration - 200 null application/json; charset=utf-8 7389.5608ms
2026-04-27 20:04:54.168 +03:00 [INF] User profile is available. Using 'C:\Users\HP\AppData\Local\ASP.NET\DataProtection-Keys' as key repository and Windows DPAPI to encrypt keys at rest.
2026-04-27 20:04:54.641 +03:00 [INF] Now listening on: https://localhost:7102
2026-04-27 20:04:54.643 +03:00 [INF] Now listening on: http://localhost:5119
2026-04-27 20:04:54.693 +03:00 [INF] Application started. Press Ctrl+C to shut down.
2026-04-27 20:04:54.694 +03:00 [INF] Hosting environment: Development
2026-04-27 20:04:54.695 +03:00 [INF] Content root path: C:\Users\HP\source\repos\InternshipMatcher\src\InternshipMatcher.API
2026-04-27 20:04:59.037 +03:00 [INF] Request starting HTTP/2 GET https://localhost:7102/swagger/index.html - null null
2026-04-27 20:04:59.393 +03:00 [WRN] Unable to configure Browser Link script injection on the response. 
2026-04-27 20:04:59.432 +03:00 [INF] Request starting HTTP/2 GET https://localhost:7102/swagger/index.js - null null
2026-04-27 20:04:59.432 +03:00 [INF] Request starting HTTP/2 GET https://localhost:7102/_framework/aspnetcore-browser-refresh.js - null null
2026-04-27 20:04:59.447 +03:00 [INF] Request finished HTTP/2 GET https://localhost:7102/swagger/index.html - 200 null text/html;charset=utf-8 410.0937ms
2026-04-27 20:04:59.473 +03:00 [INF] Request finished HTTP/2 GET https://localhost:7102/_framework/aspnetcore-browser-refresh.js - 200 14946 application/javascript; charset=utf-8 40.4605ms
2026-04-27 20:04:59.481 +03:00 [INF] Request finished HTTP/2 GET https://localhost:7102/swagger/index.js - 200 null application/javascript;charset=utf-8 49.366ms
2026-04-27 20:04:59.520 +03:00 [INF] Request starting HTTP/2 GET https://localhost:7102/swagger/v1/swagger.json - null null
2026-04-27 20:04:59.581 +03:00 [INF] Request finished HTTP/2 GET https://localhost:7102/swagger/v1/swagger.json - 200 null application/json;charset=utf-8 61.0921ms
2026-04-27 20:05:03.059 +03:00 [INF] Request starting HTTP/2 POST https://localhost:7102/v1/users/regiseration - application/json 130
2026-04-27 20:05:03.891 +03:00 [INF] CORS policy execution failed.
2026-04-27 20:05:03.893 +03:00 [INF] Request origin https://localhost:7102 does not have permission to access the resource.
2026-04-27 20:05:03.896 +03:00 [INF] Executing endpoint 'HTTP: POST /v1/users/regiseration'
2026-04-27 20:05:03.922 +03:00 [WRN] You do not have a valid license key for the Lucky Penny software MediatR. This is allowed for development and testing scenarios. If you are running in production you are required to have a licensed version. Please visit https://luckypennysoftware.com to obtain a valid license.
2026-04-27 20:05:08.312 +03:00 [INF] Executed DbCommand (43ms) [Parameters=[@request_DTO_Email='?' (Size = 255)], CommandType='"Text"', CommandTimeout='30']
SELECT TOP(1) [u].[ID], [u].[DateOfBirth], [u].[Email], [u].[FirstName], [u].[IsActive], [u].[IsDeleted], [u].[LastName], [u].[Password], [u].[RefreshToken], [u].[RememberMe], [u].[Role]
FROM [Users] AS [u]
WHERE [u].[IsDeleted] = CAST(0 AS bit) AND [u].[IsActive] = CAST(1 AS bit) AND [u].[Email] = @request_DTO_Email
2026-04-27 20:05:29.344 +03:00 [INF] Executed endpoint 'HTTP: POST /v1/users/regiseration'
2026-04-27 20:05:29.401 +03:00 [INF] Request finished HTTP/2 POST https://localhost:7102/v1/users/regiseration - 200 null application/json; charset=utf-8 26341.5114ms
2026-04-27 20:06:39.514 +03:00 [INF] Request starting HTTP/2 POST https://localhost:7102/v1/users/regiseration - application/json 130
2026-04-27 20:06:39.540 +03:00 [INF] CORS policy execution failed.
2026-04-27 20:06:39.541 +03:00 [INF] Request origin https://localhost:7102 does not have permission to access the resource.
2026-04-27 20:06:39.542 +03:00 [INF] Executing endpoint 'HTTP: POST /v1/users/regiseration'
2026-04-27 20:06:42.252 +03:00 [INF] Executed DbCommand (4ms) [Parameters=[@request_DTO_Email='?' (Size = 255)], CommandType='"Text"', CommandTimeout='30']
SELECT TOP(1) [u].[ID], [u].[DateOfBirth], [u].[Email], [u].[FirstName], [u].[IsActive], [u].[IsDeleted], [u].[LastName], [u].[Password], [u].[RefreshToken], [u].[RememberMe], [u].[Role]
FROM [Users] AS [u]
WHERE [u].[IsDeleted] = CAST(0 AS bit) AND [u].[IsActive] = CAST(1 AS bit) AND [u].[Email] = @request_DTO_Email
2026-04-27 20:06:43.546 +03:00 [INF] Executed endpoint 'HTTP: POST /v1/users/regiseration'
2026-04-27 20:06:43.553 +03:00 [INF] Request finished HTTP/2 POST https://localhost:7102/v1/users/regiseration - 200 null application/json; charset=utf-8 4039.479ms
2026-04-27 20:06:47.626 +03:00 [INF] Request starting HTTP/2 POST https://localhost:7102/v1/users/regiseration - application/json 130
2026-04-27 20:06:47.725 +03:00 [INF] CORS policy execution failed.
2026-04-27 20:06:47.726 +03:00 [INF] Request origin https://localhost:7102 does not have permission to access the resource.
2026-04-27 20:06:47.727 +03:00 [INF] Executing endpoint 'HTTP: POST /v1/users/regiseration'
2026-04-27 20:07:21.642 +03:00 [INF] User profile is available. Using 'C:\Users\HP\AppData\Local\ASP.NET\DataProtection-Keys' as key repository and Windows DPAPI to encrypt keys at rest.
2026-04-27 20:07:22.078 +03:00 [INF] Now listening on: https://localhost:7102
2026-04-27 20:07:22.081 +03:00 [INF] Now listening on: http://localhost:5119
2026-04-27 20:07:22.278 +03:00 [INF] Application started. Press Ctrl+C to shut down.
2026-04-27 20:07:22.281 +03:00 [INF] Hosting environment: Development
2026-04-27 20:07:22.282 +03:00 [INF] Content root path: C:\Users\HP\source\repos\InternshipMatcher\src\InternshipMatcher.API
2026-04-27 20:07:23.444 +03:00 [INF] Request starting HTTP/2 POST https://localhost:7102/v1/users/regiseration - application/json 130
2026-04-27 20:07:24.548 +03:00 [INF] CORS policy execution failed.
2026-04-27 20:07:24.550 +03:00 [INF] Request origin https://localhost:7102 does not have permission to access the resource.
2026-04-27 20:07:24.781 +03:00 [INF] Executing endpoint 'HTTP: POST /v1/users/regiseration'
2026-04-27 20:07:24.806 +03:00 [WRN] You do not have a valid license key for the Lucky Penny software MediatR. This is allowed for development and testing scenarios. If you are running in production you are required to have a licensed version. Please visit https://luckypennysoftware.com to obtain a valid license.
2026-04-27 20:07:29.448 +03:00 [INF] Executed DbCommand (48ms) [Parameters=[@request_DTO_Email='?' (Size = 255)], CommandType='"Text"', CommandTimeout='30']
SELECT TOP(1) [u].[ID], [u].[DateOfBirth], [u].[Email], [u].[FirstName], [u].[IsActive], [u].[IsDeleted], [u].[LastName], [u].[Password], [u].[RefreshToken], [u].[RememberMe], [u].[Role]
FROM [Users] AS [u]
WHERE [u].[IsDeleted] = CAST(0 AS bit) AND [u].[IsActive] = CAST(1 AS bit) AND [u].[Email] = @request_DTO_Email
2026-04-27 20:08:42.567 +03:00 [INF] Executed endpoint 'HTTP: POST /v1/users/regiseration'
2026-04-27 20:08:42.625 +03:00 [INF] Request finished HTTP/2 POST https://localhost:7102/v1/users/regiseration - 200 null application/json; charset=utf-8 79186.6934ms
2026-04-27 20:09:46.880 +03:00 [INF] Request starting HTTP/2 POST https://localhost:7102/v1/users/regiseration - application/json 130
2026-04-27 20:09:46.906 +03:00 [INF] CORS policy execution failed.
2026-04-27 20:09:46.907 +03:00 [INF] Request origin https://localhost:7102 does not have permission to access the resource.
2026-04-27 20:09:46.909 +03:00 [INF] Executing endpoint 'HTTP: POST /v1/users/regiseration'
2026-04-27 20:09:52.528 +03:00 [INF] Executed DbCommand (50ms) [Parameters=[@request_DTO_Email='?' (Size = 255)], CommandType='"Text"', CommandTimeout='30']
SELECT TOP(1) [u].[ID], [u].[DateOfBirth], [u].[Email], [u].[FirstName], [u].[IsActive], [u].[IsDeleted], [u].[LastName], [u].[Password], [u].[RefreshToken], [u].[RememberMe], [u].[Role]
FROM [Users] AS [u]
WHERE [u].[IsDeleted] = CAST(0 AS bit) AND [u].[IsActive] = CAST(1 AS bit) AND [u].[Email] = @request_DTO_Email
2026-04-27 20:10:08.236 +03:00 [INF] Executed endpoint 'HTTP: POST /v1/users/regiseration'
2026-04-27 20:10:08.254 +03:00 [INF] Request finished HTTP/2 POST https://localhost:7102/v1/users/regiseration - 200 null application/json; charset=utf-8 21374.6166ms
2026-04-27 20:10:13.356 +03:00 [INF] Request starting HTTP/2 GET https://localhost:7102/swagger/index.html - null null
2026-04-27 20:10:13.457 +03:00 [WRN] Unable to configure Browser Link script injection on the response. 
2026-04-27 20:10:13.468 +03:00 [INF] Request finished HTTP/2 GET https://localhost:7102/swagger/index.html - 200 null text/html;charset=utf-8 112.4454ms
2026-04-27 20:10:13.486 +03:00 [INF] Request starting HTTP/2 GET https://localhost:7102/_framework/aspnetcore-browser-refresh.js - null null
2026-04-27 20:10:13.486 +03:00 [INF] Request starting HTTP/2 GET https://localhost:7102/swagger/index.js - null null
2026-04-27 20:10:13.493 +03:00 [INF] Request finished HTTP/2 GET https://localhost:7102/swagger/index.js - 200 null application/javascript;charset=utf-8 7.1838ms
2026-04-27 20:10:13.499 +03:00 [INF] Request finished HTTP/2 GET https://localhost:7102/_framework/aspnetcore-browser-refresh.js - 200 14946 application/javascript; charset=utf-8 12.9803ms
2026-04-27 20:10:13.555 +03:00 [INF] Request starting HTTP/2 GET https://localhost:7102/swagger/v1/swagger.json - null null
2026-04-27 20:10:13.582 +03:00 [INF] Request finished HTTP/2 GET https://localhost:7102/swagger/v1/swagger.json - 200 null application/json;charset=utf-8 27.0058ms
2026-04-27 20:10:21.383 +03:00 [INF] Request starting HTTP/2 POST https://localhost:7102/v1/users/regiseration - application/json 130
2026-04-27 20:10:21.487 +03:00 [INF] CORS policy execution failed.
2026-04-27 20:10:21.488 +03:00 [INF] Request origin https://localhost:7102 does not have permission to access the resource.
2026-04-27 20:10:21.489 +03:00 [INF] Executing endpoint 'HTTP: POST /v1/users/regiseration'
2026-04-27 20:10:29.448 +03:00 [INF] Executed DbCommand (41ms) [Parameters=[@request_DTO_Email='?' (Size = 255)], CommandType='"Text"', CommandTimeout='30']
SELECT TOP(1) [u].[ID], [u].[DateOfBirth], [u].[Email], [u].[FirstName], [u].[IsActive], [u].[IsDeleted], [u].[LastName], [u].[Password], [u].[RefreshToken], [u].[RememberMe], [u].[Role]
FROM [Users] AS [u]
WHERE [u].[IsDeleted] = CAST(0 AS bit) AND [u].[IsActive] = CAST(1 AS bit) AND [u].[Email] = @request_DTO_Email
2026-04-27 20:13:34.513 +03:00 [INF] Executed endpoint 'HTTP: POST /v1/users/regiseration'
2026-04-27 20:14:05.828 +03:00 [WRN] Savepoints are disabled because Multiple Active Result Sets (MARS) is enabled. If 'SaveChanges' fails, then the transaction cannot be automatically rolled back to a known clean state. Instead, the transaction should be rolled back by the application before retrying 'SaveChanges'. See https://go.microsoft.com/fwlink/?linkid=2149338 for more information and examples. To identify the code which triggers this warning, call 'ConfigureWarnings(w => w.Throw(SqlServerEventId.SavepointsDisabledBecauseOfMARS))'.
2026-04-27 20:17:25.569 +03:00 [INF] User profile is available. Using 'C:\Users\HP\AppData\Local\ASP.NET\DataProtection-Keys' as key repository and Windows DPAPI to encrypt keys at rest.
2026-04-27 20:17:25.964 +03:00 [INF] Now listening on: https://localhost:7102
2026-04-27 20:17:25.966 +03:00 [INF] Now listening on: http://localhost:5119
2026-04-27 20:17:26.008 +03:00 [INF] Application started. Press Ctrl+C to shut down.
2026-04-27 20:17:26.011 +03:00 [INF] Hosting environment: Development
2026-04-27 20:17:26.012 +03:00 [INF] Content root path: C:\Users\HP\source\repos\InternshipMatcher\src\InternshipMatcher.API
2026-04-27 20:17:36.904 +03:00 [INF] Request starting HTTP/2 GET https://localhost:7102/swagger/index.html - null null
2026-04-27 20:17:37.265 +03:00 [WRN] Unable to configure Browser Link script injection on the response. 
2026-04-27 20:17:37.283 +03:00 [INF] Request finished HTTP/2 GET https://localhost:7102/swagger/index.html - 200 null text/html;charset=utf-8 385.4725ms
2026-04-27 20:17:37.295 +03:00 [INF] Request starting HTTP/2 GET https://localhost:7102/swagger/index.js - null null
2026-04-27 20:17:37.298 +03:00 [INF] Request starting HTTP/2 GET https://localhost:7102/_framework/aspnetcore-browser-refresh.js - null null
2026-04-27 20:17:37.317 +03:00 [INF] Request finished HTTP/2 GET https://localhost:7102/_framework/aspnetcore-browser-refresh.js - 200 14946 application/javascript; charset=utf-8 18.0734ms
2026-04-27 20:17:37.319 +03:00 [INF] Request finished HTTP/2 GET https://localhost:7102/swagger/index.js - 200 null application/javascript;charset=utf-8 24.3965ms
2026-04-27 20:17:37.378 +03:00 [INF] Request starting HTTP/2 GET https://localhost:7102/swagger/v1/swagger.json - null null
2026-04-27 20:17:37.436 +03:00 [INF] Request finished HTTP/2 GET https://localhost:7102/swagger/v1/swagger.json - 200 null application/json;charset=utf-8 58.1828ms
2026-04-27 20:17:41.220 +03:00 [INF] Request starting HTTP/2 POST https://localhost:7102/v1/users/regiseration - application/json 130
2026-04-27 20:17:42.079 +03:00 [INF] CORS policy execution failed.
2026-04-27 20:17:42.080 +03:00 [INF] Request origin https://localhost:7102 does not have permission to access the resource.
2026-04-27 20:17:42.084 +03:00 [INF] Executing endpoint 'HTTP: POST /v1/users/regiseration'
2026-04-27 20:17:42.106 +03:00 [WRN] You do not have a valid license key for the Lucky Penny software MediatR. This is allowed for development and testing scenarios. If you are running in production you are required to have a licensed version. Please visit https://luckypennysoftware.com to obtain a valid license.
2026-04-27 20:17:45.672 +03:00 [INF] Executed DbCommand (38ms) [Parameters=[@request_DTO_Email='?' (Size = 255)], CommandType='"Text"', CommandTimeout='30']
SELECT TOP(1) [u].[ID], [u].[DateOfBirth], [u].[Email], [u].[FirstName], [u].[IsActive], [u].[IsDeleted], [u].[LastName], [u].[Password], [u].[RefreshToken], [u].[RememberMe], [u].[Role]
FROM [Users] AS [u]
WHERE [u].[IsDeleted] = CAST(0 AS bit) AND [u].[IsActive] = CAST(1 AS bit) AND [u].[Email] = @request_DTO_Email
2026-04-27 20:18:12.286 +03:00 [INF] Executed endpoint 'HTTP: POST /v1/users/regiseration'
2026-04-27 20:18:12.317 +03:00 [INF] Request finished HTTP/2 POST https://localhost:7102/v1/users/regiseration - 200 null application/json; charset=utf-8 31097.0588ms
2026-04-27 20:21:51.221 +03:00 [INF] User profile is available. Using 'C:\Users\HP\AppData\Local\ASP.NET\DataProtection-Keys' as key repository and Windows DPAPI to encrypt keys at rest.
2026-04-27 20:21:51.634 +03:00 [INF] Now listening on: https://localhost:7102
2026-04-27 20:21:51.637 +03:00 [INF] Now listening on: http://localhost:5119
2026-04-27 20:21:51.809 +03:00 [INF] Application started. Press Ctrl+C to shut down.
2026-04-27 20:21:51.810 +03:00 [INF] Hosting environment: Development
2026-04-27 20:21:51.811 +03:00 [INF] Content root path: C:\Users\HP\source\repos\InternshipMatcher\src\InternshipMatcher.API
2026-04-27 20:22:11.640 +03:00 [INF] Request starting HTTP/2 GET https://localhost:7102/swagger/index.html - null null
2026-04-27 20:22:11.975 +03:00 [WRN] Unable to configure Browser Link script injection on the response. 
2026-04-27 20:22:11.987 +03:00 [INF] Request finished HTTP/2 GET https://localhost:7102/swagger/index.html - 200 null text/html;charset=utf-8 352.4439ms
2026-04-27 20:22:12.001 +03:00 [INF] Request starting HTTP/2 GET https://localhost:7102/swagger/index.js - null null
2026-04-27 20:22:12.001 +03:00 [INF] Request starting HTTP/2 GET https://localhost:7102/_framework/aspnetcore-browser-refresh.js - null null
2026-04-27 20:22:12.016 +03:00 [INF] Request finished HTTP/2 GET https://localhost:7102/_framework/aspnetcore-browser-refresh.js - 200 14946 application/javascript; charset=utf-8 15.0345ms
2026-04-27 20:22:12.020 +03:00 [INF] Request finished HTTP/2 GET https://localhost:7102/swagger/index.js - 200 null application/javascript;charset=utf-8 19.4289ms
2026-04-27 20:22:12.054 +03:00 [INF] Request starting HTTP/2 GET https://localhost:7102/swagger/v1/swagger.json - null null
2026-04-27 20:22:12.098 +03:00 [INF] Request finished HTTP/2 GET https://localhost:7102/swagger/v1/swagger.json - 200 null application/json;charset=utf-8 44.6529ms
2026-04-27 20:22:19.932 +03:00 [INF] Request starting HTTP/2 POST https://localhost:7102/v1/users/regiseration - application/json 130
2026-04-27 20:22:20.792 +03:00 [INF] CORS policy execution failed.
2026-04-27 20:22:20.795 +03:00 [INF] Request origin https://localhost:7102 does not have permission to access the resource.
2026-04-27 20:22:20.800 +03:00 [INF] Executing endpoint 'HTTP: POST /v1/users/regiseration'
2026-04-27 20:22:20.830 +03:00 [WRN] You do not have a valid license key for the Lucky Penny software MediatR. This is allowed for development and testing scenarios. If you are running in production you are required to have a licensed version. Please visit https://luckypennysoftware.com to obtain a valid license.
2026-04-27 20:22:30.364 +03:00 [INF] Executed DbCommand (50ms) [Parameters=[@request_DTO_Email='?' (Size = 255)], CommandType='"Text"', CommandTimeout='30']
SELECT TOP(1) [u].[ID], [u].[DateOfBirth], [u].[Email], [u].[FirstName], [u].[IsActive], [u].[IsDeleted], [u].[LastName], [u].[Password], [u].[RefreshToken], [u].[RememberMe], [u].[Role]
FROM [Users] AS [u]
WHERE [u].[IsDeleted] = CAST(0 AS bit) AND [u].[IsActive] = CAST(1 AS bit) AND [u].[Email] = @request_DTO_Email
2026-04-27 20:23:10.745 +03:00 [INF] Executed endpoint 'HTTP: POST /v1/users/regiseration'
2026-04-27 20:23:10.769 +03:00 [INF] Request finished HTTP/2 POST https://localhost:7102/v1/users/regiseration - 200 null application/json; charset=utf-8 50837.385ms
2026-04-27 20:31:29.892 +03:00 [INF] User profile is available. Using 'C:\Users\HP\AppData\Local\ASP.NET\DataProtection-Keys' as key repository and Windows DPAPI to encrypt keys at rest.
2026-04-27 20:31:30.374 +03:00 [INF] Now listening on: https://localhost:7102
2026-04-27 20:31:30.376 +03:00 [INF] Now listening on: http://localhost:5119
2026-04-27 20:31:30.568 +03:00 [INF] Application started. Press Ctrl+C to shut down.
2026-04-27 20:31:30.569 +03:00 [INF] Hosting environment: Development
2026-04-27 20:31:30.570 +03:00 [INF] Content root path: C:\Users\HP\source\repos\InternshipMatcher\src\InternshipMatcher.API
2026-04-27 20:32:20.492 +03:00 [INF] Request starting HTTP/2 GET https://localhost:7102/swagger/index.html - null null
2026-04-27 20:32:20.991 +03:00 [WRN] Unable to configure Browser Link script injection on the response. 
2026-04-27 20:32:21.007 +03:00 [INF] Request finished HTTP/2 GET https://localhost:7102/swagger/index.html - 200 null text/html;charset=utf-8 524.7073ms
2026-04-27 20:32:21.017 +03:00 [INF] Request starting HTTP/2 GET https://localhost:7102/swagger/index.js - null null
2026-04-27 20:32:21.017 +03:00 [INF] Request starting HTTP/2 GET https://localhost:7102/_framework/aspnetcore-browser-refresh.js - null null
2026-04-27 20:32:21.040 +03:00 [INF] Request finished HTTP/2 GET https://localhost:7102/_framework/aspnetcore-browser-refresh.js - 200 14946 application/javascript; charset=utf-8 23.0222ms
2026-04-27 20:32:21.042 +03:00 [INF] Request finished HTTP/2 GET https://localhost:7102/swagger/index.js - 200 null application/javascript;charset=utf-8 25.3909ms
2026-04-27 20:32:21.101 +03:00 [INF] Request starting HTTP/2 GET https://localhost:7102/swagger/v1/swagger.json - null null
2026-04-27 20:32:21.135 +03:00 [INF] Request finished HTTP/2 GET https://localhost:7102/swagger/v1/swagger.json - 200 null application/json;charset=utf-8 33.9486ms
2026-04-27 20:32:37.849 +03:00 [INF] Request starting HTTP/2 POST https://localhost:7102/v1/users/regiseration - application/json 130
2026-04-27 20:32:38.900 +03:00 [INF] CORS policy execution failed.
2026-04-27 20:32:38.901 +03:00 [INF] Request origin https://localhost:7102 does not have permission to access the resource.
2026-04-27 20:32:38.907 +03:00 [INF] Executing endpoint 'HTTP: POST /v1/users/regiseration'
2026-04-27 20:32:38.945 +03:00 [WRN] You do not have a valid license key for the Lucky Penny software MediatR. This is allowed for development and testing scenarios. If you are running in production you are required to have a licensed version. Please visit https://luckypennysoftware.com to obtain a valid license.
2026-04-27 20:32:41.746 +03:00 [INF] Executed DbCommand (30ms) [Parameters=[@request_DTO_Email='?' (Size = 255)], CommandType='"Text"', CommandTimeout='30']
SELECT TOP(1) [u].[ID], [u].[DateOfBirth], [u].[Email], [u].[FirstName], [u].[IsActive], [u].[IsDeleted], [u].[LastName], [u].[Password], [u].[RefreshToken], [u].[RememberMe], [u].[Role]
FROM [Users] AS [u]
WHERE [u].[IsDeleted] = CAST(0 AS bit) AND [u].[IsActive] = CAST(1 AS bit) AND [u].[Email] = @request_DTO_Email
2026-04-27 20:32:43.671 +03:00 [INF] Executed endpoint 'HTTP: POST /v1/users/regiseration'
2026-04-27 20:32:43.694 +03:00 [INF] Request finished HTTP/2 POST https://localhost:7102/v1/users/regiseration - 200 null application/json; charset=utf-8 5845.6148ms
2026-04-27 20:35:31.686 +03:00 [INF] User profile is available. Using 'C:\Users\HP\AppData\Local\ASP.NET\DataProtection-Keys' as key repository and Windows DPAPI to encrypt keys at rest.
2026-04-27 20:35:32.119 +03:00 [INF] Now listening on: https://localhost:7102
2026-04-27 20:35:32.120 +03:00 [INF] Now listening on: http://localhost:5119
2026-04-27 20:35:32.301 +03:00 [INF] Application started. Press Ctrl+C to shut down.
2026-04-27 20:35:32.303 +03:00 [INF] Hosting environment: Development
2026-04-27 20:35:32.305 +03:00 [INF] Content root path: C:\Users\HP\source\repos\InternshipMatcher\src\InternshipMatcher.API
2026-04-27 20:35:44.533 +03:00 [INF] Request starting HTTP/2 GET https://localhost:7102/swagger/index.html - null null
2026-04-27 20:35:44.886 +03:00 [WRN] Unable to configure Browser Link script injection on the response. 
2026-04-27 20:35:44.900 +03:00 [INF] Request finished HTTP/2 GET https://localhost:7102/swagger/index.html - 200 null text/html;charset=utf-8 374.1979ms
2026-04-27 20:35:44.913 +03:00 [INF] Request starting HTTP/2 GET https://localhost:7102/_framework/aspnetcore-browser-refresh.js - null null
2026-04-27 20:35:44.913 +03:00 [INF] Request starting HTTP/2 GET https://localhost:7102/swagger/index.js - null null
2026-04-27 20:35:44.935 +03:00 [INF] Request finished HTTP/2 GET https://localhost:7102/_framework/aspnetcore-browser-refresh.js - 200 14946 application/javascript; charset=utf-8 21.7933ms
2026-04-27 20:35:44.939 +03:00 [INF] Request finished HTTP/2 GET https://localhost:7102/swagger/index.js - 200 null application/javascript;charset=utf-8 25.8797ms
2026-04-27 20:35:44.995 +03:00 [INF] Request starting HTTP/2 GET https://localhost:7102/swagger/v1/swagger.json - null null
2026-04-27 20:35:45.041 +03:00 [INF] Request finished HTTP/2 GET https://localhost:7102/swagger/v1/swagger.json - 200 null application/json;charset=utf-8 46.2459ms
2026-04-27 20:36:04.163 +03:00 [INF] Request starting HTTP/2 POST https://localhost:7102/v1/users/regiseration - application/json 130
2026-04-27 20:36:05.040 +03:00 [INF] CORS policy execution failed.
2026-04-27 20:36:05.042 +03:00 [INF] Request origin https://localhost:7102 does not have permission to access the resource.
2026-04-27 20:36:05.049 +03:00 [INF] Executing endpoint 'HTTP: POST /v1/users/regiseration'
2026-04-27 20:36:05.074 +03:00 [WRN] You do not have a valid license key for the Lucky Penny software MediatR. This is allowed for development and testing scenarios. If you are running in production you are required to have a licensed version. Please visit https://luckypennysoftware.com to obtain a valid license.
2026-04-27 20:36:07.969 +03:00 [INF] Executed DbCommand (46ms) [Parameters=[@request_DTO_Email='?' (Size = 255)], CommandType='"Text"', CommandTimeout='30']
SELECT TOP(1) [u].[ID], [u].[DateOfBirth], [u].[Email], [u].[FirstName], [u].[IsActive], [u].[IsDeleted], [u].[LastName], [u].[Password], [u].[RefreshToken], [u].[RememberMe], [u].[Role]
FROM [Users] AS [u]
WHERE [u].[IsDeleted] = CAST(0 AS bit) AND [u].[IsActive] = CAST(1 AS bit) AND [u].[Email] = @request_DTO_Email
2026-04-27 20:36:09.775 +03:00 [INF] Executed endpoint 'HTTP: POST /v1/users/regiseration'
2026-04-27 20:36:09.803 +03:00 [INF] Request finished HTTP/2 POST https://localhost:7102/v1/users/regiseration - 200 null application/json; charset=utf-8 5640.2549ms
2026-04-27 20:50:47.978 +03:00 [INF] User profile is available. Using 'C:\Users\HP\AppData\Local\ASP.NET\DataProtection-Keys' as key repository and Windows DPAPI to encrypt keys at rest.
2026-04-27 20:50:48.210 +03:00 [INF] Now listening on: https://localhost:7102
2026-04-27 20:50:48.212 +03:00 [INF] Now listening on: http://localhost:5119
2026-04-27 20:50:48.340 +03:00 [INF] Application started. Press Ctrl+C to shut down.
2026-04-27 20:50:48.342 +03:00 [INF] Hosting environment: Development
2026-04-27 20:50:48.343 +03:00 [INF] Content root path: C:\Users\HP\source\repos\InternshipMatcher\src\InternshipMatcher.API
2026-04-27 20:51:00.815 +03:00 [INF] Request starting HTTP/2 GET https://localhost:7102/swagger/index.html - null null
2026-04-27 20:51:01.049 +03:00 [WRN] Unable to configure Browser Link script injection on the response. 
2026-04-27 20:51:01.057 +03:00 [INF] Request finished HTTP/2 GET https://localhost:7102/swagger/index.html - 200 null text/html;charset=utf-8 243.7189ms
2026-04-27 20:51:01.076 +03:00 [INF] Request starting HTTP/2 GET https://localhost:7102/swagger/index.js - null null
2026-04-27 20:51:01.077 +03:00 [INF] Request starting HTTP/2 GET https://localhost:7102/_framework/aspnetcore-browser-refresh.js - null null
2026-04-27 20:51:01.091 +03:00 [INF] Request finished HTTP/2 GET https://localhost:7102/_framework/aspnetcore-browser-refresh.js - 200 14946 application/javascript; charset=utf-8 13.2565ms
2026-04-27 20:51:01.097 +03:00 [INF] Request finished HTTP/2 GET https://localhost:7102/swagger/index.js - 200 null application/javascript;charset=utf-8 20.7651ms
2026-04-27 20:51:01.163 +03:00 [INF] Request starting HTTP/2 GET https://localhost:7102/swagger/v1/swagger.json - null null
2026-04-27 20:51:01.191 +03:00 [INF] Request finished HTTP/2 GET https://localhost:7102/swagger/v1/swagger.json - 200 null application/json;charset=utf-8 27.89ms
2026-04-27 20:51:11.221 +03:00 [INF] Request starting HTTP/2 POST https://localhost:7102/v1/users/regiseration - application/json 130
2026-04-27 20:51:11.895 +03:00 [INF] CORS policy execution failed.
2026-04-27 20:51:11.897 +03:00 [INF] Request origin https://localhost:7102 does not have permission to access the resource.
2026-04-27 20:51:11.902 +03:00 [INF] Executing endpoint 'HTTP: POST /v1/users/regiseration'
2026-04-27 20:51:11.921 +03:00 [WRN] You do not have a valid license key for the Lucky Penny software MediatR. This is allowed for development and testing scenarios. If you are running in production you are required to have a licensed version. Please visit https://luckypennysoftware.com to obtain a valid license.
2026-04-27 20:51:12.402 +03:00 [INF] Executed DbCommand (25ms) [Parameters=[@request_DTO_Email='?' (Size = 255)], CommandType='"Text"', CommandTimeout='30']
SELECT TOP(1) [u].[ID], [u].[DateOfBirth], [u].[Email], [u].[FirstName], [u].[IsActive], [u].[IsDeleted], [u].[LastName], [u].[Password], [u].[RefreshToken], [u].[RememberMe], [u].[Role]
FROM [Users] AS [u]
WHERE [u].[IsDeleted] = CAST(0 AS bit) AND [u].[IsActive] = CAST(1 AS bit) AND [u].[Email] = @request_DTO_Email
2026-04-27 20:51:12.676 +03:00 [INF] Executed endpoint 'HTTP: POST /v1/users/regiseration'
2026-04-27 20:51:12.818 +03:00 [ERR] Failed executing DbCommand (21ms) [Parameters=[@p0='?' (DbType = Guid), @p1='?' (DbType = DateTime2), @p2='?' (Size = 255), @p3='?' (Size = 4000), @p4='?' (DbType = Boolean), @p5='?' (DbType = Boolean), @p6='?' (Size = 4000), @p7='?' (Size = 255), @p8='?' (Size = 4000), @p9='?' (DbType = Boolean), @p10='?' (DbType = Int32), @p11='?' (DbType = Guid), @p12='?' (Size = 4000), @p13='?' (Size = 4000), @p14='?' (Size = 100), @p15='?' (DbType = Boolean), @p16='?' (DbType = Boolean), @p17='?' (Size = 4000), @p18='?' (DbType = Guid)], CommandType='"Text"', CommandTimeout='30']
SET NOCOUNT ON;
INSERT INTO [Users] ([ID], [DateOfBirth], [Email], [FirstName], [IsActive], [IsDeleted], [LastName], [Password], [RefreshToken], [RememberMe], [Role])
VALUES (@p0, @p1, @p2, @p3, @p4, @p5, @p6, @p7, @p8, @p9, @p10);
INSERT INTO [StudentProfiles] ([ID], [Bio], [CVPath], [FullName], [IsActive], [IsDeleted], [University], [UserID])
VALUES (@p11, @p12, @p13, @p14, @p15, @p16, @p17, @p18);
2026-04-27 20:51:12.862 +03:00 [ERR] An exception occurred in the database while saving changes for context type 'InternshipMatcher.Infra.DbContext.AppDbContext'.
Microsoft.EntityFrameworkCore.DbUpdateException: An error occurred while saving the entity changes. See the inner exception for details.
 ---> Microsoft.Data.SqlClient.SqlException (0x80131904): Cannot insert the value NULL into column 'Bio', table 'Internship_Matcher_DB.dbo.StudentProfiles'; column does not allow nulls. INSERT fails.
The statement has been terminated.
   at Microsoft.Data.SqlClient.SqlCommand.<>c.<ExecuteDbDataReaderAsync>b__195_0(Task`1 result)
   at System.Threading.Tasks.ContinuationResultTaskFromResultTask`2.InnerInvoke()
   at System.Threading.ExecutionContext.RunInternal(ExecutionContext executionContext, ContextCallback callback, Object state)
--- End of stack trace from previous location ---
   at System.Threading.ExecutionContext.RunInternal(ExecutionContext executionContext, ContextCallback callback, Object state)
   at System.Threading.Tasks.Task.ExecuteWithThreadLocal(Task& currentTaskSlot, Thread threadPoolThread)
--- End of stack trace from previous location ---
   at Microsoft.EntityFrameworkCore.Storage.RelationalCommand.ExecuteReaderAsync(RelationalCommandParameterObject parameterObject, CancellationToken cancellationToken)
   at Microsoft.EntityFrameworkCore.Storage.RelationalCommand.ExecuteReaderAsync(RelationalCommandParameterObject parameterObject, CancellationToken cancellationToken)
   at Microsoft.EntityFrameworkCore.Update.ReaderModificationCommandBatch.ExecuteAsync(IRelationalConnection connection, CancellationToken cancellationToken)
ClientConnectionId:1029f1ec-c5d0-4ea6-951c-aa0dbd2d391d
Error Number:515,State:2,Class:16
   --- End of inner exception stack trace ---
   at Microsoft.EntityFrameworkCore.Update.ReaderModificationCommandBatch.ExecuteAsync(IRelationalConnection connection, CancellationToken cancellationToken)
   at Microsoft.EntityFrameworkCore.SqlServer.Update.Internal.SqlServerModificationCommandBatch.ExecuteAsync(IRelationalConnection connection, CancellationToken cancellationToken)
   at Microsoft.EntityFrameworkCore.Update.Internal.BatchExecutor.ExecuteAsync(IEnumerable`1 commandBatches, IRelationalConnection connection, CancellationToken cancellationToken)
   at Microsoft.EntityFrameworkCore.Update.Internal.BatchExecutor.ExecuteAsync(IEnumerable`1 commandBatches, IRelationalConnection connection, CancellationToken cancellationToken)
   at Microsoft.EntityFrameworkCore.Update.Internal.BatchExecutor.ExecuteAsync(IEnumerable`1 commandBatches, IRelationalConnection connection, CancellationToken cancellationToken)
   at Microsoft.EntityFrameworkCore.Storage.RelationalDatabase.SaveChangesAsync(IList`1 entries, CancellationToken cancellationToken)
   at Microsoft.EntityFrameworkCore.ChangeTracking.Internal.StateManager.SaveChangesAsync(IList`1 entriesToSave, CancellationToken cancellationToken)
   at Microsoft.EntityFrameworkCore.ChangeTracking.Internal.StateManager.SaveChangesAsync(StateManager stateManager, Boolean acceptAllChangesOnSuccess, CancellationToken cancellationToken)
   at Microsoft.EntityFrameworkCore.SqlServer.Storage.Internal.SqlServerExecutionStrategy.ExecuteAsync[TState,TResult](TState state, Func`4 operation, Func`4 verifySucceeded, CancellationToken cancellationToken)
   at Microsoft.EntityFrameworkCore.DbContext.SaveChangesAsync(Boolean acceptAllChangesOnSuccess, CancellationToken cancellationToken)
Microsoft.EntityFrameworkCore.DbUpdateException: An error occurred while saving the entity changes. See the inner exception for details.
 ---> Microsoft.Data.SqlClient.SqlException (0x80131904): Cannot insert the value NULL into column 'Bio', table 'Internship_Matcher_DB.dbo.StudentProfiles'; column does not allow nulls. INSERT fails.
The statement has been terminated.
   at Microsoft.Data.SqlClient.SqlCommand.<>c.<ExecuteDbDataReaderAsync>b__195_0(Task`1 result)
   at System.Threading.Tasks.ContinuationResultTaskFromResultTask`2.InnerInvoke()
   at System.Threading.ExecutionContext.RunInternal(ExecutionContext executionContext, ContextCallback callback, Object state)
--- End of stack trace from previous location ---
   at System.Threading.ExecutionContext.RunInternal(ExecutionContext executionContext, ContextCallback callback, Object state)
   at System.Threading.Tasks.Task.ExecuteWithThreadLocal(Task& currentTaskSlot, Thread threadPoolThread)
--- End of stack trace from previous location ---
   at Microsoft.EntityFrameworkCore.Storage.RelationalCommand.ExecuteReaderAsync(RelationalCommandParameterObject parameterObject, CancellationToken cancellationToken)
   at Microsoft.EntityFrameworkCore.Storage.RelationalCommand.ExecuteReaderAsync(RelationalCommandParameterObject parameterObject, CancellationToken cancellationToken)
   at Microsoft.EntityFrameworkCore.Update.ReaderModificationCommandBatch.ExecuteAsync(IRelationalConnection connection, CancellationToken cancellationToken)
ClientConnectionId:1029f1ec-c5d0-4ea6-951c-aa0dbd2d391d
Error Number:515,State:2,Class:16
   --- End of inner exception stack trace ---
   at Microsoft.EntityFrameworkCore.Update.ReaderModificationCommandBatch.ExecuteAsync(IRelationalConnection connection, CancellationToken cancellationToken)
   at Microsoft.EntityFrameworkCore.SqlServer.Update.Internal.SqlServerModificationCommandBatch.ExecuteAsync(IRelationalConnection connection, CancellationToken cancellationToken)
   at Microsoft.EntityFrameworkCore.Update.Internal.BatchExecutor.ExecuteAsync(IEnumerable`1 commandBatches, IRelationalConnection connection, CancellationToken cancellationToken)
   at Microsoft.EntityFrameworkCore.Update.Internal.BatchExecutor.ExecuteAsync(IEnumerable`1 commandBatches, IRelationalConnection connection, CancellationToken cancellationToken)
   at Microsoft.EntityFrameworkCore.Update.Internal.BatchExecutor.ExecuteAsync(IEnumerable`1 commandBatches, IRelationalConnection connection, CancellationToken cancellationToken)
   at Microsoft.EntityFrameworkCore.Storage.RelationalDatabase.SaveChangesAsync(IList`1 entries, CancellationToken cancellationToken)
   at Microsoft.EntityFrameworkCore.ChangeTracking.Internal.StateManager.SaveChangesAsync(IList`1 entriesToSave, CancellationToken cancellationToken)
   at Microsoft.EntityFrameworkCore.ChangeTracking.Internal.StateManager.SaveChangesAsync(StateManager stateManager, Boolean acceptAllChangesOnSuccess, CancellationToken cancellationToken)
   at Microsoft.EntityFrameworkCore.SqlServer.Storage.Internal.SqlServerExecutionStrategy.ExecuteAsync[TState,TResult](TState state, Func`4 operation, Func`4 verifySucceeded, CancellationToken cancellationToken)
   at Microsoft.EntityFrameworkCore.DbContext.SaveChangesAsync(Boolean acceptAllChangesOnSuccess, CancellationToken cancellationToken)
2026-04-27 20:51:12.883 +03:00 [ERR] An unhandled exception has occurred while executing the request.
Microsoft.EntityFrameworkCore.DbUpdateException: An error occurred while saving the entity changes. See the inner exception for details.
 ---> Microsoft.Data.SqlClient.SqlException (0x80131904): Cannot insert the value NULL into column 'Bio', table 'Internship_Matcher_DB.dbo.StudentProfiles'; column does not allow nulls. INSERT fails.
The statement has been terminated.
   at Microsoft.Data.SqlClient.SqlCommand.<>c.<ExecuteDbDataReaderAsync>b__195_0(Task`1 result)
   at System.Threading.Tasks.ContinuationResultTaskFromResultTask`2.InnerInvoke()
   at System.Threading.ExecutionContext.RunInternal(ExecutionContext executionContext, ContextCallback callback, Object state)
--- End of stack trace from previous location ---
   at System.Threading.ExecutionContext.RunInternal(ExecutionContext executionContext, ContextCallback callback, Object state)
   at System.Threading.Tasks.Task.ExecuteWithThreadLocal(Task& currentTaskSlot, Thread threadPoolThread)
--- End of stack trace from previous location ---
   at Microsoft.EntityFrameworkCore.Storage.RelationalCommand.ExecuteReaderAsync(RelationalCommandParameterObject parameterObject, CancellationToken cancellationToken)
   at Microsoft.EntityFrameworkCore.Storage.RelationalCommand.ExecuteReaderAsync(RelationalCommandParameterObject parameterObject, CancellationToken cancellationToken)
   at Microsoft.EntityFrameworkCore.Update.ReaderModificationCommandBatch.ExecuteAsync(IRelationalConnection connection, CancellationToken cancellationToken)
ClientConnectionId:1029f1ec-c5d0-4ea6-951c-aa0dbd2d391d
Error Number:515,State:2,Class:16
   --- End of inner exception stack trace ---
   at Microsoft.EntityFrameworkCore.Update.ReaderModificationCommandBatch.ExecuteAsync(IRelationalConnection connection, CancellationToken cancellationToken)
   at Microsoft.EntityFrameworkCore.SqlServer.Update.Internal.SqlServerModificationCommandBatch.ExecuteAsync(IRelationalConnection connection, CancellationToken cancellationToken)
   at Microsoft.EntityFrameworkCore.Update.Internal.BatchExecutor.ExecuteAsync(IEnumerable`1 commandBatches, IRelationalConnection connection, CancellationToken cancellationToken)
   at Microsoft.EntityFrameworkCore.Update.Internal.BatchExecutor.ExecuteAsync(IEnumerable`1 commandBatches, IRelationalConnection connection, CancellationToken cancellationToken)
   at Microsoft.EntityFrameworkCore.Update.Internal.BatchExecutor.ExecuteAsync(IEnumerable`1 commandBatches, IRelationalConnection connection, CancellationToken cancellationToken)
   at Microsoft.EntityFrameworkCore.Storage.RelationalDatabase.SaveChangesAsync(IList`1 entries, CancellationToken cancellationToken)
   at Microsoft.EntityFrameworkCore.ChangeTracking.Internal.StateManager.SaveChangesAsync(IList`1 entriesToSave, CancellationToken cancellationToken)
   at Microsoft.EntityFrameworkCore.ChangeTracking.Internal.StateManager.SaveChangesAsync(StateManager stateManager, Boolean acceptAllChangesOnSuccess, CancellationToken cancellationToken)
   at Microsoft.EntityFrameworkCore.SqlServer.Storage.Internal.SqlServerExecutionStrategy.ExecuteAsync[TState,TResult](TState state, Func`4 operation, Func`4 verifySucceeded, CancellationToken cancellationToken)
   at Microsoft.EntityFrameworkCore.DbContext.SaveChangesAsync(Boolean acceptAllChangesOnSuccess, CancellationToken cancellationToken)
   at Microsoft.EntityFrameworkCore.DbContext.SaveChangesAsync(Boolean acceptAllChangesOnSuccess, CancellationToken cancellationToken)
   at TransactionMiddleware.InvokeAsync(HttpContext context, RequestDelegate next) in C:\Users\HP\source\repos\InternshipMatcher\src\InternshipMatcher.API\Middlewares\TransactionMiddleware.cs:line 20
   at TransactionMiddleware.InvokeAsync(HttpContext context, RequestDelegate next) in C:\Users\HP\source\repos\InternshipMatcher\src\InternshipMatcher.API\Middlewares\TransactionMiddleware.cs:line 29
   at TransactionMiddleware.InvokeAsync(HttpContext context, RequestDelegate next) in C:\Users\HP\source\repos\InternshipMatcher\src\InternshipMatcher.API\Middlewares\TransactionMiddleware.cs:line 30
   at Microsoft.AspNetCore.Builder.UseMiddlewareExtensions.InterfaceMiddlewareBinder.<>c__DisplayClass2_0.<<CreateMiddleware>b__0>d.MoveNext()
--- End of stack trace from previous location ---
   at Microsoft.AspNetCore.ResponseCompression.ResponseCompressionMiddleware.InvokeCore(HttpContext context)
   at Prometheus.HttpMetrics.HttpRequestDurationMiddleware.Invoke(HttpContext context)
   at Prometheus.HttpMetrics.HttpRequestCountMiddleware.Invoke(HttpContext context)
   at Prometheus.HttpMetrics.HttpInProgressMiddleware.Invoke(HttpContext context)
   at Microsoft.AspNetCore.Diagnostics.DeveloperExceptionPageMiddlewareImpl.Invoke(HttpContext context)
2026-04-27 20:51:12.918 +03:00 [WRN] The response has already started, the error page middleware will not be executed.
2026-04-27 20:51:12.923 +03:00 [ERR] Connection id "0HNL4GM5KF8O2", Request id "0HNL4GM5KF8O2:00000009": An unhandled exception was thrown by the application.
Microsoft.EntityFrameworkCore.DbUpdateException: An error occurred while saving the entity changes. See the inner exception for details.
 ---> Microsoft.Data.SqlClient.SqlException (0x80131904): Cannot insert the value NULL into column 'Bio', table 'Internship_Matcher_DB.dbo.StudentProfiles'; column does not allow nulls. INSERT fails.
The statement has been terminated.
   at Microsoft.Data.SqlClient.SqlCommand.<>c.<ExecuteDbDataReaderAsync>b__195_0(Task`1 result)
   at System.Threading.Tasks.ContinuationResultTaskFromResultTask`2.InnerInvoke()
   at System.Threading.ExecutionContext.RunInternal(ExecutionContext executionContext, ContextCallback callback, Object state)
--- End of stack trace from previous location ---
   at System.Threading.ExecutionContext.RunInternal(ExecutionContext executionContext, ContextCallback callback, Object state)
   at System.Threading.Tasks.Task.ExecuteWithThreadLocal(Task& currentTaskSlot, Thread threadPoolThread)
--- End of stack trace from previous location ---
   at Microsoft.EntityFrameworkCore.Storage.RelationalCommand.ExecuteReaderAsync(RelationalCommandParameterObject parameterObject, CancellationToken cancellationToken)
   at Microsoft.EntityFrameworkCore.Storage.RelationalCommand.ExecuteReaderAsync(RelationalCommandParameterObject parameterObject, CancellationToken cancellationToken)
   at Microsoft.EntityFrameworkCore.Update.ReaderModificationCommandBatch.ExecuteAsync(IRelationalConnection connection, CancellationToken cancellationToken)
ClientConnectionId:1029f1ec-c5d0-4ea6-951c-aa0dbd2d391d
Error Number:515,State:2,Class:16
   --- End of inner exception stack trace ---
   at Microsoft.EntityFrameworkCore.Update.ReaderModificationCommandBatch.ExecuteAsync(IRelationalConnection connection, CancellationToken cancellationToken)
   at Microsoft.EntityFrameworkCore.SqlServer.Update.Internal.SqlServerModificationCommandBatch.ExecuteAsync(IRelationalConnection connection, CancellationToken cancellationToken)
   at Microsoft.EntityFrameworkCore.Update.Internal.BatchExecutor.ExecuteAsync(IEnumerable`1 commandBatches, IRelationalConnection connection, CancellationToken cancellationToken)
   at Microsoft.EntityFrameworkCore.Update.Internal.BatchExecutor.ExecuteAsync(IEnumerable`1 commandBatches, IRelationalConnection connection, CancellationToken cancellationToken)
   at Microsoft.EntityFrameworkCore.Update.Internal.BatchExecutor.ExecuteAsync(IEnumerable`1 commandBatches, IRelationalConnection connection, CancellationToken cancellationToken)
   at Microsoft.EntityFrameworkCore.Storage.RelationalDatabase.SaveChangesAsync(IList`1 entries, CancellationToken cancellationToken)
   at Microsoft.EntityFrameworkCore.ChangeTracking.Internal.StateManager.SaveChangesAsync(IList`1 entriesToSave, CancellationToken cancellationToken)
   at Microsoft.EntityFrameworkCore.ChangeTracking.Internal.StateManager.SaveChangesAsync(StateManager stateManager, Boolean acceptAllChangesOnSuccess, CancellationToken cancellationToken)
   at Microsoft.EntityFrameworkCore.SqlServer.Storage.Internal.SqlServerExecutionStrategy.ExecuteAsync[TState,TResult](TState state, Func`4 operation, Func`4 verifySucceeded, CancellationToken cancellationToken)
   at Microsoft.EntityFrameworkCore.DbContext.SaveChangesAsync(Boolean acceptAllChangesOnSuccess, CancellationToken cancellationToken)
   at Microsoft.EntityFrameworkCore.DbContext.SaveChangesAsync(Boolean acceptAllChangesOnSuccess, CancellationToken cancellationToken)
   at TransactionMiddleware.InvokeAsync(HttpContext context, RequestDelegate next) in C:\Users\HP\source\repos\InternshipMatcher\src\InternshipMatcher.API\Middlewares\TransactionMiddleware.cs:line 20
   at TransactionMiddleware.InvokeAsync(HttpContext context, RequestDelegate next) in C:\Users\HP\source\repos\InternshipMatcher\src\InternshipMatcher.API\Middlewares\TransactionMiddleware.cs:line 29
   at TransactionMiddleware.InvokeAsync(HttpContext context, RequestDelegate next) in C:\Users\HP\source\repos\InternshipMatcher\src\InternshipMatcher.API\Middlewares\TransactionMiddleware.cs:line 30
   at Microsoft.AspNetCore.Builder.UseMiddlewareExtensions.InterfaceMiddlewareBinder.<>c__DisplayClass2_0.<<CreateMiddleware>b__0>d.MoveNext()
--- End of stack trace from previous location ---
   at Microsoft.AspNetCore.ResponseCompression.ResponseCompressionMiddleware.InvokeCore(HttpContext context)
   at Prometheus.HttpMetrics.HttpRequestDurationMiddleware.Invoke(HttpContext context)
   at Prometheus.HttpMetrics.HttpRequestCountMiddleware.Invoke(HttpContext context)
   at Prometheus.HttpMetrics.HttpInProgressMiddleware.Invoke(HttpContext context)
   at Microsoft.AspNetCore.Diagnostics.DeveloperExceptionPageMiddlewareImpl.Invoke(HttpContext context)
   at Microsoft.AspNetCore.Diagnostics.DeveloperExceptionPageMiddlewareImpl.Invoke(HttpContext context)
   at Microsoft.WebTools.BrowserLink.Net.BrowserLinkMiddleware.InvokeAsync(HttpContext context)
   at Microsoft.AspNetCore.Watch.BrowserRefresh.BrowserRefreshMiddleware.InvokeAsync(HttpContext context) in /_3/BrowserRefreshMiddleware.cs:line 84
   at Microsoft.AspNetCore.Server.Kestrel.Core.Internal.Http.HttpProtocol.ProcessRequests[TContext](IHttpApplication`1 application)
2026-04-27 20:51:12.964 +03:00 [INF] Request finished HTTP/2 POST https://localhost:7102/v1/users/regiseration - 200 null application/json; charset=utf-8 1743.3375ms
2026-04-27 21:03:14.067 +03:00 [INF] User profile is available. Using 'C:\Users\HP\AppData\Local\ASP.NET\DataProtection-Keys' as key repository and Windows DPAPI to encrypt keys at rest.
2026-04-27 21:03:14.516 +03:00 [INF] Now listening on: https://localhost:7102
2026-04-27 21:03:14.519 +03:00 [INF] Now listening on: http://localhost:5119
2026-04-27 21:03:14.703 +03:00 [INF] Application started. Press Ctrl+C to shut down.
2026-04-27 21:03:14.705 +03:00 [INF] Hosting environment: Development
2026-04-27 21:03:14.706 +03:00 [INF] Content root path: C:\Users\HP\source\repos\InternshipMatcher\src\InternshipMatcher.API
2026-04-27 21:03:19.608 +03:00 [INF] Request starting HTTP/2 GET https://localhost:7102/swagger/index.html - null null
2026-04-27 21:03:19.880 +03:00 [WRN] Unable to configure Browser Link script injection on the response. 
2026-04-27 21:03:19.896 +03:00 [INF] Request finished HTTP/2 GET https://localhost:7102/swagger/index.html - 200 null text/html;charset=utf-8 292.9048ms
2026-04-27 21:03:19.910 +03:00 [INF] Request starting HTTP/2 GET https://localhost:7102/_framework/aspnetcore-browser-refresh.js - null null
2026-04-27 21:03:19.910 +03:00 [INF] Request starting HTTP/2 GET https://localhost:7102/swagger/index.js - null null
2026-04-27 21:03:19.926 +03:00 [INF] Request finished HTTP/2 GET https://localhost:7102/swagger/index.js - 200 null application/javascript;charset=utf-8 16.0248ms
2026-04-27 21:03:19.933 +03:00 [INF] Request finished HTTP/2 GET https://localhost:7102/_framework/aspnetcore-browser-refresh.js - 200 14946 application/javascript; charset=utf-8 22.8004ms
2026-04-27 21:03:19.981 +03:00 [INF] Request starting HTTP/2 GET https://localhost:7102/swagger/v1/swagger.json - null null
2026-04-27 21:03:20.027 +03:00 [INF] Request finished HTTP/2 GET https://localhost:7102/swagger/v1/swagger.json - 200 null application/json;charset=utf-8 45.4935ms
2026-04-27 21:03:44.759 +03:00 [INF] Request starting HTTP/2 POST https://localhost:7102/v1/users/regiseration - application/json 130
2026-04-27 21:03:44.764 +03:00 [INF] CORS policy execution failed.
2026-04-27 21:03:44.765 +03:00 [INF] Request origin https://localhost:7102 does not have permission to access the resource.
2026-04-27 21:03:44.774 +03:00 [INF] Executing endpoint 'HTTP: POST /v1/users/regiseration'
2026-04-27 21:03:44.807 +03:00 [WRN] You do not have a valid license key for the Lucky Penny software MediatR. This is allowed for development and testing scenarios. If you are running in production you are required to have a licensed version. Please visit https://luckypennysoftware.com to obtain a valid license.
2026-04-27 21:03:48.922 +03:00 [INF] Executed DbCommand (35ms) [Parameters=[@request_DTO_Email='?' (Size = 255)], CommandType='"Text"', CommandTimeout='30']
SELECT TOP(1) [u].[ID], [u].[DateOfBirth], [u].[Email], [u].[FirstName], [u].[IsActive], [u].[IsDeleted], [u].[LastName], [u].[Password], [u].[RefreshToken], [u].[RememberMe], [u].[Role]
FROM [Users] AS [u]
WHERE [u].[IsDeleted] = CAST(0 AS bit) AND [u].[IsActive] = CAST(1 AS bit) AND [u].[Email] = @request_DTO_Email
2026-04-27 21:03:53.864 +03:00 [INF] Executed endpoint 'HTTP: POST /v1/users/regiseration'
2026-04-27 21:03:53.878 +03:00 [INF] Request finished HTTP/2 POST https://localhost:7102/v1/users/regiseration - 200 null application/json; charset=utf-8 9119.4825ms
2026-04-27 21:04:33.440 +03:00 [INF] Request starting HTTP/2 POST https://localhost:7102/v1/users/regiseration - application/json 130
2026-04-27 21:04:33.446 +03:00 [INF] CORS policy execution failed.
2026-04-27 21:04:33.447 +03:00 [INF] Request origin https://localhost:7102 does not have permission to access the resource.
2026-04-27 21:04:33.448 +03:00 [INF] Executing endpoint 'HTTP: POST /v1/users/regiseration'
2026-04-27 21:04:36.064 +03:00 [INF] Executed DbCommand (17ms) [Parameters=[@request_DTO_Email='?' (Size = 255)], CommandType='"Text"', CommandTimeout='30']
SELECT TOP(1) [u].[ID], [u].[DateOfBirth], [u].[Email], [u].[FirstName], [u].[IsActive], [u].[IsDeleted], [u].[LastName], [u].[Password], [u].[RefreshToken], [u].[RememberMe], [u].[Role]
FROM [Users] AS [u]
WHERE [u].[IsDeleted] = CAST(0 AS bit) AND [u].[IsActive] = CAST(1 AS bit) AND [u].[Email] = @request_DTO_Email
2026-04-27 21:05:00.521 +03:00 [INF] Executed endpoint 'HTTP: POST /v1/users/regiseration'
2026-04-27 21:05:00.522 +03:00 [INF] Request finished HTTP/2 POST https://localhost:7102/v1/users/regiseration - 200 null application/json; charset=utf-8 27082.6675ms
2026-04-27 21:10:47.856 +03:00 [INF] User profile is available. Using 'C:\Users\HP\AppData\Local\ASP.NET\DataProtection-Keys' as key repository and Windows DPAPI to encrypt keys at rest.
2026-04-27 21:10:48.440 +03:00 [INF] Now listening on: https://localhost:7102
2026-04-27 21:10:48.442 +03:00 [INF] Now listening on: http://localhost:5119
2026-04-27 21:10:48.498 +03:00 [INF] Application started. Press Ctrl+C to shut down.
2026-04-27 21:10:48.500 +03:00 [INF] Hosting environment: Development
2026-04-27 21:10:48.501 +03:00 [INF] Content root path: C:\Users\HP\source\repos\InternshipMatcher\src\InternshipMatcher.API
2026-04-27 21:10:51.878 +03:00 [INF] Request starting HTTP/2 GET https://localhost:7102/swagger/index.html - null null
2026-04-27 21:10:52.171 +03:00 [WRN] Unable to configure Browser Link script injection on the response. 
2026-04-27 21:10:52.187 +03:00 [INF] Request finished HTTP/2 GET https://localhost:7102/swagger/index.html - 200 null text/html;charset=utf-8 317.1098ms
2026-04-27 21:10:52.203 +03:00 [INF] Request starting HTTP/2 GET https://localhost:7102/_framework/aspnetcore-browser-refresh.js - null null
2026-04-27 21:10:52.203 +03:00 [INF] Request starting HTTP/2 GET https://localhost:7102/swagger/index.js - null null
2026-04-27 21:10:52.230 +03:00 [INF] Request finished HTTP/2 GET https://localhost:7102/swagger/index.js - 200 null application/javascript;charset=utf-8 27.6614ms
2026-04-27 21:10:52.235 +03:00 [INF] Request finished HTTP/2 GET https://localhost:7102/_framework/aspnetcore-browser-refresh.js - 200 14946 application/javascript; charset=utf-8 31.9009ms
2026-04-27 21:10:52.291 +03:00 [INF] Request starting HTTP/2 GET https://localhost:7102/swagger/v1/swagger.json - null null
2026-04-27 21:10:52.322 +03:00 [INF] Request finished HTTP/2 GET https://localhost:7102/swagger/v1/swagger.json - 200 null application/json;charset=utf-8 30.4069ms
2026-04-27 21:11:05.187 +03:00 [INF] Request starting HTTP/2 POST https://localhost:7102/v1/users/regiseration - application/json 130
2026-04-27 21:11:05.197 +03:00 [INF] CORS policy execution failed.
2026-04-27 21:11:05.200 +03:00 [INF] Request origin https://localhost:7102 does not have permission to access the resource.
2026-04-27 21:11:05.206 +03:00 [INF] Executing endpoint 'HTTP: POST /v1/users/regiseration'
2026-04-27 21:11:05.233 +03:00 [WRN] You do not have a valid license key for the Lucky Penny software MediatR. This is allowed for development and testing scenarios. If you are running in production you are required to have a licensed version. Please visit https://luckypennysoftware.com to obtain a valid license.
2026-04-27 21:11:08.993 +03:00 [INF] Executed DbCommand (29ms) [Parameters=[@request_DTO_Email='?' (Size = 255)], CommandType='"Text"', CommandTimeout='30']
SELECT TOP(1) [u].[ID], [u].[DateOfBirth], [u].[Email], [u].[FirstName], [u].[IsActive], [u].[IsDeleted], [u].[LastName], [u].[Password], [u].[RefreshToken], [u].[RememberMe], [u].[Role]
FROM [Users] AS [u]
WHERE [u].[IsDeleted] = CAST(0 AS bit) AND [u].[IsActive] = CAST(1 AS bit) AND [u].[Email] = @request_DTO_Email
2026-04-27 21:11:23.813 +03:00 [ERR] Failed executing DbCommand (29ms) [Parameters=[@p0='?' (DbType = Guid), @p1='?' (DbType = DateTime2), @p2='?' (Size = 255), @p3='?' (Size = 4000), @p4='?' (DbType = Boolean), @p5='?' (DbType = Boolean), @p6='?' (Size = 4000), @p7='?' (Size = 255), @p8='?' (Size = 4000), @p9='?' (DbType = Boolean), @p10='?' (DbType = Int32), @p11='?' (DbType = Guid), @p12='?' (Size = 4000), @p13='?' (Size = 4000), @p14='?' (Size = 100), @p15='?' (DbType = Boolean), @p16='?' (DbType = Boolean), @p17='?' (Size = 4000), @p18='?' (DbType = Guid)], CommandType='"Text"', CommandTimeout='30']
SET NOCOUNT ON;
INSERT INTO [Users] ([ID], [DateOfBirth], [Email], [FirstName], [IsActive], [IsDeleted], [LastName], [Password], [RefreshToken], [RememberMe], [Role])
VALUES (@p0, @p1, @p2, @p3, @p4, @p5, @p6, @p7, @p8, @p9, @p10);
INSERT INTO [StudentProfiles] ([ID], [Bio], [CVPath], [FullName], [IsActive], [IsDeleted], [University], [UserID])
VALUES (@p11, @p12, @p13, @p14, @p15, @p16, @p17, @p18);
2026-04-27 21:11:23.859 +03:00 [ERR] An exception occurred in the database while saving changes for context type 'InternshipMatcher.Infra.DbContext.AppDbContext'.
Microsoft.EntityFrameworkCore.DbUpdateException: An error occurred while saving the entity changes. See the inner exception for details.
 ---> Microsoft.Data.SqlClient.SqlException (0x80131904): Cannot insert the value NULL into column 'Bio', table 'Internship_Matcher_DB.dbo.StudentProfiles'; column does not allow nulls. INSERT fails.
The statement has been terminated.
   at Microsoft.Data.SqlClient.SqlCommand.<>c.<ExecuteDbDataReaderAsync>b__195_0(Task`1 result)
   at System.Threading.Tasks.ContinuationResultTaskFromResultTask`2.InnerInvoke()
   at System.Threading.ExecutionContext.RunInternal(ExecutionContext executionContext, ContextCallback callback, Object state)
--- End of stack trace from previous location ---
   at System.Threading.ExecutionContext.RunInternal(ExecutionContext executionContext, ContextCallback callback, Object state)
   at System.Threading.Tasks.Task.ExecuteWithThreadLocal(Task& currentTaskSlot, Thread threadPoolThread)
--- End of stack trace from previous location ---
   at Microsoft.EntityFrameworkCore.Storage.RelationalCommand.ExecuteReaderAsync(RelationalCommandParameterObject parameterObject, CancellationToken cancellationToken)
   at Microsoft.EntityFrameworkCore.Storage.RelationalCommand.ExecuteReaderAsync(RelationalCommandParameterObject parameterObject, CancellationToken cancellationToken)
   at Microsoft.EntityFrameworkCore.Update.ReaderModificationCommandBatch.ExecuteAsync(IRelationalConnection connection, CancellationToken cancellationToken)
ClientConnectionId:97d9a7c5-f475-44d6-972b-e3b0e8aebf33
Error Number:515,State:2,Class:16
   --- End of inner exception stack trace ---
   at Microsoft.EntityFrameworkCore.Update.ReaderModificationCommandBatch.ExecuteAsync(IRelationalConnection connection, CancellationToken cancellationToken)
   at Microsoft.EntityFrameworkCore.SqlServer.Update.Internal.SqlServerModificationCommandBatch.ExecuteAsync(IRelationalConnection connection, CancellationToken cancellationToken)
   at Microsoft.EntityFrameworkCore.Update.Internal.BatchExecutor.ExecuteAsync(IEnumerable`1 commandBatches, IRelationalConnection connection, CancellationToken cancellationToken)
   at Microsoft.EntityFrameworkCore.Update.Internal.BatchExecutor.ExecuteAsync(IEnumerable`1 commandBatches, IRelationalConnection connection, CancellationToken cancellationToken)
   at Microsoft.EntityFrameworkCore.Update.Internal.BatchExecutor.ExecuteAsync(IEnumerable`1 commandBatches, IRelationalConnection connection, CancellationToken cancellationToken)
   at Microsoft.EntityFrameworkCore.Storage.RelationalDatabase.SaveChangesAsync(IList`1 entries, CancellationToken cancellationToken)
   at Microsoft.EntityFrameworkCore.ChangeTracking.Internal.StateManager.SaveChangesAsync(IList`1 entriesToSave, CancellationToken cancellationToken)
   at Microsoft.EntityFrameworkCore.ChangeTracking.Internal.StateManager.SaveChangesAsync(StateManager stateManager, Boolean acceptAllChangesOnSuccess, CancellationToken cancellationToken)
   at Microsoft.EntityFrameworkCore.SqlServer.Storage.Internal.SqlServerExecutionStrategy.ExecuteAsync[TState,TResult](TState state, Func`4 operation, Func`4 verifySucceeded, CancellationToken cancellationToken)
   at Microsoft.EntityFrameworkCore.DbContext.SaveChangesAsync(Boolean acceptAllChangesOnSuccess, CancellationToken cancellationToken)
Microsoft.EntityFrameworkCore.DbUpdateException: An error occurred while saving the entity changes. See the inner exception for details.
 ---> Microsoft.Data.SqlClient.SqlException (0x80131904): Cannot insert the value NULL into column 'Bio', table 'Internship_Matcher_DB.dbo.StudentProfiles'; column does not allow nulls. INSERT fails.
The statement has been terminated.
   at Microsoft.Data.SqlClient.SqlCommand.<>c.<ExecuteDbDataReaderAsync>b__195_0(Task`1 result)
   at System.Threading.Tasks.ContinuationResultTaskFromResultTask`2.InnerInvoke()
   at System.Threading.ExecutionContext.RunInternal(ExecutionContext executionContext, ContextCallback callback, Object state)
--- End of stack trace from previous location ---
   at System.Threading.ExecutionContext.RunInternal(ExecutionContext executionContext, ContextCallback callback, Object state)
   at System.Threading.Tasks.Task.ExecuteWithThreadLocal(Task& currentTaskSlot, Thread threadPoolThread)
--- End of stack trace from previous location ---
   at Microsoft.EntityFrameworkCore.Storage.RelationalCommand.ExecuteReaderAsync(RelationalCommandParameterObject parameterObject, CancellationToken cancellationToken)
   at Microsoft.EntityFrameworkCore.Storage.RelationalCommand.ExecuteReaderAsync(RelationalCommandParameterObject parameterObject, CancellationToken cancellationToken)
   at Microsoft.EntityFrameworkCore.Update.ReaderModificationCommandBatch.ExecuteAsync(IRelationalConnection connection, CancellationToken cancellationToken)
ClientConnectionId:97d9a7c5-f475-44d6-972b-e3b0e8aebf33
Error Number:515,State:2,Class:16
   --- End of inner exception stack trace ---
   at Microsoft.EntityFrameworkCore.Update.ReaderModificationCommandBatch.ExecuteAsync(IRelationalConnection connection, CancellationToken cancellationToken)
   at Microsoft.EntityFrameworkCore.SqlServer.Update.Internal.SqlServerModificationCommandBatch.ExecuteAsync(IRelationalConnection connection, CancellationToken cancellationToken)
   at Microsoft.EntityFrameworkCore.Update.Internal.BatchExecutor.ExecuteAsync(IEnumerable`1 commandBatches, IRelationalConnection connection, CancellationToken cancellationToken)
   at Microsoft.EntityFrameworkCore.Update.Internal.BatchExecutor.ExecuteAsync(IEnumerable`1 commandBatches, IRelationalConnection connection, CancellationToken cancellationToken)
   at Microsoft.EntityFrameworkCore.Update.Internal.BatchExecutor.ExecuteAsync(IEnumerable`1 commandBatches, IRelationalConnection connection, CancellationToken cancellationToken)
   at Microsoft.EntityFrameworkCore.Storage.RelationalDatabase.SaveChangesAsync(IList`1 entries, CancellationToken cancellationToken)
   at Microsoft.EntityFrameworkCore.ChangeTracking.Internal.StateManager.SaveChangesAsync(IList`1 entriesToSave, CancellationToken cancellationToken)
   at Microsoft.EntityFrameworkCore.ChangeTracking.Internal.StateManager.SaveChangesAsync(StateManager stateManager, Boolean acceptAllChangesOnSuccess, CancellationToken cancellationToken)
   at Microsoft.EntityFrameworkCore.SqlServer.Storage.Internal.SqlServerExecutionStrategy.ExecuteAsync[TState,TResult](TState state, Func`4 operation, Func`4 verifySucceeded, CancellationToken cancellationToken)
   at Microsoft.EntityFrameworkCore.DbContext.SaveChangesAsync(Boolean acceptAllChangesOnSuccess, CancellationToken cancellationToken)
2026-04-27 21:11:24.119 +03:00 [INF] Executed endpoint 'HTTP: POST /v1/users/regiseration'
2026-04-27 21:11:24.272 +03:00 [ERR] An unhandled exception has occurred while executing the request.
Microsoft.EntityFrameworkCore.DbUpdateException: An error occurred while saving the entity changes. See the inner exception for details.
 ---> Microsoft.Data.SqlClient.SqlException (0x80131904): Cannot insert the value NULL into column 'Bio', table 'Internship_Matcher_DB.dbo.StudentProfiles'; column does not allow nulls. INSERT fails.
The statement has been terminated.
   at Microsoft.Data.SqlClient.SqlCommand.<>c.<ExecuteDbDataReaderAsync>b__195_0(Task`1 result)
   at System.Threading.Tasks.ContinuationResultTaskFromResultTask`2.InnerInvoke()
   at System.Threading.ExecutionContext.RunInternal(ExecutionContext executionContext, ContextCallback callback, Object state)
--- End of stack trace from previous location ---
   at System.Threading.ExecutionContext.RunInternal(ExecutionContext executionContext, ContextCallback callback, Object state)
   at System.Threading.Tasks.Task.ExecuteWithThreadLocal(Task& currentTaskSlot, Thread threadPoolThread)
--- End of stack trace from previous location ---
   at Microsoft.EntityFrameworkCore.Storage.RelationalCommand.ExecuteReaderAsync(RelationalCommandParameterObject parameterObject, CancellationToken cancellationToken)
   at Microsoft.EntityFrameworkCore.Storage.RelationalCommand.ExecuteReaderAsync(RelationalCommandParameterObject parameterObject, CancellationToken cancellationToken)
   at Microsoft.EntityFrameworkCore.Update.ReaderModificationCommandBatch.ExecuteAsync(IRelationalConnection connection, CancellationToken cancellationToken)
ClientConnectionId:97d9a7c5-f475-44d6-972b-e3b0e8aebf33
Error Number:515,State:2,Class:16
   --- End of inner exception stack trace ---
   at Microsoft.EntityFrameworkCore.Update.ReaderModificationCommandBatch.ExecuteAsync(IRelationalConnection connection, CancellationToken cancellationToken)
   at Microsoft.EntityFrameworkCore.SqlServer.Update.Internal.SqlServerModificationCommandBatch.ExecuteAsync(IRelationalConnection connection, CancellationToken cancellationToken)
   at Microsoft.EntityFrameworkCore.Update.Internal.BatchExecutor.ExecuteAsync(IEnumerable`1 commandBatches, IRelationalConnection connection, CancellationToken cancellationToken)
   at Microsoft.EntityFrameworkCore.Update.Internal.BatchExecutor.ExecuteAsync(IEnumerable`1 commandBatches, IRelationalConnection connection, CancellationToken cancellationToken)
   at Microsoft.EntityFrameworkCore.Update.Internal.BatchExecutor.ExecuteAsync(IEnumerable`1 commandBatches, IRelationalConnection connection, CancellationToken cancellationToken)
   at Microsoft.EntityFrameworkCore.Storage.RelationalDatabase.SaveChangesAsync(IList`1 entries, CancellationToken cancellationToken)
   at Microsoft.EntityFrameworkCore.ChangeTracking.Internal.StateManager.SaveChangesAsync(IList`1 entriesToSave, CancellationToken cancellationToken)
   at Microsoft.EntityFrameworkCore.ChangeTracking.Internal.StateManager.SaveChangesAsync(StateManager stateManager, Boolean acceptAllChangesOnSuccess, CancellationToken cancellationToken)
   at Microsoft.EntityFrameworkCore.SqlServer.Storage.Internal.SqlServerExecutionStrategy.ExecuteAsync[TState,TResult](TState state, Func`4 operation, Func`4 verifySucceeded, CancellationToken cancellationToken)
   at Microsoft.EntityFrameworkCore.DbContext.SaveChangesAsync(Boolean acceptAllChangesOnSuccess, CancellationToken cancellationToken)
   at Microsoft.EntityFrameworkCore.DbContext.SaveChangesAsync(Boolean acceptAllChangesOnSuccess, CancellationToken cancellationToken)
   at InternshipMatcher.Application.Features.Users.CreateUserOrchestrotor.CreateUserOrchestratorHandler.Handle(CreateUserOrchestrator request, CancellationToken cancellationToken) in C:\Users\HP\source\repos\InternshipMatcher\src\InternshipMatcher.Application\Features\Users\CreateUserOrchestrotor\CreateUserOrchestrator.cs:line 85
   at InternshipMatcher.Application.Behaviours.BehaviourValidation`2.Handle(TRequest request, RequestHandlerDelegate`1 next, CancellationToken cancellationToken) in C:\Users\HP\source\repos\InternshipMatcher\src\InternshipMatcher.Infra\Behaviours\BehaviourValidation.cs:line 14
   at InternshipMatcher.API.MinimalAPIs.UserEndpoints.<>c.<<MapUsersEndpoints>b__0_0>d.MoveNext() in C:\Users\HP\source\repos\InternshipMatcher\src\InternshipMatcher.API\MinimalAPIs\UserEndpoints.cs:line 21
--- End of stack trace from previous location ---
   at Microsoft.AspNetCore.Http.RequestDelegateFactory.<ExecuteTaskOfT>g__ExecuteAwaited|134_0[T](Task`1 task, HttpContext httpContext, JsonTypeInfo`1 jsonTypeInfo)
   at Microsoft.AspNetCore.Http.RequestDelegateFactory.<>c__DisplayClass102_2.<<HandleRequestBodyAndCompileRequestDelegateForJson>b__2>d.MoveNext()
--- End of stack trace from previous location ---
   at Microsoft.AspNetCore.Routing.EndpointMiddleware.<Invoke>g__AwaitRequestTask|7_0(Endpoint endpoint, Task requestTask, ILogger logger)
   at Swashbuckle.AspNetCore.SwaggerUI.SwaggerUIMiddleware.Invoke(HttpContext httpContext)
   at Swashbuckle.AspNetCore.Swagger.SwaggerMiddleware.Invoke(HttpContext httpContext, ISwaggerProvider swaggerProvider)
   at Microsoft.AspNetCore.Authorization.AuthorizationMiddleware.Invoke(HttpContext context)
   at Microsoft.AspNetCore.Authentication.AuthenticationMiddleware.Invoke(HttpContext context)
   at Microsoft.AspNetCore.Diagnostics.DeveloperExceptionPageMiddlewareImpl.Invoke(HttpContext context)
2026-04-27 21:26:03.999 +03:00 [INF] Executed DbCommand (6ms) [Parameters=[], CommandType='"Text"', CommandTimeout='30']
SELECT 1
2026-04-27 21:26:04.037 +03:00 [INF] Acquiring an exclusive lock for migration application. See https://aka.ms/efcore-docs-migrations-lock for more information if this takes too long.
2026-04-27 21:26:04.078 +03:00 [INF] Executed DbCommand (37ms) [Parameters=[], CommandType='"Text"', CommandTimeout='30']
DECLARE @result int;
EXEC @result = sp_getapplock @Resource = '__EFMigrationsLock', @LockOwner = 'Session', @LockMode = 'Exclusive';
SELECT @result
2026-04-27 21:26:04.159 +03:00 [INF] Executed DbCommand (2ms) [Parameters=[], CommandType='"Text"', CommandTimeout='30']
IF OBJECT_ID(N'[__EFMigrationsHistory]') IS NULL
BEGIN
    CREATE TABLE [__EFMigrationsHistory] (
        [MigrationId] nvarchar(150) NOT NULL,
        [ProductVersion] nvarchar(32) NOT NULL,
        CONSTRAINT [PK___EFMigrationsHistory] PRIMARY KEY ([MigrationId])
    );
END;
2026-04-27 21:26:04.168 +03:00 [INF] Executed DbCommand (0ms) [Parameters=[], CommandType='"Text"', CommandTimeout='30']
SELECT 1
2026-04-27 21:26:04.170 +03:00 [INF] Executed DbCommand (1ms) [Parameters=[], CommandType='"Text"', CommandTimeout='30']
SELECT OBJECT_ID(N'[__EFMigrationsHistory]');
2026-04-27 21:26:04.177 +03:00 [INF] Executed DbCommand (6ms) [Parameters=[], CommandType='"Text"', CommandTimeout='30']
SELECT [MigrationId], [ProductVersion]
FROM [__EFMigrationsHistory]
ORDER BY [MigrationId];
2026-04-27 21:26:04.188 +03:00 [INF] Applying migration '20260427182525_Modifications88'.
2026-04-27 21:26:04.203 +03:00 [INF] Executed DbCommand (6ms) [Parameters=[], CommandType='"Text"', CommandTimeout='30']
INSERT INTO [__EFMigrationsHistory] ([MigrationId], [ProductVersion])
VALUES (N'20260427182525_Modifications88', N'10.0.7');
2026-04-27 21:26:04.208 +03:00 [INF] Executed DbCommand (4ms) [Parameters=[], CommandType='"Text"', CommandTimeout='30']
DECLARE @result int;
EXEC @result = sp_releaseapplock @Resource = '__EFMigrationsLock', @LockOwner = 'Session';
SELECT @result
2026-04-27 21:26:23.042 +03:00 [INF] User profile is available. Using 'C:\Users\HP\AppData\Local\ASP.NET\DataProtection-Keys' as key repository and Windows DPAPI to encrypt keys at rest.
2026-04-27 21:26:23.560 +03:00 [INF] Now listening on: https://localhost:7102
2026-04-27 21:26:23.562 +03:00 [INF] Now listening on: http://localhost:5119
2026-04-27 21:26:23.616 +03:00 [INF] Application started. Press Ctrl+C to shut down.
2026-04-27 21:26:23.619 +03:00 [INF] Hosting environment: Development
2026-04-27 21:26:23.620 +03:00 [INF] Content root path: C:\Users\HP\source\repos\InternshipMatcher\src\InternshipMatcher.API
2026-04-27 21:26:25.856 +03:00 [INF] Request starting HTTP/2 GET https://localhost:7102/swagger/index.html - null null
2026-04-27 21:26:26.222 +03:00 [WRN] Unable to configure Browser Link script injection on the response. 
2026-04-27 21:26:26.281 +03:00 [INF] Request starting HTTP/2 GET https://localhost:7102/swagger/index.js - null null
2026-04-27 21:26:26.282 +03:00 [INF] Request starting HTTP/2 GET https://localhost:7102/_framework/aspnetcore-browser-refresh.js - null null
2026-04-27 21:26:26.297 +03:00 [INF] Request finished HTTP/2 GET https://localhost:7102/swagger/index.html - 200 null text/html;charset=utf-8 441.5184ms
2026-04-27 21:26:26.345 +03:00 [INF] Request finished HTTP/2 GET https://localhost:7102/swagger/index.js - 200 null application/javascript;charset=utf-8 64.7519ms
2026-04-27 21:26:26.368 +03:00 [INF] Request finished HTTP/2 GET https://localhost:7102/_framework/aspnetcore-browser-refresh.js - 200 14946 application/javascript; charset=utf-8 87.794ms
2026-04-27 21:26:26.425 +03:00 [INF] Request starting HTTP/2 GET https://localhost:7102/swagger/v1/swagger.json - null null
2026-04-27 21:26:26.464 +03:00 [INF] Request finished HTTP/2 GET https://localhost:7102/swagger/v1/swagger.json - 200 null application/json;charset=utf-8 38.3781ms
2026-04-27 21:26:32.948 +03:00 [INF] Request starting HTTP/2 POST https://localhost:7102/v1/users/regiseration - application/json 130
2026-04-27 21:26:33.012 +03:00 [INF] CORS policy execution failed.
2026-04-27 21:26:33.020 +03:00 [INF] Request origin https://localhost:7102 does not have permission to access the resource.
2026-04-27 21:26:33.036 +03:00 [INF] Executing endpoint 'HTTP: POST /v1/users/regiseration'
2026-04-27 21:26:33.120 +03:00 [WRN] You do not have a valid license key for the Lucky Penny software MediatR. This is allowed for development and testing scenarios. If you are running in production you are required to have a licensed version. Please visit https://luckypennysoftware.com to obtain a valid license.
2026-04-27 21:26:38.500 +03:00 [INF] Executed DbCommand (49ms) [Parameters=[@request_DTO_Email='?' (Size = 255)], CommandType='"Text"', CommandTimeout='30']
SELECT TOP(1) [u].[ID], [u].[DateOfBirth], [u].[Email], [u].[FirstName], [u].[IsActive], [u].[IsDeleted], [u].[LastName], [u].[Password], [u].[RefreshToken], [u].[RememberMe], [u].[Role]
FROM [Users] AS [u]
WHERE [u].[IsDeleted] = CAST(0 AS bit) AND [u].[IsActive] = CAST(1 AS bit) AND [u].[Email] = @request_DTO_Email
2026-04-27 21:27:00.853 +03:00 [ERR] Failed executing DbCommand (2,883ms) [Parameters=[@p0='?' (DbType = Guid), @p1='?' (DbType = DateTime2), @p2='?' (Size = 255), @p3='?' (Size = 4000), @p4='?' (DbType = Boolean), @p5='?' (DbType = Boolean), @p6='?' (Size = 4000), @p7='?' (Size = 255), @p8='?' (Size = 4000), @p9='?' (DbType = Boolean), @p10='?' (DbType = Int32), @p11='?' (DbType = Guid), @p12='?' (Size = 4000), @p13='?' (Size = 4000), @p14='?' (Size = 100), @p15='?' (DbType = Boolean), @p16='?' (DbType = Boolean), @p17='?' (Size = 4000), @p18='?' (DbType = Guid)], CommandType='"Text"', CommandTimeout='30']
SET NOCOUNT ON;
INSERT INTO [Users] ([ID], [DateOfBirth], [Email], [FirstName], [IsActive], [IsDeleted], [LastName], [Password], [RefreshToken], [RememberMe], [Role])
VALUES (@p0, @p1, @p2, @p3, @p4, @p5, @p6, @p7, @p8, @p9, @p10);
INSERT INTO [StudentProfiles] ([ID], [Bio], [CVPath], [FullName], [IsActive], [IsDeleted], [University], [UserID])
VALUES (@p11, @p12, @p13, @p14, @p15, @p16, @p17, @p18);
2026-04-27 21:27:00.906 +03:00 [ERR] An exception occurred in the database while saving changes for context type 'InternshipMatcher.Infra.DbContext.AppDbContext'.
Microsoft.EntityFrameworkCore.DbUpdateException: An error occurred while saving the entity changes. See the inner exception for details.
 ---> Microsoft.Data.SqlClient.SqlException (0x80131904): Cannot insert the value NULL into column 'Bio', table 'Internship_Matcher_DB.dbo.StudentProfiles'; column does not allow nulls. INSERT fails.
The statement has been terminated.
   at Microsoft.Data.SqlClient.SqlCommand.<>c.<ExecuteDbDataReaderAsync>b__195_0(Task`1 result)
   at System.Threading.Tasks.ContinuationResultTaskFromResultTask`2.InnerInvoke()
   at System.Threading.ExecutionContext.RunInternal(ExecutionContext executionContext, ContextCallback callback, Object state)
--- End of stack trace from previous location ---
   at System.Threading.ExecutionContext.RunInternal(ExecutionContext executionContext, ContextCallback callback, Object state)
   at System.Threading.Tasks.Task.ExecuteWithThreadLocal(Task& currentTaskSlot, Thread threadPoolThread)
--- End of stack trace from previous location ---
   at Microsoft.EntityFrameworkCore.Storage.RelationalCommand.ExecuteReaderAsync(RelationalCommandParameterObject parameterObject, CancellationToken cancellationToken)
   at Microsoft.EntityFrameworkCore.Storage.RelationalCommand.ExecuteReaderAsync(RelationalCommandParameterObject parameterObject, CancellationToken cancellationToken)
   at Microsoft.EntityFrameworkCore.Update.ReaderModificationCommandBatch.ExecuteAsync(IRelationalConnection connection, CancellationToken cancellationToken)
ClientConnectionId:64420cc9-a66e-4a9e-83f3-ee361cd5f793
Error Number:515,State:2,Class:16
   --- End of inner exception stack trace ---
   at Microsoft.EntityFrameworkCore.Update.ReaderModificationCommandBatch.ExecuteAsync(IRelationalConnection connection, CancellationToken cancellationToken)
   at Microsoft.EntityFrameworkCore.SqlServer.Update.Internal.SqlServerModificationCommandBatch.ExecuteAsync(IRelationalConnection connection, CancellationToken cancellationToken)
   at Microsoft.EntityFrameworkCore.Update.Internal.BatchExecutor.ExecuteAsync(IEnumerable`1 commandBatches, IRelationalConnection connection, CancellationToken cancellationToken)
   at Microsoft.EntityFrameworkCore.Update.Internal.BatchExecutor.ExecuteAsync(IEnumerable`1 commandBatches, IRelationalConnection connection, CancellationToken cancellationToken)
   at Microsoft.EntityFrameworkCore.Update.Internal.BatchExecutor.ExecuteAsync(IEnumerable`1 commandBatches, IRelationalConnection connection, CancellationToken cancellationToken)
   at Microsoft.EntityFrameworkCore.Storage.RelationalDatabase.SaveChangesAsync(IList`1 entries, CancellationToken cancellationToken)
   at Microsoft.EntityFrameworkCore.ChangeTracking.Internal.StateManager.SaveChangesAsync(IList`1 entriesToSave, CancellationToken cancellationToken)
   at Microsoft.EntityFrameworkCore.ChangeTracking.Internal.StateManager.SaveChangesAsync(StateManager stateManager, Boolean acceptAllChangesOnSuccess, CancellationToken cancellationToken)
   at Microsoft.EntityFrameworkCore.SqlServer.Storage.Internal.SqlServerExecutionStrategy.ExecuteAsync[TState,TResult](TState state, Func`4 operation, Func`4 verifySucceeded, CancellationToken cancellationToken)
   at Microsoft.EntityFrameworkCore.DbContext.SaveChangesAsync(Boolean acceptAllChangesOnSuccess, CancellationToken cancellationToken)
Microsoft.EntityFrameworkCore.DbUpdateException: An error occurred while saving the entity changes. See the inner exception for details.
 ---> Microsoft.Data.SqlClient.SqlException (0x80131904): Cannot insert the value NULL into column 'Bio', table 'Internship_Matcher_DB.dbo.StudentProfiles'; column does not allow nulls. INSERT fails.
The statement has been terminated.
   at Microsoft.Data.SqlClient.SqlCommand.<>c.<ExecuteDbDataReaderAsync>b__195_0(Task`1 result)
   at System.Threading.Tasks.ContinuationResultTaskFromResultTask`2.InnerInvoke()
   at System.Threading.ExecutionContext.RunInternal(ExecutionContext executionContext, ContextCallback callback, Object state)
--- End of stack trace from previous location ---
   at System.Threading.ExecutionContext.RunInternal(ExecutionContext executionContext, ContextCallback callback, Object state)
   at System.Threading.Tasks.Task.ExecuteWithThreadLocal(Task& currentTaskSlot, Thread threadPoolThread)
--- End of stack trace from previous location ---
   at Microsoft.EntityFrameworkCore.Storage.RelationalCommand.ExecuteReaderAsync(RelationalCommandParameterObject parameterObject, CancellationToken cancellationToken)
   at Microsoft.EntityFrameworkCore.Storage.RelationalCommand.ExecuteReaderAsync(RelationalCommandParameterObject parameterObject, CancellationToken cancellationToken)
   at Microsoft.EntityFrameworkCore.Update.ReaderModificationCommandBatch.ExecuteAsync(IRelationalConnection connection, CancellationToken cancellationToken)
ClientConnectionId:64420cc9-a66e-4a9e-83f3-ee361cd5f793
Error Number:515,State:2,Class:16
   --- End of inner exception stack trace ---
   at Microsoft.EntityFrameworkCore.Update.ReaderModificationCommandBatch.ExecuteAsync(IRelationalConnection connection, CancellationToken cancellationToken)
   at Microsoft.EntityFrameworkCore.SqlServer.Update.Internal.SqlServerModificationCommandBatch.ExecuteAsync(IRelationalConnection connection, CancellationToken cancellationToken)
   at Microsoft.EntityFrameworkCore.Update.Internal.BatchExecutor.ExecuteAsync(IEnumerable`1 commandBatches, IRelationalConnection connection, CancellationToken cancellationToken)
   at Microsoft.EntityFrameworkCore.Update.Internal.BatchExecutor.ExecuteAsync(IEnumerable`1 commandBatches, IRelationalConnection connection, CancellationToken cancellationToken)
   at Microsoft.EntityFrameworkCore.Update.Internal.BatchExecutor.ExecuteAsync(IEnumerable`1 commandBatches, IRelationalConnection connection, CancellationToken cancellationToken)
   at Microsoft.EntityFrameworkCore.Storage.RelationalDatabase.SaveChangesAsync(IList`1 entries, CancellationToken cancellationToken)
   at Microsoft.EntityFrameworkCore.ChangeTracking.Internal.StateManager.SaveChangesAsync(IList`1 entriesToSave, CancellationToken cancellationToken)
   at Microsoft.EntityFrameworkCore.ChangeTracking.Internal.StateManager.SaveChangesAsync(StateManager stateManager, Boolean acceptAllChangesOnSuccess, CancellationToken cancellationToken)
   at Microsoft.EntityFrameworkCore.SqlServer.Storage.Internal.SqlServerExecutionStrategy.ExecuteAsync[TState,TResult](TState state, Func`4 operation, Func`4 verifySucceeded, CancellationToken cancellationToken)
   at Microsoft.EntityFrameworkCore.DbContext.SaveChangesAsync(Boolean acceptAllChangesOnSuccess, CancellationToken cancellationToken)
2026-04-27 21:27:01.541 +03:00 [INF] Executed endpoint 'HTTP: POST /v1/users/regiseration'
2026-04-27 21:27:01.789 +03:00 [ERR] An unhandled exception has occurred while executing the request.
Microsoft.EntityFrameworkCore.DbUpdateException: An error occurred while saving the entity changes. See the inner exception for details.
 ---> Microsoft.Data.SqlClient.SqlException (0x80131904): Cannot insert the value NULL into column 'Bio', table 'Internship_Matcher_DB.dbo.StudentProfiles'; column does not allow nulls. INSERT fails.
The statement has been terminated.
   at Microsoft.Data.SqlClient.SqlCommand.<>c.<ExecuteDbDataReaderAsync>b__195_0(Task`1 result)
   at System.Threading.Tasks.ContinuationResultTaskFromResultTask`2.InnerInvoke()
   at System.Threading.ExecutionContext.RunInternal(ExecutionContext executionContext, ContextCallback callback, Object state)
--- End of stack trace from previous location ---
   at System.Threading.ExecutionContext.RunInternal(ExecutionContext executionContext, ContextCallback callback, Object state)
   at System.Threading.Tasks.Task.ExecuteWithThreadLocal(Task& currentTaskSlot, Thread threadPoolThread)
--- End of stack trace from previous location ---
   at Microsoft.EntityFrameworkCore.Storage.RelationalCommand.ExecuteReaderAsync(RelationalCommandParameterObject parameterObject, CancellationToken cancellationToken)
   at Microsoft.EntityFrameworkCore.Storage.RelationalCommand.ExecuteReaderAsync(RelationalCommandParameterObject parameterObject, CancellationToken cancellationToken)
   at Microsoft.EntityFrameworkCore.Update.ReaderModificationCommandBatch.ExecuteAsync(IRelationalConnection connection, CancellationToken cancellationToken)
ClientConnectionId:64420cc9-a66e-4a9e-83f3-ee361cd5f793
Error Number:515,State:2,Class:16
   --- End of inner exception stack trace ---
   at Microsoft.EntityFrameworkCore.Update.ReaderModificationCommandBatch.ExecuteAsync(IRelationalConnection connection, CancellationToken cancellationToken)
   at Microsoft.EntityFrameworkCore.SqlServer.Update.Internal.SqlServerModificationCommandBatch.ExecuteAsync(IRelationalConnection connection, CancellationToken cancellationToken)
   at Microsoft.EntityFrameworkCore.Update.Internal.BatchExecutor.ExecuteAsync(IEnumerable`1 commandBatches, IRelationalConnection connection, CancellationToken cancellationToken)
   at Microsoft.EntityFrameworkCore.Update.Internal.BatchExecutor.ExecuteAsync(IEnumerable`1 commandBatches, IRelationalConnection connection, CancellationToken cancellationToken)
   at Microsoft.EntityFrameworkCore.Update.Internal.BatchExecutor.ExecuteAsync(IEnumerable`1 commandBatches, IRelationalConnection connection, CancellationToken cancellationToken)
   at Microsoft.EntityFrameworkCore.Storage.RelationalDatabase.SaveChangesAsync(IList`1 entries, CancellationToken cancellationToken)
   at Microsoft.EntityFrameworkCore.ChangeTracking.Internal.StateManager.SaveChangesAsync(IList`1 entriesToSave, CancellationToken cancellationToken)
   at Microsoft.EntityFrameworkCore.ChangeTracking.Internal.StateManager.SaveChangesAsync(StateManager stateManager, Boolean acceptAllChangesOnSuccess, CancellationToken cancellationToken)
   at Microsoft.EntityFrameworkCore.SqlServer.Storage.Internal.SqlServerExecutionStrategy.ExecuteAsync[TState,TResult](TState state, Func`4 operation, Func`4 verifySucceeded, CancellationToken cancellationToken)
   at Microsoft.EntityFrameworkCore.DbContext.SaveChangesAsync(Boolean acceptAllChangesOnSuccess, CancellationToken cancellationToken)
   at Microsoft.EntityFrameworkCore.DbContext.SaveChangesAsync(Boolean acceptAllChangesOnSuccess, CancellationToken cancellationToken)
   at InternshipMatcher.Application.Features.Users.CreateUserOrchestrotor.CreateUserOrchestratorHandler.Handle(CreateUserOrchestrator request, CancellationToken cancellationToken) in C:\Users\HP\source\repos\InternshipMatcher\src\InternshipMatcher.Application\Features\Users\CreateUserOrchestrotor\CreateUserOrchestrator.cs:line 85
   at InternshipMatcher.Application.Behaviours.BehaviourValidation`2.Handle(TRequest request, RequestHandlerDelegate`1 next, CancellationToken cancellationToken) in C:\Users\HP\source\repos\InternshipMatcher\src\InternshipMatcher.Infra\Behaviours\BehaviourValidation.cs:line 14
   at InternshipMatcher.API.MinimalAPIs.UserEndpoints.<>c.<<MapUsersEndpoints>b__0_0>d.MoveNext() in C:\Users\HP\source\repos\InternshipMatcher\src\InternshipMatcher.API\MinimalAPIs\UserEndpoints.cs:line 21
--- End of stack trace from previous location ---
   at Microsoft.AspNetCore.Http.RequestDelegateFactory.<ExecuteTaskOfT>g__ExecuteAwaited|134_0[T](Task`1 task, HttpContext httpContext, JsonTypeInfo`1 jsonTypeInfo)
   at Microsoft.AspNetCore.Http.RequestDelegateFactory.<>c__DisplayClass102_2.<<HandleRequestBodyAndCompileRequestDelegateForJson>b__2>d.MoveNext()
--- End of stack trace from previous location ---
   at Microsoft.AspNetCore.Routing.EndpointMiddleware.<Invoke>g__AwaitRequestTask|7_0(Endpoint endpoint, Task requestTask, ILogger logger)
   at Swashbuckle.AspNetCore.SwaggerUI.SwaggerUIMiddleware.Invoke(HttpContext httpContext)
   at Swashbuckle.AspNetCore.Swagger.SwaggerMiddleware.Invoke(HttpContext httpContext, ISwaggerProvider swaggerProvider)
   at Microsoft.AspNetCore.Authorization.AuthorizationMiddleware.Invoke(HttpContext context)
   at Microsoft.AspNetCore.Authentication.AuthenticationMiddleware.Invoke(HttpContext context)
   at Microsoft.AspNetCore.Diagnostics.DeveloperExceptionPageMiddlewareImpl.Invoke(HttpContext context)
2026-04-27 21:27:34.408 +03:00 [INF] User profile is available. Using 'C:\Users\HP\AppData\Local\ASP.NET\DataProtection-Keys' as key repository and Windows DPAPI to encrypt keys at rest.
2026-04-27 21:27:34.785 +03:00 [INF] Now listening on: https://localhost:7102
2026-04-27 21:27:34.787 +03:00 [INF] Now listening on: http://localhost:5119
2026-04-27 21:27:34.990 +03:00 [INF] Application started. Press Ctrl+C to shut down.
2026-04-27 21:27:34.993 +03:00 [INF] Hosting environment: Development
2026-04-27 21:27:34.996 +03:00 [INF] Content root path: C:\Users\HP\source\repos\InternshipMatcher\src\InternshipMatcher.API
2026-04-27 21:27:37.392 +03:00 [INF] Request starting HTTP/2 GET https://localhost:7102/swagger/index.html - null null
2026-04-27 21:27:37.625 +03:00 [WRN] Unable to configure Browser Link script injection on the response. 
2026-04-27 21:27:37.641 +03:00 [INF] Request finished HTTP/2 GET https://localhost:7102/swagger/index.html - 200 null text/html;charset=utf-8 250.4134ms
2026-04-27 21:27:37.672 +03:00 [INF] Request starting HTTP/2 GET https://localhost:7102/_framework/aspnetcore-browser-refresh.js - null null
2026-04-27 21:27:37.674 +03:00 [INF] Request starting HTTP/2 GET https://localhost:7102/swagger/index.js - null null
2026-04-27 21:27:37.697 +03:00 [INF] Request finished HTTP/2 GET https://localhost:7102/_framework/aspnetcore-browser-refresh.js - 200 14946 application/javascript; charset=utf-8 24.3247ms
2026-04-27 21:27:37.701 +03:00 [INF] Request finished HTTP/2 GET https://localhost:7102/swagger/index.js - 200 null application/javascript;charset=utf-8 27.6548ms
2026-04-27 21:27:37.788 +03:00 [INF] Request starting HTTP/2 GET https://localhost:7102/swagger/v1/swagger.json - null null
2026-04-27 21:27:37.823 +03:00 [INF] Request finished HTTP/2 GET https://localhost:7102/swagger/v1/swagger.json - 200 null application/json;charset=utf-8 34.8198ms
2026-04-27 21:27:55.976 +03:00 [INF] Request starting HTTP/2 POST https://localhost:7102/v1/users/regiseration - application/json 130
2026-04-27 21:27:55.990 +03:00 [INF] CORS policy execution failed.
2026-04-27 21:27:55.993 +03:00 [INF] Request origin https://localhost:7102 does not have permission to access the resource.
2026-04-27 21:27:56.004 +03:00 [INF] Executing endpoint 'HTTP: POST /v1/users/regiseration'
2026-04-27 21:27:56.039 +03:00 [WRN] You do not have a valid license key for the Lucky Penny software MediatR. This is allowed for development and testing scenarios. If you are running in production you are required to have a licensed version. Please visit https://luckypennysoftware.com to obtain a valid license.
2026-04-27 21:27:58.005 +03:00 [INF] Executed DbCommand (40ms) [Parameters=[@request_DTO_Email='?' (Size = 255)], CommandType='"Text"', CommandTimeout='30']
SELECT TOP(1) [u].[ID], [u].[DateOfBirth], [u].[Email], [u].[FirstName], [u].[IsActive], [u].[IsDeleted], [u].[LastName], [u].[Password], [u].[RefreshToken], [u].[RememberMe], [u].[Role]
FROM [Users] AS [u]
WHERE [u].[IsDeleted] = CAST(0 AS bit) AND [u].[IsActive] = CAST(1 AS bit) AND [u].[Email] = @request_DTO_Email
2026-04-27 21:27:58.621 +03:00 [ERR] Failed executing DbCommand (13ms) [Parameters=[@p0='?' (DbType = Guid), @p1='?' (DbType = DateTime2), @p2='?' (Size = 255), @p3='?' (Size = 4000), @p4='?' (DbType = Boolean), @p5='?' (DbType = Boolean), @p6='?' (Size = 4000), @p7='?' (Size = 255), @p8='?' (Size = 4000), @p9='?' (DbType = Boolean), @p10='?' (DbType = Int32), @p11='?' (DbType = Guid), @p12='?' (Size = 4000), @p13='?' (Size = 4000), @p14='?' (Size = 100), @p15='?' (DbType = Boolean), @p16='?' (DbType = Boolean), @p17='?' (Size = 4000), @p18='?' (DbType = Guid)], CommandType='"Text"', CommandTimeout='30']
SET NOCOUNT ON;
INSERT INTO [Users] ([ID], [DateOfBirth], [Email], [FirstName], [IsActive], [IsDeleted], [LastName], [Password], [RefreshToken], [RememberMe], [Role])
VALUES (@p0, @p1, @p2, @p3, @p4, @p5, @p6, @p7, @p8, @p9, @p10);
INSERT INTO [StudentProfiles] ([ID], [Bio], [CVPath], [FullName], [IsActive], [IsDeleted], [University], [UserID])
VALUES (@p11, @p12, @p13, @p14, @p15, @p16, @p17, @p18);
2026-04-27 21:27:58.667 +03:00 [ERR] An exception occurred in the database while saving changes for context type 'InternshipMatcher.Infra.DbContext.AppDbContext'.
Microsoft.EntityFrameworkCore.DbUpdateException: An error occurred while saving the entity changes. See the inner exception for details.
 ---> Microsoft.Data.SqlClient.SqlException (0x80131904): Cannot insert the value NULL into column 'Bio', table 'Internship_Matcher_DB.dbo.StudentProfiles'; column does not allow nulls. INSERT fails.
The statement has been terminated.
   at Microsoft.Data.SqlClient.SqlCommand.<>c.<ExecuteDbDataReaderAsync>b__195_0(Task`1 result)
   at System.Threading.Tasks.ContinuationResultTaskFromResultTask`2.InnerInvoke()
   at System.Threading.ExecutionContext.RunInternal(ExecutionContext executionContext, ContextCallback callback, Object state)
--- End of stack trace from previous location ---
   at System.Threading.ExecutionContext.RunInternal(ExecutionContext executionContext, ContextCallback callback, Object state)
   at System.Threading.Tasks.Task.ExecuteWithThreadLocal(Task& currentTaskSlot, Thread threadPoolThread)
--- End of stack trace from previous location ---
   at Microsoft.EntityFrameworkCore.Storage.RelationalCommand.ExecuteReaderAsync(RelationalCommandParameterObject parameterObject, CancellationToken cancellationToken)
   at Microsoft.EntityFrameworkCore.Storage.RelationalCommand.ExecuteReaderAsync(RelationalCommandParameterObject parameterObject, CancellationToken cancellationToken)
   at Microsoft.EntityFrameworkCore.Update.ReaderModificationCommandBatch.ExecuteAsync(IRelationalConnection connection, CancellationToken cancellationToken)
ClientConnectionId:aa877081-60ec-4d04-9bd7-117bcdf3385a
Error Number:515,State:2,Class:16
   --- End of inner exception stack trace ---
   at Microsoft.EntityFrameworkCore.Update.ReaderModificationCommandBatch.ExecuteAsync(IRelationalConnection connection, CancellationToken cancellationToken)
   at Microsoft.EntityFrameworkCore.SqlServer.Update.Internal.SqlServerModificationCommandBatch.ExecuteAsync(IRelationalConnection connection, CancellationToken cancellationToken)
   at Microsoft.EntityFrameworkCore.Update.Internal.BatchExecutor.ExecuteAsync(IEnumerable`1 commandBatches, IRelationalConnection connection, CancellationToken cancellationToken)
   at Microsoft.EntityFrameworkCore.Update.Internal.BatchExecutor.ExecuteAsync(IEnumerable`1 commandBatches, IRelationalConnection connection, CancellationToken cancellationToken)
   at Microsoft.EntityFrameworkCore.Update.Internal.BatchExecutor.ExecuteAsync(IEnumerable`1 commandBatches, IRelationalConnection connection, CancellationToken cancellationToken)
   at Microsoft.EntityFrameworkCore.Storage.RelationalDatabase.SaveChangesAsync(IList`1 entries, CancellationToken cancellationToken)
   at Microsoft.EntityFrameworkCore.ChangeTracking.Internal.StateManager.SaveChangesAsync(IList`1 entriesToSave, CancellationToken cancellationToken)
   at Microsoft.EntityFrameworkCore.ChangeTracking.Internal.StateManager.SaveChangesAsync(StateManager stateManager, Boolean acceptAllChangesOnSuccess, CancellationToken cancellationToken)
   at Microsoft.EntityFrameworkCore.SqlServer.Storage.Internal.SqlServerExecutionStrategy.ExecuteAsync[TState,TResult](TState state, Func`4 operation, Func`4 verifySucceeded, CancellationToken cancellationToken)
   at Microsoft.EntityFrameworkCore.DbContext.SaveChangesAsync(Boolean acceptAllChangesOnSuccess, CancellationToken cancellationToken)
Microsoft.EntityFrameworkCore.DbUpdateException: An error occurred while saving the entity changes. See the inner exception for details.
 ---> Microsoft.Data.SqlClient.SqlException (0x80131904): Cannot insert the value NULL into column 'Bio', table 'Internship_Matcher_DB.dbo.StudentProfiles'; column does not allow nulls. INSERT fails.
The statement has been terminated.
   at Microsoft.Data.SqlClient.SqlCommand.<>c.<ExecuteDbDataReaderAsync>b__195_0(Task`1 result)
   at System.Threading.Tasks.ContinuationResultTaskFromResultTask`2.InnerInvoke()
   at System.Threading.ExecutionContext.RunInternal(ExecutionContext executionContext, ContextCallback callback, Object state)
--- End of stack trace from previous location ---
   at System.Threading.ExecutionContext.RunInternal(ExecutionContext executionContext, ContextCallback callback, Object state)
   at System.Threading.Tasks.Task.ExecuteWithThreadLocal(Task& currentTaskSlot, Thread threadPoolThread)
--- End of stack trace from previous location ---
   at Microsoft.EntityFrameworkCore.Storage.RelationalCommand.ExecuteReaderAsync(RelationalCommandParameterObject parameterObject, CancellationToken cancellationToken)
   at Microsoft.EntityFrameworkCore.Storage.RelationalCommand.ExecuteReaderAsync(RelationalCommandParameterObject parameterObject, CancellationToken cancellationToken)
   at Microsoft.EntityFrameworkCore.Update.ReaderModificationCommandBatch.ExecuteAsync(IRelationalConnection connection, CancellationToken cancellationToken)
ClientConnectionId:aa877081-60ec-4d04-9bd7-117bcdf3385a
Error Number:515,State:2,Class:16
   --- End of inner exception stack trace ---
   at Microsoft.EntityFrameworkCore.Update.ReaderModificationCommandBatch.ExecuteAsync(IRelationalConnection connection, CancellationToken cancellationToken)
   at Microsoft.EntityFrameworkCore.SqlServer.Update.Internal.SqlServerModificationCommandBatch.ExecuteAsync(IRelationalConnection connection, CancellationToken cancellationToken)
   at Microsoft.EntityFrameworkCore.Update.Internal.BatchExecutor.ExecuteAsync(IEnumerable`1 commandBatches, IRelationalConnection connection, CancellationToken cancellationToken)
   at Microsoft.EntityFrameworkCore.Update.Internal.BatchExecutor.ExecuteAsync(IEnumerable`1 commandBatches, IRelationalConnection connection, CancellationToken cancellationToken)
   at Microsoft.EntityFrameworkCore.Update.Internal.BatchExecutor.ExecuteAsync(IEnumerable`1 commandBatches, IRelationalConnection connection, CancellationToken cancellationToken)
   at Microsoft.EntityFrameworkCore.Storage.RelationalDatabase.SaveChangesAsync(IList`1 entries, CancellationToken cancellationToken)
   at Microsoft.EntityFrameworkCore.ChangeTracking.Internal.StateManager.SaveChangesAsync(IList`1 entriesToSave, CancellationToken cancellationToken)
   at Microsoft.EntityFrameworkCore.ChangeTracking.Internal.StateManager.SaveChangesAsync(StateManager stateManager, Boolean acceptAllChangesOnSuccess, CancellationToken cancellationToken)
   at Microsoft.EntityFrameworkCore.SqlServer.Storage.Internal.SqlServerExecutionStrategy.ExecuteAsync[TState,TResult](TState state, Func`4 operation, Func`4 verifySucceeded, CancellationToken cancellationToken)
   at Microsoft.EntityFrameworkCore.DbContext.SaveChangesAsync(Boolean acceptAllChangesOnSuccess, CancellationToken cancellationToken)
2026-04-27 21:27:58.682 +03:00 [INF] Executed endpoint 'HTTP: POST /v1/users/regiseration'
2026-04-27 21:27:58.687 +03:00 [ERR] An unhandled exception has occurred while executing the request.
Microsoft.EntityFrameworkCore.DbUpdateException: An error occurred while saving the entity changes. See the inner exception for details.
 ---> Microsoft.Data.SqlClient.SqlException (0x80131904): Cannot insert the value NULL into column 'Bio', table 'Internship_Matcher_DB.dbo.StudentProfiles'; column does not allow nulls. INSERT fails.
The statement has been terminated.
   at Microsoft.Data.SqlClient.SqlCommand.<>c.<ExecuteDbDataReaderAsync>b__195_0(Task`1 result)
   at System.Threading.Tasks.ContinuationResultTaskFromResultTask`2.InnerInvoke()
   at System.Threading.ExecutionContext.RunInternal(ExecutionContext executionContext, ContextCallback callback, Object state)
--- End of stack trace from previous location ---
   at System.Threading.ExecutionContext.RunInternal(ExecutionContext executionContext, ContextCallback callback, Object state)
   at System.Threading.Tasks.Task.ExecuteWithThreadLocal(Task& currentTaskSlot, Thread threadPoolThread)
--- End of stack trace from previous location ---
   at Microsoft.EntityFrameworkCore.Storage.RelationalCommand.ExecuteReaderAsync(RelationalCommandParameterObject parameterObject, CancellationToken cancellationToken)
   at Microsoft.EntityFrameworkCore.Storage.RelationalCommand.ExecuteReaderAsync(RelationalCommandParameterObject parameterObject, CancellationToken cancellationToken)
   at Microsoft.EntityFrameworkCore.Update.ReaderModificationCommandBatch.ExecuteAsync(IRelationalConnection connection, CancellationToken cancellationToken)
ClientConnectionId:aa877081-60ec-4d04-9bd7-117bcdf3385a
Error Number:515,State:2,Class:16
   --- End of inner exception stack trace ---
   at Microsoft.EntityFrameworkCore.Update.ReaderModificationCommandBatch.ExecuteAsync(IRelationalConnection connection, CancellationToken cancellationToken)
   at Microsoft.EntityFrameworkCore.SqlServer.Update.Internal.SqlServerModificationCommandBatch.ExecuteAsync(IRelationalConnection connection, CancellationToken cancellationToken)
   at Microsoft.EntityFrameworkCore.Update.Internal.BatchExecutor.ExecuteAsync(IEnumerable`1 commandBatches, IRelationalConnection connection, CancellationToken cancellationToken)
   at Microsoft.EntityFrameworkCore.Update.Internal.BatchExecutor.ExecuteAsync(IEnumerable`1 commandBatches, IRelationalConnection connection, CancellationToken cancellationToken)
   at Microsoft.EntityFrameworkCore.Update.Internal.BatchExecutor.ExecuteAsync(IEnumerable`1 commandBatches, IRelationalConnection connection, CancellationToken cancellationToken)
   at Microsoft.EntityFrameworkCore.Storage.RelationalDatabase.SaveChangesAsync(IList`1 entries, CancellationToken cancellationToken)
   at Microsoft.EntityFrameworkCore.ChangeTracking.Internal.StateManager.SaveChangesAsync(IList`1 entriesToSave, CancellationToken cancellationToken)
   at Microsoft.EntityFrameworkCore.ChangeTracking.Internal.StateManager.SaveChangesAsync(StateManager stateManager, Boolean acceptAllChangesOnSuccess, CancellationToken cancellationToken)
   at Microsoft.EntityFrameworkCore.SqlServer.Storage.Internal.SqlServerExecutionStrategy.ExecuteAsync[TState,TResult](TState state, Func`4 operation, Func`4 verifySucceeded, CancellationToken cancellationToken)
   at Microsoft.EntityFrameworkCore.DbContext.SaveChangesAsync(Boolean acceptAllChangesOnSuccess, CancellationToken cancellationToken)
   at Microsoft.EntityFrameworkCore.DbContext.SaveChangesAsync(Boolean acceptAllChangesOnSuccess, CancellationToken cancellationToken)
   at InternshipMatcher.Application.Features.Users.CreateUserOrchestrotor.CreateUserOrchestratorHandler.Handle(CreateUserOrchestrator request, CancellationToken cancellationToken) in C:\Users\HP\source\repos\InternshipMatcher\src\InternshipMatcher.Application\Features\Users\CreateUserOrchestrotor\CreateUserOrchestrator.cs:line 85
   at InternshipMatcher.Application.Behaviours.BehaviourValidation`2.Handle(TRequest request, RequestHandlerDelegate`1 next, CancellationToken cancellationToken) in C:\Users\HP\source\repos\InternshipMatcher\src\InternshipMatcher.Infra\Behaviours\BehaviourValidation.cs:line 14
   at InternshipMatcher.API.MinimalAPIs.UserEndpoints.<>c.<<MapUsersEndpoints>b__0_0>d.MoveNext() in C:\Users\HP\source\repos\InternshipMatcher\src\InternshipMatcher.API\MinimalAPIs\UserEndpoints.cs:line 21
--- End of stack trace from previous location ---
   at Microsoft.AspNetCore.Http.RequestDelegateFactory.<ExecuteTaskOfT>g__ExecuteAwaited|134_0[T](Task`1 task, HttpContext httpContext, JsonTypeInfo`1 jsonTypeInfo)
   at Microsoft.AspNetCore.Http.RequestDelegateFactory.<>c__DisplayClass102_2.<<HandleRequestBodyAndCompileRequestDelegateForJson>b__2>d.MoveNext()
--- End of stack trace from previous location ---
   at Microsoft.AspNetCore.Routing.EndpointMiddleware.<Invoke>g__AwaitRequestTask|7_0(Endpoint endpoint, Task requestTask, ILogger logger)
   at Swashbuckle.AspNetCore.SwaggerUI.SwaggerUIMiddleware.Invoke(HttpContext httpContext)
   at Swashbuckle.AspNetCore.Swagger.SwaggerMiddleware.Invoke(HttpContext httpContext, ISwaggerProvider swaggerProvider)
   at Microsoft.AspNetCore.Authorization.AuthorizationMiddleware.Invoke(HttpContext context)
   at Microsoft.AspNetCore.Authentication.AuthenticationMiddleware.Invoke(HttpContext context)
   at Microsoft.AspNetCore.Diagnostics.DeveloperExceptionPageMiddlewareImpl.Invoke(HttpContext context)
2026-04-27 21:27:58.773 +03:00 [INF] Request finished HTTP/2 POST https://localhost:7102/v1/users/regiseration - 500 null application/problem+json 2797.5725ms
2026-04-27 21:28:28.140 +03:00 [INF] User profile is available. Using 'C:\Users\HP\AppData\Local\ASP.NET\DataProtection-Keys' as key repository and Windows DPAPI to encrypt keys at rest.
2026-04-27 21:28:28.562 +03:00 [INF] Now listening on: https://localhost:7102
2026-04-27 21:28:28.569 +03:00 [INF] Now listening on: http://localhost:5119
2026-04-27 21:28:28.631 +03:00 [INF] Application started. Press Ctrl+C to shut down.
2026-04-27 21:28:28.633 +03:00 [INF] Hosting environment: Development
2026-04-27 21:28:28.634 +03:00 [INF] Content root path: C:\Users\HP\source\repos\InternshipMatcher\src\InternshipMatcher.API
2026-04-27 21:28:28.701 +03:00 [INF] Request starting HTTP/2 GET https://localhost:7102/swagger/index.html - null null
2026-04-27 21:28:29.007 +03:00 [WRN] Unable to configure Browser Link script injection on the response. 
2026-04-27 21:28:29.023 +03:00 [INF] Request finished HTTP/2 GET https://localhost:7102/swagger/index.html - 200 null text/html;charset=utf-8 323.8854ms
2026-04-27 21:28:29.036 +03:00 [INF] Request starting HTTP/2 GET https://localhost:7102/_framework/aspnetcore-browser-refresh.js - null null
2026-04-27 21:28:29.036 +03:00 [INF] Request starting HTTP/2 GET https://localhost:7102/swagger/index.js - null null
2026-04-27 21:28:29.050 +03:00 [INF] Request finished HTTP/2 GET https://localhost:7102/swagger/index.js - 200 null application/javascript;charset=utf-8 13.2991ms
2026-04-27 21:28:29.051 +03:00 [INF] Request finished HTTP/2 GET https://localhost:7102/_framework/aspnetcore-browser-refresh.js - 200 14946 application/javascript; charset=utf-8 14.8294ms
2026-04-27 21:28:29.168 +03:00 [INF] Request starting HTTP/2 GET https://localhost:7102/swagger/v1/swagger.json - null null
2026-04-27 21:28:29.200 +03:00 [INF] Request finished HTTP/2 GET https://localhost:7102/swagger/v1/swagger.json - 200 null application/json;charset=utf-8 31.7767ms
2026-04-27 21:29:00.580 +03:00 [INF] User profile is available. Using 'C:\Users\HP\AppData\Local\ASP.NET\DataProtection-Keys' as key repository and Windows DPAPI to encrypt keys at rest.
2026-04-27 21:29:01.004 +03:00 [INF] Now listening on: https://localhost:7102
2026-04-27 21:29:01.009 +03:00 [INF] Now listening on: http://localhost:5119
2026-04-27 21:29:01.084 +03:00 [INF] Application started. Press Ctrl+C to shut down.
2026-04-27 21:29:01.090 +03:00 [INF] Hosting environment: Development
2026-04-27 21:29:01.091 +03:00 [INF] Content root path: C:\Users\HP\source\repos\InternshipMatcher\src\InternshipMatcher.API
2026-04-27 21:29:01.100 +03:00 [INF] Request starting HTTP/2 GET https://localhost:7102/swagger/index.html - null null
2026-04-27 21:29:01.301 +03:00 [WRN] Unable to configure Browser Link script injection on the response. 
2026-04-27 21:29:01.310 +03:00 [INF] Request finished HTTP/2 GET https://localhost:7102/swagger/index.html - 200 null text/html;charset=utf-8 210.9459ms
2026-04-27 21:29:01.341 +03:00 [INF] Request starting HTTP/2 GET https://localhost:7102/_framework/aspnetcore-browser-refresh.js - null null
2026-04-27 21:29:01.342 +03:00 [INF] Request starting HTTP/2 GET https://localhost:7102/swagger/index.js - null null
2026-04-27 21:29:01.366 +03:00 [INF] Request finished HTTP/2 GET https://localhost:7102/_framework/aspnetcore-browser-refresh.js - 200 14946 application/javascript; charset=utf-8 24.3141ms
2026-04-27 21:29:01.371 +03:00 [INF] Request finished HTTP/2 GET https://localhost:7102/swagger/index.js - 200 null application/javascript;charset=utf-8 29.5127ms
2026-04-27 21:29:01.461 +03:00 [INF] Request starting HTTP/2 GET https://localhost:7102/swagger/v1/swagger.json - null null
2026-04-27 21:29:01.489 +03:00 [INF] Request finished HTTP/2 GET https://localhost:7102/swagger/v1/swagger.json - 200 null application/json;charset=utf-8 27.6605ms
