2026-04-18 18:22:22.585 +02:00 [INF] Executed DbCommand (5ms) [Parameters=[], CommandType='"Text"', CommandTimeout='30']
SELECT 1
2026-04-18 18:22:22.629 +02:00 [INF] Acquiring an exclusive lock for migration application. See https://aka.ms/efcore-docs-migrations-lock for more information if this takes too long.
2026-04-18 18:22:22.655 +02:00 [INF] Executed DbCommand (22ms) [Parameters=[], CommandType='"Text"', CommandTimeout='30']
DECLARE @result int;
EXEC @result = sp_getapplock @Resource = '__EFMigrationsLock', @LockOwner = 'Session', @LockMode = 'Exclusive';
SELECT @result
2026-04-18 18:22:22.736 +02:00 [INF] Executed DbCommand (3ms) [Parameters=[], CommandType='"Text"', CommandTimeout='30']
IF OBJECT_ID(N'[__EFMigrationsHistory]') IS NULL
BEGIN
    CREATE TABLE [__EFMigrationsHistory] (
        [MigrationId] nvarchar(150) NOT NULL,
        [ProductVersion] nvarchar(32) NOT NULL,
        CONSTRAINT [PK___EFMigrationsHistory] PRIMARY KEY ([MigrationId])
    );
END;
2026-04-18 18:22:22.744 +02:00 [INF] Executed DbCommand (0ms) [Parameters=[], CommandType='"Text"', CommandTimeout='30']
SELECT 1
2026-04-18 18:22:22.745 +02:00 [INF] Executed DbCommand (1ms) [Parameters=[], CommandType='"Text"', CommandTimeout='30']
SELECT OBJECT_ID(N'[__EFMigrationsHistory]');
2026-04-18 18:22:22.750 +02:00 [INF] Executed DbCommand (2ms) [Parameters=[], CommandType='"Text"', CommandTimeout='30']
SELECT [MigrationId], [ProductVersion]
FROM [__EFMigrationsHistory]
ORDER BY [MigrationId];
2026-04-18 18:22:22.758 +02:00 [INF] Applying migration '20260418162209_Modify03'.
2026-04-18 18:22:22.772 +02:00 [INF] Executed DbCommand (2ms) [Parameters=[], CommandType='"Text"', CommandTimeout='30']
INSERT INTO [__EFMigrationsHistory] ([MigrationId], [ProductVersion])
VALUES (N'20260418162209_Modify03', N'10.0.6');
2026-04-18 18:22:22.776 +02:00 [INF] Executed DbCommand (3ms) [Parameters=[], CommandType='"Text"', CommandTimeout='30']
DECLARE @result int;
EXEC @result = sp_releaseapplock @Resource = '__EFMigrationsLock', @LockOwner = 'Session';
SELECT @result
2026-04-18 18:40:37.789 +02:00 [INF] User profile is available. Using 'C:\Users\HP\AppData\Local\ASP.NET\DataProtection-Keys' as key repository and Windows DPAPI to encrypt keys at rest.
2026-04-18 18:40:38.052 +02:00 [INF] Now listening on: https://localhost:7102
2026-04-18 18:40:38.054 +02:00 [INF] Now listening on: http://localhost:5119
2026-04-18 18:40:38.094 +02:00 [INF] Application started. Press Ctrl+C to shut down.
2026-04-18 18:40:38.095 +02:00 [INF] Hosting environment: Development
2026-04-18 18:40:38.097 +02:00 [INF] Content root path: C:\Users\HP\source\repos\InternshipMatcher\src\InternshipMatcher.API
2026-04-18 18:40:41.840 +02:00 [INF] Request starting HTTP/1.1 POST https://localhost:7102/v1/internships - application/json 329
2026-04-18 18:40:42.070 +02:00 [INF] Executing endpoint 'HTTP: POST /v1/internships/'
2026-04-18 18:40:42.101 +02:00 [WRN] You do not have a valid license key for the Lucky Penny software MediatR. This is allowed for development and testing scenarios. If you are running in production you are required to have a licensed version. Please visit https://luckypennysoftware.com to obtain a valid license.
2026-04-18 18:40:42.273 +02:00 [INF] Executed endpoint 'HTTP: POST /v1/internships/'
2026-04-18 18:40:42.281 +02:00 [ERR] An unhandled exception has occurred while executing the request.
System.InvalidOperationException: No service for type 'MediatR.IRequestHandler`2[InternshipMatcher.Application.Features.Internships.Commands.AddInternship.AddInternshipCommand,InternshipMatcher.API.Common.ResponseStructure.Result`1[InternshipMatcher.Application.Features.Internships.DTOs.AddInternshipResponseDTO]]' has been registered.
   at Microsoft.Extensions.DependencyInjection.ServiceProviderServiceExtensions.GetRequiredService(IServiceProvider provider, Type serviceType)
   at Microsoft.Extensions.DependencyInjection.ServiceProviderServiceExtensions.GetRequiredService[T](IServiceProvider provider)
   at MediatR.Wrappers.RequestHandlerWrapperImpl`2.<>c__DisplayClass1_0.<Handle>g__Handler|0(CancellationToken t)
   at InternshipMatcher.Application.Behaviours.BehaviourValidation`2.Handle(TRequest request, RequestHandlerDelegate`1 next, CancellationToken cancellationToken) in C:\Users\HP\source\repos\InternshipMatcher\src\InternshipMatcher.Application\Behaviours\BehaviourValidation.cs:line 14
   at InternshipMatcher.API.MinimalAPIs.InternshipsEndpoints.<>c.<<MapInternships>b__0_0>d.MoveNext() in C:\Users\HP\source\repos\InternshipMatcher\src\InternshipMatcher.API\MinimalAPIs\InternshipsEndpoints.cs:line 16
--- End of stack trace from previous location ---
   at Microsoft.AspNetCore.Http.RequestDelegateFactory.ExecuteTaskResult[T](Task`1 task, HttpContext httpContext)
   at Microsoft.AspNetCore.Http.RequestDelegateFactory.<>c__DisplayClass102_2.<<HandleRequestBodyAndCompileRequestDelegateForJson>b__2>d.MoveNext()
--- End of stack trace from previous location ---
   at Microsoft.AspNetCore.Routing.EndpointMiddleware.<Invoke>g__AwaitRequestTask|7_0(Endpoint endpoint, Task requestTask, ILogger logger)
   at Swashbuckle.AspNetCore.SwaggerUI.SwaggerUIMiddleware.Invoke(HttpContext httpContext)
   at Swashbuckle.AspNetCore.Swagger.SwaggerMiddleware.Invoke(HttpContext httpContext, ISwaggerProvider swaggerProvider)
   at Microsoft.AspNetCore.Authorization.AuthorizationMiddleware.Invoke(HttpContext context)
   at Microsoft.AspNetCore.Authentication.AuthenticationMiddleware.Invoke(HttpContext context)
   at Microsoft.AspNetCore.Diagnostics.DeveloperExceptionPageMiddlewareImpl.Invoke(HttpContext context)
2026-04-18 18:40:42.404 +02:00 [INF] Request finished HTTP/1.1 POST https://localhost:7102/v1/internships - 500 null application/problem+json 564.5708ms
2026-04-18 18:45:28.388 +02:00 [INF] User profile is available. Using 'C:\Users\HP\AppData\Local\ASP.NET\DataProtection-Keys' as key repository and Windows DPAPI to encrypt keys at rest.
2026-04-18 18:45:28.789 +02:00 [INF] Now listening on: https://localhost:7102
2026-04-18 18:45:28.792 +02:00 [INF] Now listening on: http://localhost:5119
2026-04-18 18:45:28.854 +02:00 [INF] Application started. Press Ctrl+C to shut down.
2026-04-18 18:45:28.857 +02:00 [INF] Hosting environment: Development
2026-04-18 18:45:28.859 +02:00 [INF] Content root path: C:\Users\HP\source\repos\InternshipMatcher\src\InternshipMatcher.API
2026-04-18 18:45:33.709 +02:00 [INF] Request starting HTTP/1.1 POST https://localhost:7102/v1/internships - application/json 329
2026-04-18 18:45:33.950 +02:00 [INF] Executing endpoint 'HTTP: POST /v1/internships/'
2026-04-18 18:45:33.985 +02:00 [WRN] You do not have a valid license key for the Lucky Penny software MediatR. This is allowed for development and testing scenarios. If you are running in production you are required to have a licensed version. Please visit https://luckypennysoftware.com to obtain a valid license.
2026-04-18 18:45:36.303 +02:00 [ERR] Failed executing DbCommand (77ms) [Parameters=[@p0='?' (DbType = Guid), @p1='?' (Size = 4000), @p2='?' (DbType = DateTime2), @p3='?' (DbType = Boolean), @p4='?' (DbType = Boolean), @p5='?' (Size = 4000), @p6='?' (DbType = Guid), @p7='?' (DbType = DateTime2), @p8='?' (Size = 200)], CommandType='"Text"', CommandTimeout='30']
SET IMPLICIT_TRANSACTIONS OFF;
SET NOCOUNT ON;
INSERT INTO [Internships] ([ID], [Description], [EndDate], [IsActive], [IsDeleted], [Location], [RecruiterProfileID], [StartDate], [Title])
VALUES (@p0, @p1, @p2, @p3, @p4, @p5, @p6, @p7, @p8);
2026-04-18 18:45:36.353 +02:00 [ERR] An exception occurred in the database while saving changes for context type 'InternshipMatcher.Infra.DbContext.AppDbContext'.
Microsoft.EntityFrameworkCore.DbUpdateException: An error occurred while saving the entity changes. See the inner exception for details.
 ---> Microsoft.Data.SqlClient.SqlException (0x80131904): The INSERT statement conflicted with the FOREIGN KEY constraint "FK_Internships_RecruiterProfiles_RecruiterProfileID". The conflict occurred in database "Internship_Matcher_DB", table "dbo.RecruiterProfiles", column 'ID'.
The statement has been terminated.
   at Microsoft.Data.SqlClient.SqlCommand.<>c.<ExecuteDbDataReaderAsync>b__195_0(Task`1 result)
   at System.Threading.Tasks.ContinuationResultTaskFromResultTask`2.InnerInvoke()
   at System.Threading.ExecutionContext.RunInternal(ExecutionContext executionContext, ContextCallback callback, Object state)
--- End of stack trace from previous location ---
   at System.Threading.ExecutionContext.RunInternal(ExecutionContext executionContext, ContextCallback callback, Object state)
   at System.Threading.Tasks.Task.ExecuteWithThreadLocal(Task& currentTaskSlot, Thread threadPoolThread)
--- End of stack trace from previous location ---
   at Microsoft.EntityFrameworkCore.Storage.RelationalCommand.ExecuteReaderAsync(RelationalCommandParameterObject parameterObject, CancellationToken cancellationToken)
   at Microsoft.EntityFrameworkCore.Storage.RelationalCommand.ExecuteReaderAsync(RelationalCommandParameterObject parameterObject, CancellationToken cancellationToken)
   at Microsoft.EntityFrameworkCore.Update.ReaderModificationCommandBatch.ExecuteAsync(IRelationalConnection connection, CancellationToken cancellationToken)
ClientConnectionId:8ce798ce-9aae-47f5-9bfd-bb4d50efacc0
Error Number:547,State:0,Class:16
   --- End of inner exception stack trace ---
   at Microsoft.EntityFrameworkCore.Update.ReaderModificationCommandBatch.ExecuteAsync(IRelationalConnection connection, CancellationToken cancellationToken)
   at Microsoft.EntityFrameworkCore.SqlServer.Update.Internal.SqlServerModificationCommandBatch.ExecuteAsync(IRelationalConnection connection, CancellationToken cancellationToken)
   at Microsoft.EntityFrameworkCore.Update.Internal.BatchExecutor.ExecuteAsync(IEnumerable`1 commandBatches, IRelationalConnection connection, CancellationToken cancellationToken)
   at Microsoft.EntityFrameworkCore.Update.Internal.BatchExecutor.ExecuteAsync(IEnumerable`1 commandBatches, IRelationalConnection connection, CancellationToken cancellationToken)
   at Microsoft.EntityFrameworkCore.Update.Internal.BatchExecutor.ExecuteAsync(IEnumerable`1 commandBatches, IRelationalConnection connection, CancellationToken cancellationToken)
   at Microsoft.EntityFrameworkCore.Storage.RelationalDatabase.SaveChangesAsync(IList`1 entries, CancellationToken cancellationToken)
   at Microsoft.EntityFrameworkCore.ChangeTracking.Internal.StateManager.SaveChangesAsync(IList`1 entriesToSave, CancellationToken cancellationToken)
   at Microsoft.EntityFrameworkCore.ChangeTracking.Internal.StateManager.SaveChangesAsync(StateManager stateManager, Boolean acceptAllChangesOnSuccess, CancellationToken cancellationToken)
   at Microsoft.EntityFrameworkCore.SqlServer.Storage.Internal.SqlServerExecutionStrategy.ExecuteAsync[TState,TResult](TState state, Func`4 operation, Func`4 verifySucceeded, CancellationToken cancellationToken)
   at Microsoft.EntityFrameworkCore.DbContext.SaveChangesAsync(Boolean acceptAllChangesOnSuccess, CancellationToken cancellationToken)
Microsoft.EntityFrameworkCore.DbUpdateException: An error occurred while saving the entity changes. See the inner exception for details.
 ---> Microsoft.Data.SqlClient.SqlException (0x80131904): The INSERT statement conflicted with the FOREIGN KEY constraint "FK_Internships_RecruiterProfiles_RecruiterProfileID". The conflict occurred in database "Internship_Matcher_DB", table "dbo.RecruiterProfiles", column 'ID'.
The statement has been terminated.
   at Microsoft.Data.SqlClient.SqlCommand.<>c.<ExecuteDbDataReaderAsync>b__195_0(Task`1 result)
   at System.Threading.Tasks.ContinuationResultTaskFromResultTask`2.InnerInvoke()
   at System.Threading.ExecutionContext.RunInternal(ExecutionContext executionContext, ContextCallback callback, Object state)
--- End of stack trace from previous location ---
   at System.Threading.ExecutionContext.RunInternal(ExecutionContext executionContext, ContextCallback callback, Object state)
   at System.Threading.Tasks.Task.ExecuteWithThreadLocal(Task& currentTaskSlot, Thread threadPoolThread)
--- End of stack trace from previous location ---
   at Microsoft.EntityFrameworkCore.Storage.RelationalCommand.ExecuteReaderAsync(RelationalCommandParameterObject parameterObject, CancellationToken cancellationToken)
   at Microsoft.EntityFrameworkCore.Storage.RelationalCommand.ExecuteReaderAsync(RelationalCommandParameterObject parameterObject, CancellationToken cancellationToken)
   at Microsoft.EntityFrameworkCore.Update.ReaderModificationCommandBatch.ExecuteAsync(IRelationalConnection connection, CancellationToken cancellationToken)
ClientConnectionId:8ce798ce-9aae-47f5-9bfd-bb4d50efacc0
Error Number:547,State:0,Class:16
   --- End of inner exception stack trace ---
   at Microsoft.EntityFrameworkCore.Update.ReaderModificationCommandBatch.ExecuteAsync(IRelationalConnection connection, CancellationToken cancellationToken)
   at Microsoft.EntityFrameworkCore.SqlServer.Update.Internal.SqlServerModificationCommandBatch.ExecuteAsync(IRelationalConnection connection, CancellationToken cancellationToken)
   at Microsoft.EntityFrameworkCore.Update.Internal.BatchExecutor.ExecuteAsync(IEnumerable`1 commandBatches, IRelationalConnection connection, CancellationToken cancellationToken)
   at Microsoft.EntityFrameworkCore.Update.Internal.BatchExecutor.ExecuteAsync(IEnumerable`1 commandBatches, IRelationalConnection connection, CancellationToken cancellationToken)
   at Microsoft.EntityFrameworkCore.Update.Internal.BatchExecutor.ExecuteAsync(IEnumerable`1 commandBatches, IRelationalConnection connection, CancellationToken cancellationToken)
   at Microsoft.EntityFrameworkCore.Storage.RelationalDatabase.SaveChangesAsync(IList`1 entries, CancellationToken cancellationToken)
   at Microsoft.EntityFrameworkCore.ChangeTracking.Internal.StateManager.SaveChangesAsync(IList`1 entriesToSave, CancellationToken cancellationToken)
   at Microsoft.EntityFrameworkCore.ChangeTracking.Internal.StateManager.SaveChangesAsync(StateManager stateManager, Boolean acceptAllChangesOnSuccess, CancellationToken cancellationToken)
   at Microsoft.EntityFrameworkCore.SqlServer.Storage.Internal.SqlServerExecutionStrategy.ExecuteAsync[TState,TResult](TState state, Func`4 operation, Func`4 verifySucceeded, CancellationToken cancellationToken)
   at Microsoft.EntityFrameworkCore.DbContext.SaveChangesAsync(Boolean acceptAllChangesOnSuccess, CancellationToken cancellationToken)
2026-04-18 18:45:36.382 +02:00 [INF] Executed endpoint 'HTTP: POST /v1/internships/'
2026-04-18 18:45:36.399 +02:00 [ERR] An unhandled exception has occurred while executing the request.
Microsoft.EntityFrameworkCore.DbUpdateException: An error occurred while saving the entity changes. See the inner exception for details.
 ---> Microsoft.Data.SqlClient.SqlException (0x80131904): The INSERT statement conflicted with the FOREIGN KEY constraint "FK_Internships_RecruiterProfiles_RecruiterProfileID". The conflict occurred in database "Internship_Matcher_DB", table "dbo.RecruiterProfiles", column 'ID'.
The statement has been terminated.
   at Microsoft.Data.SqlClient.SqlCommand.<>c.<ExecuteDbDataReaderAsync>b__195_0(Task`1 result)
   at System.Threading.Tasks.ContinuationResultTaskFromResultTask`2.InnerInvoke()
   at System.Threading.ExecutionContext.RunInternal(ExecutionContext executionContext, ContextCallback callback, Object state)
--- End of stack trace from previous location ---
   at System.Threading.ExecutionContext.RunInternal(ExecutionContext executionContext, ContextCallback callback, Object state)
   at System.Threading.Tasks.Task.ExecuteWithThreadLocal(Task& currentTaskSlot, Thread threadPoolThread)
--- End of stack trace from previous location ---
   at Microsoft.EntityFrameworkCore.Storage.RelationalCommand.ExecuteReaderAsync(RelationalCommandParameterObject parameterObject, CancellationToken cancellationToken)
   at Microsoft.EntityFrameworkCore.Storage.RelationalCommand.ExecuteReaderAsync(RelationalCommandParameterObject parameterObject, CancellationToken cancellationToken)
   at Microsoft.EntityFrameworkCore.Update.ReaderModificationCommandBatch.ExecuteAsync(IRelationalConnection connection, CancellationToken cancellationToken)
ClientConnectionId:8ce798ce-9aae-47f5-9bfd-bb4d50efacc0
Error Number:547,State:0,Class:16
   --- End of inner exception stack trace ---
   at Microsoft.EntityFrameworkCore.Update.ReaderModificationCommandBatch.ExecuteAsync(IRelationalConnection connection, CancellationToken cancellationToken)
   at Microsoft.EntityFrameworkCore.SqlServer.Update.Internal.SqlServerModificationCommandBatch.ExecuteAsync(IRelationalConnection connection, CancellationToken cancellationToken)
   at Microsoft.EntityFrameworkCore.Update.Internal.BatchExecutor.ExecuteAsync(IEnumerable`1 commandBatches, IRelationalConnection connection, CancellationToken cancellationToken)
   at Microsoft.EntityFrameworkCore.Update.Internal.BatchExecutor.ExecuteAsync(IEnumerable`1 commandBatches, IRelationalConnection connection, CancellationToken cancellationToken)
   at Microsoft.EntityFrameworkCore.Update.Internal.BatchExecutor.ExecuteAsync(IEnumerable`1 commandBatches, IRelationalConnection connection, CancellationToken cancellationToken)
   at Microsoft.EntityFrameworkCore.Storage.RelationalDatabase.SaveChangesAsync(IList`1 entries, CancellationToken cancellationToken)
   at Microsoft.EntityFrameworkCore.ChangeTracking.Internal.StateManager.SaveChangesAsync(IList`1 entriesToSave, CancellationToken cancellationToken)
   at Microsoft.EntityFrameworkCore.ChangeTracking.Internal.StateManager.SaveChangesAsync(StateManager stateManager, Boolean acceptAllChangesOnSuccess, CancellationToken cancellationToken)
   at Microsoft.EntityFrameworkCore.SqlServer.Storage.Internal.SqlServerExecutionStrategy.ExecuteAsync[TState,TResult](TState state, Func`4 operation, Func`4 verifySucceeded, CancellationToken cancellationToken)
   at Microsoft.EntityFrameworkCore.DbContext.SaveChangesAsync(Boolean acceptAllChangesOnSuccess, CancellationToken cancellationToken)
   at Microsoft.EntityFrameworkCore.DbContext.SaveChangesAsync(Boolean acceptAllChangesOnSuccess, CancellationToken cancellationToken)
   at InternshipMatcher.Infra.Services.GeneralRepository`1.AddAsync(T entity, CancellationToken cancellationToken) in C:\Users\HP\source\repos\InternshipMatcher\src\InternshipMatcher.Infra\Services\GeneralRepository.cs:line 19
   at InternshipMatcher.Application.Features.Internships.Commands.AddInternship.AddInternshipCommandHandler.Handle(AddInternshipCommand request, CancellationToken cancellationToken) in C:\Users\HP\source\repos\InternshipMatcher\src\InternshipMatcher.Application\Features\Internships\Commands\AddInternship\AddInternshipCommand.cs:line 30
   at InternshipMatcher.Application.Behaviours.BehaviourValidation`2.Handle(TRequest request, RequestHandlerDelegate`1 next, CancellationToken cancellationToken) in C:\Users\HP\source\repos\InternshipMatcher\src\InternshipMatcher.Application\Behaviours\BehaviourValidation.cs:line 14
   at InternshipMatcher.API.MinimalAPIs.InternshipsEndpoints.<>c.<<MapInternships>b__0_0>d.MoveNext() in C:\Users\HP\source\repos\InternshipMatcher\src\InternshipMatcher.API\MinimalAPIs\InternshipsEndpoints.cs:line 16
--- End of stack trace from previous location ---
   at Microsoft.AspNetCore.Http.RequestDelegateFactory.ExecuteTaskResult[T](Task`1 task, HttpContext httpContext)
   at Microsoft.AspNetCore.Http.RequestDelegateFactory.<>c__DisplayClass102_2.<<HandleRequestBodyAndCompileRequestDelegateForJson>b__2>d.MoveNext()
--- End of stack trace from previous location ---
   at Microsoft.AspNetCore.Routing.EndpointMiddleware.<Invoke>g__AwaitRequestTask|7_0(Endpoint endpoint, Task requestTask, ILogger logger)
   at Swashbuckle.AspNetCore.SwaggerUI.SwaggerUIMiddleware.Invoke(HttpContext httpContext)
   at Swashbuckle.AspNetCore.Swagger.SwaggerMiddleware.Invoke(HttpContext httpContext, ISwaggerProvider swaggerProvider)
   at Microsoft.AspNetCore.Authorization.AuthorizationMiddleware.Invoke(HttpContext context)
   at Microsoft.AspNetCore.Authentication.AuthenticationMiddleware.Invoke(HttpContext context)
   at Microsoft.AspNetCore.Diagnostics.DeveloperExceptionPageMiddlewareImpl.Invoke(HttpContext context)
2026-04-18 18:45:36.570 +02:00 [INF] Request finished HTTP/1.1 POST https://localhost:7102/v1/internships - 500 null application/problem+json 2864.2603ms
2026-04-18 20:18:47.227 +02:00 [INF] User profile is available. Using 'C:\Users\HP\AppData\Local\ASP.NET\DataProtection-Keys' as key repository and Windows DPAPI to encrypt keys at rest.
2026-04-18 20:18:47.656 +02:00 [INF] Now listening on: https://localhost:7102
2026-04-18 20:18:47.659 +02:00 [INF] Now listening on: http://localhost:5119
2026-04-18 20:18:47.710 +02:00 [INF] Application started. Press Ctrl+C to shut down.
2026-04-18 20:18:47.712 +02:00 [INF] Hosting environment: Development
2026-04-18 20:18:47.713 +02:00 [INF] Content root path: C:\Users\HP\source\repos\InternshipMatcher\src\InternshipMatcher.API
2026-04-18 20:18:52.787 +02:00 [INF] Request starting HTTP/2 GET https://localhost:7102/swagger/index.html - null null
2026-04-18 20:18:53.046 +02:00 [INF] Request finished HTTP/2 GET https://localhost:7102/swagger/index.html - 304 null null 260.4409ms
2026-04-18 20:18:53.070 +02:00 [INF] Request starting HTTP/2 GET https://localhost:7102/swagger/swagger-ui.css - null null
2026-04-18 20:18:53.076 +02:00 [INF] Request starting HTTP/2 GET https://localhost:7102/swagger/index.css - null null
2026-04-18 20:18:53.076 +02:00 [INF] Request starting HTTP/2 GET https://localhost:7102/swagger/swagger-ui-bundle.js - null null
2026-04-18 20:18:53.076 +02:00 [INF] Request starting HTTP/2 GET https://localhost:7102/_framework/aspnetcore-browser-refresh.js - null null
2026-04-18 20:18:53.076 +02:00 [INF] Request starting HTTP/2 GET https://localhost:7102/swagger/swagger-ui-standalone-preset.js - null null
2026-04-18 20:18:53.076 +02:00 [INF] Request starting HTTP/2 GET https://localhost:7102/swagger/index.js - null null
2026-04-18 20:18:53.096 +02:00 [INF] Request finished HTTP/2 GET https://localhost:7102/swagger/index.css - 304 null null 19.8582ms
2026-04-18 20:18:53.096 +02:00 [INF] Request finished HTTP/2 GET https://localhost:7102/swagger/swagger-ui.css - 304 null null 25.3644ms
2026-04-18 20:18:53.096 +02:00 [INF] Request finished HTTP/2 GET https://localhost:7102/swagger/swagger-ui-standalone-preset.js - 304 null null 20.2994ms
2026-04-18 20:18:53.099 +02:00 [INF] Request finished HTTP/2 GET https://localhost:7102/swagger/index.js - 304 null null 22.9805ms
2026-04-18 20:18:53.111 +02:00 [INF] Request finished HTTP/2 GET https://localhost:7102/_framework/aspnetcore-browser-refresh.js - 200 14947 application/javascript; charset=utf-8 34.9214ms
2026-04-18 20:18:53.112 +02:00 [INF] Request finished HTTP/2 GET https://localhost:7102/swagger/swagger-ui-bundle.js - 304 null null 36.3526ms
2026-04-18 20:18:53.347 +02:00 [INF] Request starting HTTP/2 GET https://localhost:7102/swagger/v1/swagger.json - null null
2026-04-18 20:18:53.367 +02:00 [INF] Request starting HTTP/2 GET https://localhost:7102/swagger/favicon-32x32.png - null null
2026-04-18 20:18:53.379 +02:00 [INF] Request finished HTTP/2 GET https://localhost:7102/swagger/favicon-32x32.png - 304 null null 11.5765ms
2026-04-18 20:18:53.564 +02:00 [INF] Request finished HTTP/2 GET https://localhost:7102/swagger/v1/swagger.json - 200 null application/json;charset=utf-8 216.9593ms
2026-04-18 20:19:31.874 +02:00 [INF] Request starting HTTP/2 POST https://localhost:7102/v1/Recruiters/Recruiters - application/json 286
2026-04-18 20:19:31.885 +02:00 [INF] CORS policy execution failed.
2026-04-18 20:19:31.887 +02:00 [INF] Request origin https://localhost:7102 does not have permission to access the resource.
2026-04-18 20:19:31.894 +02:00 [INF] Executing endpoint 'HTTP: POST /v1/Recruiters/Recruiters'
2026-04-18 20:19:31.930 +02:00 [WRN] You do not have a valid license key for the Lucky Penny software MediatR. This is allowed for development and testing scenarios. If you are running in production you are required to have a licensed version. Please visit https://luckypennysoftware.com to obtain a valid license.
2026-04-18 20:19:33.433 +02:00 [INF] Setting HTTP status code 400.
2026-04-18 20:19:33.441 +02:00 [INF] Writing value of type 'List`1' as Json.
2026-04-18 20:19:33.446 +02:00 [INF] Executed endpoint 'HTTP: POST /v1/Recruiters/Recruiters'
2026-04-18 20:19:33.459 +02:00 [INF] Request finished HTTP/2 POST https://localhost:7102/v1/Recruiters/Recruiters - 400 null application/json; charset=utf-8 1585.4151ms
2026-04-18 20:19:54.038 +02:00 [INF] Request starting HTTP/2 POST https://localhost:7102/v1/Recruiters/Recruiters - application/json 286
2026-04-18 20:19:54.062 +02:00 [INF] CORS policy execution failed.
2026-04-18 20:19:54.065 +02:00 [INF] Request origin https://localhost:7102 does not have permission to access the resource.
2026-04-18 20:19:54.068 +02:00 [INF] Executing endpoint 'HTTP: POST /v1/Recruiters/Recruiters'
2026-04-18 20:19:54.188 +02:00 [INF] Setting HTTP status code 400.
2026-04-18 20:19:54.191 +02:00 [INF] Writing value of type 'List`1' as Json.
2026-04-18 20:19:54.193 +02:00 [INF] Executed endpoint 'HTTP: POST /v1/Recruiters/Recruiters'
2026-04-18 20:19:54.195 +02:00 [INF] Request finished HTTP/2 POST https://localhost:7102/v1/Recruiters/Recruiters - 400 null application/json; charset=utf-8 156.3377ms
2026-04-18 20:20:32.033 +02:00 [INF] Request starting HTTP/2 POST https://localhost:7102/v1/Recruiters/Recruiters - application/json 286
2026-04-18 20:20:32.051 +02:00 [INF] CORS policy execution failed.
2026-04-18 20:20:32.052 +02:00 [INF] Request origin https://localhost:7102 does not have permission to access the resource.
2026-04-18 20:20:32.053 +02:00 [INF] Executing endpoint 'HTTP: POST /v1/Recruiters/Recruiters'
2026-04-18 20:20:32.095 +02:00 [INF] Setting HTTP status code 400.
2026-04-18 20:20:32.097 +02:00 [INF] Writing value of type 'List`1' as Json.
2026-04-18 20:20:32.099 +02:00 [INF] Executed endpoint 'HTTP: POST /v1/Recruiters/Recruiters'
2026-04-18 20:20:32.101 +02:00 [INF] Request finished HTTP/2 POST https://localhost:7102/v1/Recruiters/Recruiters - 400 null application/json; charset=utf-8 68.0977ms
2026-04-18 20:20:34.016 +02:00 [INF] Request starting HTTP/2 POST https://localhost:7102/v1/Recruiters/Recruiters - application/json 286
2026-04-18 20:20:34.031 +02:00 [INF] CORS policy execution failed.
2026-04-18 20:20:34.035 +02:00 [INF] Request origin https://localhost:7102 does not have permission to access the resource.
2026-04-18 20:20:34.036 +02:00 [INF] Executing endpoint 'HTTP: POST /v1/Recruiters/Recruiters'
2026-04-18 20:20:34.042 +02:00 [INF] Setting HTTP status code 400.
2026-04-18 20:20:34.043 +02:00 [INF] Writing value of type 'List`1' as Json.
2026-04-18 20:20:34.044 +02:00 [INF] Executed endpoint 'HTTP: POST /v1/Recruiters/Recruiters'
2026-04-18 20:20:34.046 +02:00 [INF] Request finished HTTP/2 POST https://localhost:7102/v1/Recruiters/Recruiters - 400 null application/json; charset=utf-8 30.7104ms
2026-04-18 20:20:51.149 +02:00 [INF] User profile is available. Using 'C:\Users\HP\AppData\Local\ASP.NET\DataProtection-Keys' as key repository and Windows DPAPI to encrypt keys at rest.
2026-04-18 20:20:51.796 +02:00 [INF] Now listening on: https://localhost:7102
2026-04-18 20:20:51.799 +02:00 [INF] Now listening on: http://localhost:5119
2026-04-18 20:20:51.870 +02:00 [INF] Application started. Press Ctrl+C to shut down.
2026-04-18 20:20:51.872 +02:00 [INF] Hosting environment: Development
2026-04-18 20:20:51.875 +02:00 [INF] Content root path: C:\Users\HP\source\repos\InternshipMatcher\src\InternshipMatcher.API
2026-04-18 20:20:59.095 +02:00 [INF] Request starting HTTP/2 GET https://localhost:7102/swagger/index.html - null null
2026-04-18 20:20:59.503 +02:00 [INF] Request finished HTTP/2 GET https://localhost:7102/swagger/index.html - 304 null null 425.0571ms
2026-04-18 20:20:59.548 +02:00 [INF] Request starting HTTP/2 GET https://localhost:7102/swagger/index.css - null null
2026-04-18 20:20:59.548 +02:00 [INF] Request starting HTTP/2 GET https://localhost:7102/_framework/aspnetcore-browser-refresh.js - null null
2026-04-18 20:20:59.549 +02:00 [INF] Request starting HTTP/2 GET https://localhost:7102/swagger/swagger-ui-standalone-preset.js - null null
2026-04-18 20:20:59.548 +02:00 [INF] Request starting HTTP/2 GET https://localhost:7102/swagger/swagger-ui-bundle.js - null null
2026-04-18 20:20:59.548 +02:00 [INF] Request starting HTTP/2 GET https://localhost:7102/swagger/swagger-ui.css - null null
2026-04-18 20:20:59.556 +02:00 [INF] Request starting HTTP/2 GET https://localhost:7102/swagger/index.js - null null
2026-04-18 20:20:59.578 +02:00 [INF] Request finished HTTP/2 GET https://localhost:7102/swagger/swagger-ui-standalone-preset.js - 304 null null 29.438ms
2026-04-18 20:20:59.578 +02:00 [INF] Request finished HTTP/2 GET https://localhost:7102/swagger/index.css - 304 null null 30.4607ms
2026-04-18 20:20:59.578 +02:00 [INF] Request finished HTTP/2 GET https://localhost:7102/swagger/swagger-ui.css - 304 null null 30.5444ms
2026-04-18 20:20:59.589 +02:00 [INF] Request finished HTTP/2 GET https://localhost:7102/swagger/swagger-ui-bundle.js - 304 null null 40.9189ms
2026-04-18 20:20:59.597 +02:00 [INF] Request finished HTTP/2 GET https://localhost:7102/_framework/aspnetcore-browser-refresh.js - 200 14947 application/javascript; charset=utf-8 48.3184ms
2026-04-18 20:20:59.599 +02:00 [INF] Request finished HTTP/2 GET https://localhost:7102/swagger/index.js - 304 null null 43.6876ms
2026-04-18 20:20:59.863 +02:00 [INF] Request starting HTTP/2 GET https://localhost:7102/swagger/v1/swagger.json - null null
2026-04-18 20:20:59.867 +02:00 [INF] Request starting HTTP/2 GET https://localhost:7102/swagger/favicon-32x32.png - null null
2026-04-18 20:20:59.878 +02:00 [INF] Request finished HTTP/2 GET https://localhost:7102/swagger/favicon-32x32.png - 304 null null 10.5538ms
2026-04-18 20:21:00.099 +02:00 [INF] Request finished HTTP/2 GET https://localhost:7102/swagger/v1/swagger.json - 200 null application/json;charset=utf-8 235.385ms
2026-04-18 20:21:16.501 +02:00 [INF] Request starting HTTP/2 POST https://localhost:7102/v1/Recruiters/Recruiters - application/json 286
2026-04-18 20:21:16.523 +02:00 [INF] CORS policy execution failed.
2026-04-18 20:21:16.527 +02:00 [INF] Request origin https://localhost:7102 does not have permission to access the resource.
2026-04-18 20:21:16.540 +02:00 [INF] Executing endpoint 'HTTP: POST /v1/Recruiters/Recruiters'
2026-04-18 20:21:16.601 +02:00 [WRN] You do not have a valid license key for the Lucky Penny software MediatR. This is allowed for development and testing scenarios. If you are running in production you are required to have a licensed version. Please visit https://luckypennysoftware.com to obtain a valid license.
2026-04-18 20:23:41.244 +02:00 [INF] User profile is available. Using 'C:\Users\HP\AppData\Local\ASP.NET\DataProtection-Keys' as key repository and Windows DPAPI to encrypt keys at rest.
2026-04-18 20:23:41.606 +02:00 [INF] Now listening on: https://localhost:7102
2026-04-18 20:23:41.609 +02:00 [INF] Now listening on: http://localhost:5119
2026-04-18 20:23:41.670 +02:00 [INF] Application started. Press Ctrl+C to shut down.
2026-04-18 20:23:41.672 +02:00 [INF] Hosting environment: Development
2026-04-18 20:23:41.674 +02:00 [INF] Content root path: C:\Users\HP\source\repos\InternshipMatcher\src\InternshipMatcher.API
2026-04-18 20:24:18.067 +02:00 [INF] User profile is available. Using 'C:\Users\HP\AppData\Local\ASP.NET\DataProtection-Keys' as key repository and Windows DPAPI to encrypt keys at rest.
2026-04-18 20:24:18.392 +02:00 [INF] Now listening on: https://localhost:7102
2026-04-18 20:24:18.396 +02:00 [INF] Now listening on: http://localhost:5119
2026-04-18 20:24:18.445 +02:00 [INF] Application started. Press Ctrl+C to shut down.
2026-04-18 20:24:18.447 +02:00 [INF] Hosting environment: Development
2026-04-18 20:24:18.448 +02:00 [INF] Content root path: C:\Users\HP\source\repos\InternshipMatcher\src\InternshipMatcher.API
2026-04-18 20:24:24.482 +02:00 [INF] Request starting HTTP/2 GET https://localhost:7102/swagger/index.html - null null
2026-04-18 20:24:24.714 +02:00 [INF] Request finished HTTP/2 GET https://localhost:7102/swagger/index.html - 304 null null 234.3301ms
2026-04-18 20:24:24.749 +02:00 [INF] Request starting HTTP/2 GET https://localhost:7102/swagger/swagger-ui.css - null null
2026-04-18 20:24:24.749 +02:00 [INF] Request starting HTTP/2 GET https://localhost:7102/swagger/swagger-ui-standalone-preset.js - null null
2026-04-18 20:24:24.749 +02:00 [INF] Request starting HTTP/2 GET https://localhost:7102/swagger/swagger-ui-bundle.js - null null
2026-04-18 20:24:24.749 +02:00 [INF] Request starting HTTP/2 GET https://localhost:7102/swagger/index.css - null null
2026-04-18 20:24:24.749 +02:00 [INF] Request starting HTTP/2 GET https://localhost:7102/_framework/aspnetcore-browser-refresh.js - null null
2026-04-18 20:24:24.749 +02:00 [INF] Request starting HTTP/2 GET https://localhost:7102/swagger/index.js - null null
2026-04-18 20:24:24.772 +02:00 [INF] Request finished HTTP/2 GET https://localhost:7102/swagger/index.css - 304 null null 23.2189ms
2026-04-18 20:24:24.772 +02:00 [INF] Request finished HTTP/2 GET https://localhost:7102/swagger/swagger-ui-standalone-preset.js - 304 null null 23.2629ms
2026-04-18 20:24:24.772 +02:00 [INF] Request finished HTTP/2 GET https://localhost:7102/swagger/swagger-ui.css - 304 null null 23.2263ms
2026-04-18 20:24:24.774 +02:00 [INF] Request finished HTTP/2 GET https://localhost:7102/swagger/index.js - 304 null null 25.0021ms
2026-04-18 20:24:24.777 +02:00 [INF] Request finished HTTP/2 GET https://localhost:7102/swagger/swagger-ui-bundle.js - 304 null null 28.3441ms
2026-04-18 20:24:24.782 +02:00 [INF] Request finished HTTP/2 GET https://localhost:7102/_framework/aspnetcore-browser-refresh.js - 200 14947 application/javascript; charset=utf-8 32.4711ms
2026-04-18 20:24:24.881 +02:00 [INF] Request starting HTTP/2 GET https://localhost:7102/swagger/v1/swagger.json - null null
2026-04-18 20:24:24.887 +02:00 [INF] Request starting HTTP/2 GET https://localhost:7102/swagger/favicon-32x32.png - null null
2026-04-18 20:24:24.898 +02:00 [INF] Request finished HTTP/2 GET https://localhost:7102/swagger/favicon-32x32.png - 304 null null 10.6567ms
2026-04-18 20:24:25.075 +02:00 [INF] Request finished HTTP/2 GET https://localhost:7102/swagger/v1/swagger.json - 200 null application/json;charset=utf-8 193.8131ms
2026-04-18 20:24:29.099 +02:00 [INF] Request starting HTTP/2 POST https://localhost:7102/api/Auth/registration - application/json 221
2026-04-18 20:24:29.110 +02:00 [INF] CORS policy execution failed.
2026-04-18 20:24:29.113 +02:00 [INF] Request origin https://localhost:7102 does not have permission to access the resource.
2026-04-18 20:24:29.120 +02:00 [INF] Executing endpoint 'InternshipMatcher.API.Controllers.AuthController.RegisterUser (InternshipMatcher.API)'
2026-04-18 20:24:29.167 +02:00 [INF] Route matched with {action = "RegisterUser", controller = "Auth"}. Executing controller action with signature System.Threading.Tasks.Task`1[InternshipMatcher.API.Common.ResponseStructure.Result`1[InternshipMatcher.API.Common.CommonViewModels.RegisterationResponseViewModel]] RegisterUser(InternshipMatcher.API.Common.CommonViewModels.UserRegisterationReqVM) on controller InternshipMatcher.API.Controllers.AuthController (InternshipMatcher.API).
2026-04-18 20:24:29.189 +02:00 [WRN] You do not have a valid license key for the Lucky Penny software MediatR. This is allowed for development and testing scenarios. If you are running in production you are required to have a licensed version. Please visit https://luckypennysoftware.com to obtain a valid license.
2026-04-18 20:24:31.071 +02:00 [INF] Executed DbCommand (45ms) [Parameters=[@p0='?' (DbType = Guid), @p1='?' (DbType = DateTime2), @p2='?' (Size = 255), @p3='?' (Size = 4000), @p4='?' (DbType = Boolean), @p5='?' (DbType = Boolean), @p6='?' (Size = 4000), @p7='?' (Size = 255), @p8='?' (Size = 4000), @p9='?' (Size = 4000), @p10='?' (Size = 4000), @p11='?' (DbType = Boolean), @p12='?' (DbType = Int32)], CommandType='"Text"', CommandTimeout='30']
SET IMPLICIT_TRANSACTIONS OFF;
SET NOCOUNT ON;
INSERT INTO [Users] ([ID], [DateOfBirth], [Email], [FirstName], [IsActive], [IsDeleted], [LastName], [PasswordHash], [PasswordSalt], [Phone], [RefreshToken], [RememberMe], [Role])
VALUES (@p0, @p1, @p2, @p3, @p4, @p5, @p6, @p7, @p8, @p9, @p10, @p11, @p12);
2026-04-18 20:24:31.154 +02:00 [INF] Executing ObjectResult, writing value of type 'InternshipMatcher.API.Common.ResponseStructure.Result`1[[InternshipMatcher.API.Common.CommonViewModels.RegisterationResponseViewModel, InternshipMatcher.Application, Version=1.0.0.0, Culture=neutral, PublicKeyToken=null]]'.
2026-04-18 20:24:31.169 +02:00 [INF] Executed action InternshipMatcher.API.Controllers.AuthController.RegisterUser (InternshipMatcher.API) in 1989.5745ms
2026-04-18 20:24:31.171 +02:00 [INF] Executed endpoint 'InternshipMatcher.API.Controllers.AuthController.RegisterUser (InternshipMatcher.API)'
2026-04-18 20:24:31.187 +02:00 [INF] Request finished HTTP/2 POST https://localhost:7102/api/Auth/registration - 200 null application/json; charset=utf-8 2088.1259ms
2026-04-18 20:25:13.057 +02:00 [INF] Request starting HTTP/2 POST https://localhost:7102/v1/Recruiters/Recruiters - application/json 286
2026-04-18 20:25:13.067 +02:00 [INF] CORS policy execution failed.
2026-04-18 20:25:13.068 +02:00 [INF] Request origin https://localhost:7102 does not have permission to access the resource.
2026-04-18 20:25:13.072 +02:00 [INF] Executing endpoint 'HTTP: POST /v1/Recruiters/Recruiters'
2026-04-18 20:25:13.298 +02:00 [INF] Setting HTTP status code 400.
2026-04-18 20:25:13.301 +02:00 [INF] Writing value of type 'List`1' as Json.
2026-04-18 20:25:13.304 +02:00 [INF] Executed endpoint 'HTTP: POST /v1/Recruiters/Recruiters'
2026-04-18 20:25:13.307 +02:00 [INF] Request finished HTTP/2 POST https://localhost:7102/v1/Recruiters/Recruiters - 400 null application/json; charset=utf-8 250.1126ms
2026-04-18 20:25:44.079 +02:00 [INF] Request starting HTTP/2 GET https://localhost:7102/swagger/index.html - null null
2026-04-18 20:25:44.096 +02:00 [INF] Request finished HTTP/2 GET https://localhost:7102/swagger/index.html - 304 null null 16.9717ms
2026-04-18 20:25:44.135 +02:00 [INF] Request starting HTTP/2 GET https://localhost:7102/swagger/swagger-ui.css - null null
2026-04-18 20:25:44.135 +02:00 [INF] Request starting HTTP/2 GET https://localhost:7102/_framework/aspnetcore-browser-refresh.js - null null
2026-04-18 20:25:44.136 +02:00 [INF] Request starting HTTP/2 GET https://localhost:7102/swagger/index.css - null null
2026-04-18 20:25:44.137 +02:00 [INF] Request starting HTTP/2 GET https://localhost:7102/swagger/swagger-ui-bundle.js - null null
2026-04-18 20:25:44.138 +02:00 [INF] Request starting HTTP/2 GET https://localhost:7102/swagger/swagger-ui-standalone-preset.js - null null
2026-04-18 20:25:44.139 +02:00 [INF] Request starting HTTP/2 GET https://localhost:7102/swagger/index.js - null null
2026-04-18 20:25:44.142 +02:00 [INF] Request finished HTTP/2 GET https://localhost:7102/swagger/swagger-ui.css - 304 null null 7.3891ms
2026-04-18 20:25:44.143 +02:00 [INF] Request finished HTTP/2 GET https://localhost:7102/_framework/aspnetcore-browser-refresh.js - 200 14947 application/javascript; charset=utf-8 7.7262ms
2026-04-18 20:25:44.145 +02:00 [INF] Request finished HTTP/2 GET https://localhost:7102/swagger/index.css - 304 null null 8.9629ms
2026-04-18 20:25:44.148 +02:00 [INF] Request finished HTTP/2 GET https://localhost:7102/swagger/swagger-ui-bundle.js - 304 null null 10.6665ms
2026-04-18 20:25:44.154 +02:00 [INF] Request finished HTTP/2 GET https://localhost:7102/swagger/swagger-ui-standalone-preset.js - 304 null null 15.0713ms
2026-04-18 20:25:44.156 +02:00 [INF] Request finished HTTP/2 GET https://localhost:7102/swagger/index.js - 304 null null 17.0903ms
2026-04-18 20:25:44.245 +02:00 [INF] Request starting HTTP/2 GET https://localhost:7102/swagger/v1/swagger.json - null null
2026-04-18 20:25:44.256 +02:00 [INF] Request starting HTTP/2 GET https://localhost:7102/swagger/favicon-32x32.png - null null
2026-04-18 20:25:44.259 +02:00 [INF] Request finished HTTP/2 GET https://localhost:7102/swagger/favicon-32x32.png - 304 null null 3.3845ms
2026-04-18 20:25:44.260 +02:00 [INF] Request finished HTTP/2 GET https://localhost:7102/swagger/v1/swagger.json - 200 null application/json;charset=utf-8 14.911ms
2026-04-18 20:26:06.765 +02:00 [INF] Request starting HTTP/2 POST https://localhost:7102/v1/Recruiters/Recruiters - application/json 286
2026-04-18 20:26:06.770 +02:00 [INF] CORS policy execution failed.
2026-04-18 20:26:06.772 +02:00 [INF] Request origin https://localhost:7102 does not have permission to access the resource.
2026-04-18 20:26:06.774 +02:00 [INF] Executing endpoint 'HTTP: POST /v1/Recruiters/Recruiters'
2026-04-18 20:26:06.801 +02:00 [INF] Setting HTTP status code 400.
2026-04-18 20:26:06.804 +02:00 [INF] Writing value of type 'List`1' as Json.
2026-04-18 20:26:06.805 +02:00 [INF] Executed endpoint 'HTTP: POST /v1/Recruiters/Recruiters'
2026-04-18 20:26:06.807 +02:00 [INF] Request finished HTTP/2 POST https://localhost:7102/v1/Recruiters/Recruiters - 400 null application/json; charset=utf-8 41.9911ms
2026-04-18 20:26:16.296 +02:00 [INF] User profile is available. Using 'C:\Users\HP\AppData\Local\ASP.NET\DataProtection-Keys' as key repository and Windows DPAPI to encrypt keys at rest.
2026-04-18 20:26:16.625 +02:00 [INF] Now listening on: https://localhost:7102
2026-04-18 20:26:16.628 +02:00 [INF] Now listening on: http://localhost:5119
2026-04-18 20:26:16.678 +02:00 [INF] Application started. Press Ctrl+C to shut down.
2026-04-18 20:26:16.681 +02:00 [INF] Hosting environment: Development
2026-04-18 20:26:16.683 +02:00 [INF] Content root path: C:\Users\HP\source\repos\InternshipMatcher\src\InternshipMatcher.API
2026-04-18 20:26:27.669 +02:00 [INF] Request starting HTTP/2 GET https://localhost:7102/swagger/index.html - null null
2026-04-18 20:26:27.891 +02:00 [INF] Request finished HTTP/2 GET https://localhost:7102/swagger/index.html - 304 null null 224.788ms
2026-04-18 20:26:27.925 +02:00 [INF] Request starting HTTP/2 GET https://localhost:7102/swagger/index.css - null null
2026-04-18 20:26:27.925 +02:00 [INF] Request starting HTTP/2 GET https://localhost:7102/swagger/swagger-ui.css - null null
2026-04-18 20:26:27.925 +02:00 [INF] Request starting HTTP/2 GET https://localhost:7102/swagger/swagger-ui-standalone-preset.js - null null
2026-04-18 20:26:27.925 +02:00 [INF] Request starting HTTP/2 GET https://localhost:7102/swagger/swagger-ui-bundle.js - null null
2026-04-18 20:26:27.925 +02:00 [INF] Request starting HTTP/2 GET https://localhost:7102/_framework/aspnetcore-browser-refresh.js - null null
2026-04-18 20:26:27.926 +02:00 [INF] Request starting HTTP/2 GET https://localhost:7102/swagger/index.js - null null
2026-04-18 20:26:27.947 +02:00 [INF] Request finished HTTP/2 GET https://localhost:7102/swagger/swagger-ui-standalone-preset.js - 304 null null 22.5956ms
2026-04-18 20:26:27.947 +02:00 [INF] Request finished HTTP/2 GET https://localhost:7102/swagger/index.css - 304 null null 22.6841ms
2026-04-18 20:26:27.947 +02:00 [INF] Request finished HTTP/2 GET https://localhost:7102/swagger/swagger-ui.css - 304 null null 22.9802ms
2026-04-18 20:26:27.953 +02:00 [INF] Request finished HTTP/2 GET https://localhost:7102/swagger/swagger-ui-bundle.js - 304 null null 29.1218ms
2026-04-18 20:26:27.955 +02:00 [INF] Request finished HTTP/2 GET https://localhost:7102/swagger/index.js - 304 null null 29.2744ms
2026-04-18 20:26:27.964 +02:00 [INF] Request finished HTTP/2 GET https://localhost:7102/_framework/aspnetcore-browser-refresh.js - 200 14947 application/javascript; charset=utf-8 39.6713ms
2026-04-18 20:26:28.048 +02:00 [INF] Request starting HTTP/2 GET https://localhost:7102/swagger/v1/swagger.json - null null
2026-04-18 20:26:28.052 +02:00 [INF] Request starting HTTP/2 GET https://localhost:7102/swagger/favicon-32x32.png - null null
2026-04-18 20:26:28.071 +02:00 [INF] Request finished HTTP/2 GET https://localhost:7102/swagger/favicon-32x32.png - 304 null null 19.0495ms
2026-04-18 20:26:28.244 +02:00 [INF] Request finished HTTP/2 GET https://localhost:7102/swagger/v1/swagger.json - 200 null application/json;charset=utf-8 196.0477ms
2026-04-18 20:26:37.004 +02:00 [INF] Request starting HTTP/2 POST https://localhost:7102/v1/Recruiters/Recruiters - application/json 286
2026-04-18 20:26:37.029 +02:00 [INF] CORS policy execution failed.
2026-04-18 20:26:37.030 +02:00 [INF] Request origin https://localhost:7102 does not have permission to access the resource.
2026-04-18 20:26:37.038 +02:00 [INF] Executing endpoint 'HTTP: POST /v1/Recruiters/Recruiters'
2026-04-18 20:26:37.073 +02:00 [WRN] You do not have a valid license key for the Lucky Penny software MediatR. This is allowed for development and testing scenarios. If you are running in production you are required to have a licensed version. Please visit https://luckypennysoftware.com to obtain a valid license.
2026-04-18 20:26:38.397 +02:00 [INF] Setting HTTP status code 400.
2026-04-18 20:26:38.405 +02:00 [INF] Writing value of type 'List`1' as Json.
2026-04-18 20:26:38.410 +02:00 [INF] Executed endpoint 'HTTP: POST /v1/Recruiters/Recruiters'
2026-04-18 20:26:38.422 +02:00 [INF] Request finished HTTP/2 POST https://localhost:7102/v1/Recruiters/Recruiters - 400 null application/json; charset=utf-8 1417.2028ms
2026-04-18 20:30:18.636 +02:00 [INF] Request starting HTTP/2 GET https://localhost:7102/swagger/index.html - null null
2026-04-18 20:30:18.649 +02:00 [INF] Request finished HTTP/2 GET https://localhost:7102/swagger/index.html - 304 null null 13.5265ms
2026-04-18 20:30:18.684 +02:00 [INF] Request starting HTTP/2 GET https://localhost:7102/swagger/swagger-ui.css - null null
2026-04-18 20:30:18.688 +02:00 [INF] Request starting HTTP/2 GET https://localhost:7102/swagger/index.css - null null
2026-04-18 20:30:18.688 +02:00 [INF] Request starting HTTP/2 GET https://localhost:7102/swagger/swagger-ui-bundle.js - null null
2026-04-18 20:30:18.688 +02:00 [INF] Request starting HTTP/2 GET https://localhost:7102/_framework/aspnetcore-browser-refresh.js - null null
2026-04-18 20:30:18.688 +02:00 [INF] Request starting HTTP/2 GET https://localhost:7102/swagger/swagger-ui-standalone-preset.js - null null
2026-04-18 20:30:18.689 +02:00 [INF] Request starting HTTP/2 GET https://localhost:7102/swagger/index.js - null null
2026-04-18 20:30:18.690 +02:00 [INF] Request finished HTTP/2 GET https://localhost:7102/swagger/swagger-ui.css - 304 null null 6.7619ms
2026-04-18 20:30:18.693 +02:00 [INF] Request finished HTTP/2 GET https://localhost:7102/swagger/index.css - 304 null null 5.3278ms
2026-04-18 20:30:18.699 +02:00 [INF] Request finished HTTP/2 GET https://localhost:7102/swagger/swagger-ui-bundle.js - 304 null null 11.4054ms
2026-04-18 20:30:18.703 +02:00 [INF] Request finished HTTP/2 GET https://localhost:7102/_framework/aspnetcore-browser-refresh.js - 200 14947 application/javascript; charset=utf-8 14.6987ms
2026-04-18 20:30:18.706 +02:00 [INF] Request finished HTTP/2 GET https://localhost:7102/swagger/swagger-ui-standalone-preset.js - 304 null null 17.4108ms
2026-04-18 20:30:18.709 +02:00 [INF] Request finished HTTP/2 GET https://localhost:7102/swagger/index.js - 304 null null 20.0328ms
2026-04-18 20:30:18.773 +02:00 [INF] Request starting HTTP/2 GET https://localhost:7102/swagger/v1/swagger.json - null null
2026-04-18 20:30:18.778 +02:00 [INF] Request starting HTTP/2 GET https://localhost:7102/swagger/favicon-32x32.png - null null
2026-04-18 20:30:18.784 +02:00 [INF] Request finished HTTP/2 GET https://localhost:7102/swagger/favicon-32x32.png - 304 null null 5.9291ms
2026-04-18 20:30:18.791 +02:00 [INF] Request finished HTTP/2 GET https://localhost:7102/swagger/v1/swagger.json - 200 null application/json;charset=utf-8 17.5564ms
2026-04-18 20:30:23.320 +02:00 [INF] Request starting HTTP/2 POST https://localhost:7102/v1/Recruiters/Recruiters - application/json 286
2026-04-18 20:30:23.333 +02:00 [INF] CORS policy execution failed.
2026-04-18 20:30:23.336 +02:00 [INF] Request origin https://localhost:7102 does not have permission to access the resource.
2026-04-18 20:30:23.341 +02:00 [INF] Executing endpoint 'HTTP: POST /v1/Recruiters/Recruiters'
2026-04-18 20:30:23.510 +02:00 [INF] Setting HTTP status code 400.
2026-04-18 20:30:23.515 +02:00 [INF] Writing value of type 'List`1' as Json.
2026-04-18 20:30:23.521 +02:00 [INF] Executed endpoint 'HTTP: POST /v1/Recruiters/Recruiters'
2026-04-18 20:30:23.527 +02:00 [INF] Request finished HTTP/2 POST https://localhost:7102/v1/Recruiters/Recruiters - 400 null application/json; charset=utf-8 206.3522ms
2026-04-18 20:32:59.159 +02:00 [INF] User profile is available. Using 'C:\Users\HP\AppData\Local\ASP.NET\DataProtection-Keys' as key repository and Windows DPAPI to encrypt keys at rest.
2026-04-18 20:33:07.922 +02:00 [INF] User profile is available. Using 'C:\Users\HP\AppData\Local\ASP.NET\DataProtection-Keys' as key repository and Windows DPAPI to encrypt keys at rest.
2026-04-18 20:33:08.537 +02:00 [INF] Now listening on: https://localhost:7102
2026-04-18 20:33:08.541 +02:00 [INF] Now listening on: http://localhost:5119
2026-04-18 20:33:08.620 +02:00 [INF] Application started. Press Ctrl+C to shut down.
2026-04-18 20:33:08.623 +02:00 [INF] Hosting environment: Development
2026-04-18 20:33:08.625 +02:00 [INF] Content root path: C:\Users\HP\source\repos\InternshipMatcher\src\InternshipMatcher.API
2026-04-18 20:33:17.820 +02:00 [INF] Request starting HTTP/2 GET https://localhost:7102/swagger/index.html - null null
2026-04-18 20:33:18.194 +02:00 [INF] Request finished HTTP/2 GET https://localhost:7102/swagger/index.html - 304 null null 382.6022ms
2026-04-18 20:33:18.238 +02:00 [INF] Request starting HTTP/2 GET https://localhost:7102/swagger/index.css - null null
2026-04-18 20:33:18.241 +02:00 [INF] Request starting HTTP/2 GET https://localhost:7102/swagger/swagger-ui-standalone-preset.js - null null
2026-04-18 20:33:18.238 +02:00 [INF] Request starting HTTP/2 GET https://localhost:7102/swagger/swagger-ui.css - null null
2026-04-18 20:33:18.239 +02:00 [INF] Request starting HTTP/2 GET https://localhost:7102/swagger/index.js - null null
2026-04-18 20:33:18.238 +02:00 [INF] Request starting HTTP/2 GET https://localhost:7102/swagger/swagger-ui-bundle.js - null null
2026-04-18 20:33:18.271 +02:00 [INF] Request finished HTTP/2 GET https://localhost:7102/swagger/index.css - 304 null null 33.0011ms
2026-04-18 20:33:18.271 +02:00 [INF] Request finished HTTP/2 GET https://localhost:7102/swagger/swagger-ui-standalone-preset.js - 304 null null 31.8834ms
2026-04-18 20:33:18.271 +02:00 [INF] Request finished HTTP/2 GET https://localhost:7102/swagger/swagger-ui.css - 304 null null 33.0015ms
2026-04-18 20:33:18.266 +02:00 [INF] Request finished HTTP/2 GET https://localhost:7102/swagger/index.js - 304 null null 27.5154ms
2026-04-18 20:33:18.323 +02:00 [INF] Request finished HTTP/2 GET https://localhost:7102/swagger/swagger-ui-bundle.js - 304 null null 84.3995ms
2026-04-18 20:33:18.245 +02:00 [INF] Request starting HTTP/2 GET https://localhost:7102/_framework/aspnetcore-browser-refresh.js - null null
2026-04-18 20:33:18.401 +02:00 [INF] Request finished HTTP/2 GET https://localhost:7102/_framework/aspnetcore-browser-refresh.js - 200 14947 application/javascript; charset=utf-8 156.4418ms
2026-04-18 20:33:18.583 +02:00 [INF] Request starting HTTP/2 GET https://localhost:7102/swagger/v1/swagger.json - null null
2026-04-18 20:33:18.820 +02:00 [INF] Request finished HTTP/2 GET https://localhost:7102/swagger/v1/swagger.json - 200 null application/json;charset=utf-8 237.2268ms
2026-04-18 20:33:31.021 +02:00 [INF] Request starting HTTP/2 POST https://localhost:7102/v1/Recruiters/Recruiters - application/json 286
2026-04-18 20:33:31.039 +02:00 [INF] CORS policy execution successful.
2026-04-18 20:33:31.050 +02:00 [INF] Executing endpoint 'HTTP: POST /v1/Recruiters/Recruiters'
2026-04-18 20:33:31.104 +02:00 [WRN] You do not have a valid license key for the Lucky Penny software MediatR. This is allowed for development and testing scenarios. If you are running in production you are required to have a licensed version. Please visit https://luckypennysoftware.com to obtain a valid license.
2026-04-18 20:33:54.912 +02:00 [INF] Setting HTTP status code 400.
2026-04-18 20:33:54.917 +02:00 [INF] Writing value of type 'List`1' as Json.
2026-04-18 20:33:54.923 +02:00 [INF] Executed endpoint 'HTTP: POST /v1/Recruiters/Recruiters'
2026-04-18 20:33:54.937 +02:00 [INF] Request finished HTTP/2 POST https://localhost:7102/v1/Recruiters/Recruiters - 400 null application/json; charset=utf-8 23915.3651ms
2026-04-18 20:34:26.758 +02:00 [INF] Request starting HTTP/2 POST https://localhost:7102/v1/Recruiters/Recruiters - application/json 286
2026-04-18 20:34:26.769 +02:00 [INF] CORS policy execution successful.
2026-04-18 20:34:26.771 +02:00 [INF] Executing endpoint 'HTTP: POST /v1/Recruiters/Recruiters'
2026-04-18 20:38:07.114 +02:00 [INF] User profile is available. Using 'C:\Users\HP\AppData\Local\ASP.NET\DataProtection-Keys' as key repository and Windows DPAPI to encrypt keys at rest.
2026-04-18 20:38:07.488 +02:00 [INF] Now listening on: https://localhost:7102
2026-04-18 20:38:07.492 +02:00 [INF] Now listening on: http://localhost:5119
2026-04-18 20:38:07.535 +02:00 [INF] Application started. Press Ctrl+C to shut down.
2026-04-18 20:38:07.537 +02:00 [INF] Hosting environment: Development
2026-04-18 20:38:07.538 +02:00 [INF] Content root path: C:\Users\HP\source\repos\InternshipMatcher\src\InternshipMatcher.API
2026-04-18 20:38:21.942 +02:00 [INF] Request starting HTTP/2 GET https://localhost:7102/swagger/index.html - null null
2026-04-18 20:38:22.166 +02:00 [INF] Request finished HTTP/2 GET https://localhost:7102/swagger/index.html - 304 null null 226.3783ms
2026-04-18 20:38:22.196 +02:00 [INF] Request starting HTTP/2 GET https://localhost:7102/swagger/swagger-ui.css - null null
2026-04-18 20:38:22.196 +02:00 [INF] Request starting HTTP/2 GET https://localhost:7102/swagger/swagger-ui-bundle.js - null null
2026-04-18 20:38:22.196 +02:00 [INF] Request starting HTTP/2 GET https://localhost:7102/swagger/index.css - null null
2026-04-18 20:38:22.196 +02:00 [INF] Request starting HTTP/2 GET https://localhost:7102/swagger/swagger-ui-standalone-preset.js - null null
2026-04-18 20:38:22.197 +02:00 [INF] Request starting HTTP/2 GET https://localhost:7102/swagger/index.js - null null
2026-04-18 20:38:22.197 +02:00 [INF] Request starting HTTP/2 GET https://localhost:7102/_framework/aspnetcore-browser-refresh.js - null null
2026-04-18 20:38:22.222 +02:00 [INF] Request finished HTTP/2 GET https://localhost:7102/swagger/index.css - 304 null null 25.5167ms
2026-04-18 20:38:22.222 +02:00 [INF] Request finished HTTP/2 GET https://localhost:7102/swagger/swagger-ui-standalone-preset.js - 304 null null 25.7508ms
2026-04-18 20:38:22.222 +02:00 [INF] Request finished HTTP/2 GET https://localhost:7102/swagger/swagger-ui.css - 304 null null 26.2935ms
2026-04-18 20:38:22.223 +02:00 [INF] Request finished HTTP/2 GET https://localhost:7102/swagger/index.js - 304 null null 26.2133ms
2026-04-18 20:38:22.228 +02:00 [INF] Request finished HTTP/2 GET https://localhost:7102/swagger/swagger-ui-bundle.js - 304 null null 31.6979ms
2026-04-18 20:38:22.239 +02:00 [INF] Request finished HTTP/2 GET https://localhost:7102/_framework/aspnetcore-browser-refresh.js - 200 14947 application/javascript; charset=utf-8 42.1229ms
2026-04-18 20:38:22.515 +02:00 [INF] Request starting HTTP/2 GET https://localhost:7102/swagger/v1/swagger.json - null null
2026-04-18 20:38:22.516 +02:00 [INF] Request starting HTTP/2 GET https://localhost:7102/swagger/favicon-32x32.png - null null
2026-04-18 20:38:22.534 +02:00 [INF] Request finished HTTP/2 GET https://localhost:7102/swagger/favicon-32x32.png - 304 null null 18.6955ms
2026-04-18 20:38:22.715 +02:00 [INF] Request finished HTTP/2 GET https://localhost:7102/swagger/v1/swagger.json - 200 null application/json;charset=utf-8 200.0328ms
2026-04-18 20:38:34.594 +02:00 [INF] Request starting HTTP/2 POST https://localhost:7102/v1/Recruiters/Recruiters - application/json 286
2026-04-18 20:38:34.609 +02:00 [INF] CORS policy execution successful.
2026-04-18 20:38:34.614 +02:00 [INF] Executing endpoint 'HTTP: POST /v1/Recruiters/Recruiters'
2026-04-18 20:38:34.645 +02:00 [WRN] You do not have a valid license key for the Lucky Penny software MediatR. This is allowed for development and testing scenarios. If you are running in production you are required to have a licensed version. Please visit https://luckypennysoftware.com to obtain a valid license.
2026-04-18 20:38:35.996 +02:00 [INF] Executed endpoint 'HTTP: POST /v1/Recruiters/Recruiters'
2026-04-18 20:38:36.001 +02:00 [ERR] An unhandled exception has occurred while executing the request.
System.ArgumentNullException: Value cannot be null. (Parameter 'input')
   at System.ArgumentNullException.Throw(String paramName)
   at System.Guid.Parse(String input)
   at InternshipMatcher.Application.Features.Recruiters.AddRecruiterCommand.CreateRecruiterProfileCommandHandler.Handle(CreateRecruiterProfileCommand request, CancellationToken cancellationToken) in C:\Users\HP\source\repos\InternshipMatcher\src\InternshipMatcher.Application\Features\Recruiters\AddRecruiterCommand\AddRecruiterProfileCommand.cs:line 40
   at InternshipMatcher.Application.Behaviours.BehaviourValidation`2.Handle(TRequest request, RequestHandlerDelegate`1 next, CancellationToken cancellationToken) in C:\Users\HP\source\repos\InternshipMatcher\src\InternshipMatcher.Application\Behaviours\BehaviourValidation.cs:line 14
   at InternshipMatcher.API.MinimalAPIs.RecruitersEndpoints.<>c.<<MapRecruiters>b__0_0>d.MoveNext() in C:\Users\HP\source\repos\InternshipMatcher\src\InternshipMatcher.API\MinimalAPIs\RecruitersEndpoints.cs:line 17
--- End of stack trace from previous location ---
   at Microsoft.AspNetCore.Http.RequestDelegateFactory.ExecuteTaskResult[T](Task`1 task, HttpContext httpContext)
   at Microsoft.AspNetCore.Http.RequestDelegateFactory.<>c__DisplayClass102_2.<<HandleRequestBodyAndCompileRequestDelegateForJson>b__2>d.MoveNext()
--- End of stack trace from previous location ---
   at Microsoft.AspNetCore.Routing.EndpointMiddleware.<Invoke>g__AwaitRequestTask|7_0(Endpoint endpoint, Task requestTask, ILogger logger)
   at Swashbuckle.AspNetCore.SwaggerUI.SwaggerUIMiddleware.Invoke(HttpContext httpContext)
   at Swashbuckle.AspNetCore.Swagger.SwaggerMiddleware.Invoke(HttpContext httpContext, ISwaggerProvider swaggerProvider)
   at Microsoft.AspNetCore.Authorization.AuthorizationMiddleware.Invoke(HttpContext context)
   at Microsoft.AspNetCore.Authentication.AuthenticationMiddleware.Invoke(HttpContext context)
   at Microsoft.AspNetCore.Diagnostics.DeveloperExceptionPageMiddlewareImpl.Invoke(HttpContext context)
2026-04-18 20:38:36.112 +02:00 [INF] Request finished HTTP/2 POST https://localhost:7102/v1/Recruiters/Recruiters - 500 null application/problem+json 1517.9123ms
2026-04-18 20:38:44.817 +02:00 [INF] Request starting HTTP/2 GET https://localhost:7102/swagger/index.html - null null
2026-04-18 20:38:44.833 +02:00 [INF] Request finished HTTP/2 GET https://localhost:7102/swagger/index.html - 304 null null 15.6036ms
2026-04-18 20:38:44.850 +02:00 [INF] Request starting HTTP/2 GET https://localhost:7102/swagger/swagger-ui.css - null null
2026-04-18 20:38:44.852 +02:00 [INF] Request starting HTTP/2 GET https://localhost:7102/swagger/swagger-ui-bundle.js - null null
2026-04-18 20:38:44.853 +02:00 [INF] Request starting HTTP/2 GET https://localhost:7102/swagger/index.css - null null
2026-04-18 20:38:44.865 +02:00 [INF] Request finished HTTP/2 GET https://localhost:7102/swagger/swagger-ui.css - 304 null null 14.3935ms
2026-04-18 20:38:44.868 +02:00 [INF] Request finished HTTP/2 GET https://localhost:7102/swagger/swagger-ui-bundle.js - 304 null null 15.0275ms
2026-04-18 20:38:44.877 +02:00 [INF] Request starting HTTP/2 GET https://localhost:7102/swagger/swagger-ui-standalone-preset.js - null null
2026-04-18 20:38:44.879 +02:00 [INF] Request finished HTTP/2 GET https://localhost:7102/swagger/index.css - 304 null null 26.578ms
2026-04-18 20:38:44.889 +02:00 [INF] Request starting HTTP/2 GET https://localhost:7102/swagger/index.js - null null
2026-04-18 20:38:44.901 +02:00 [INF] Request starting HTTP/2 GET https://localhost:7102/_framework/aspnetcore-browser-refresh.js - null null
2026-04-18 20:38:44.906 +02:00 [INF] Request finished HTTP/2 GET https://localhost:7102/swagger/swagger-ui-standalone-preset.js - 304 null null 29.1893ms
2026-04-18 20:38:44.918 +02:00 [INF] Request finished HTTP/2 GET https://localhost:7102/swagger/index.js - 304 null null 28.7122ms
2026-04-18 20:38:44.925 +02:00 [INF] Request finished HTTP/2 GET https://localhost:7102/_framework/aspnetcore-browser-refresh.js - 200 14947 application/javascript; charset=utf-8 24.033ms
2026-04-18 20:38:45.075 +02:00 [INF] Request starting HTTP/2 GET https://localhost:7102/swagger/v1/swagger.json - null null
2026-04-18 20:38:45.097 +02:00 [INF] Request finished HTTP/2 GET https://localhost:7102/swagger/v1/swagger.json - 200 null application/json;charset=utf-8 22.3072ms
2026-04-18 20:38:58.837 +02:00 [INF] Request starting HTTP/2 POST https://localhost:7102/v1/Recruiters/Recruiters - application/json 286
2026-04-18 20:38:58.849 +02:00 [INF] CORS policy execution successful.
2026-04-18 20:38:58.852 +02:00 [INF] Executing endpoint 'HTTP: POST /v1/Recruiters/Recruiters'
2026-04-18 20:38:58.977 +02:00 [INF] Executed endpoint 'HTTP: POST /v1/Recruiters/Recruiters'
2026-04-18 20:38:58.979 +02:00 [ERR] An unhandled exception has occurred while executing the request.
System.ArgumentNullException: Value cannot be null. (Parameter 'input')
   at System.ArgumentNullException.Throw(String paramName)
   at System.Guid.Parse(String input)
   at InternshipMatcher.Application.Features.Recruiters.AddRecruiterCommand.CreateRecruiterProfileCommandHandler.Handle(CreateRecruiterProfileCommand request, CancellationToken cancellationToken) in C:\Users\HP\source\repos\InternshipMatcher\src\InternshipMatcher.Application\Features\Recruiters\AddRecruiterCommand\AddRecruiterProfileCommand.cs:line 40
   at InternshipMatcher.Application.Behaviours.BehaviourValidation`2.Handle(TRequest request, RequestHandlerDelegate`1 next, CancellationToken cancellationToken) in C:\Users\HP\source\repos\InternshipMatcher\src\InternshipMatcher.Application\Behaviours\BehaviourValidation.cs:line 14
   at InternshipMatcher.API.MinimalAPIs.RecruitersEndpoints.<>c.<<MapRecruiters>b__0_0>d.MoveNext() in C:\Users\HP\source\repos\InternshipMatcher\src\InternshipMatcher.API\MinimalAPIs\RecruitersEndpoints.cs:line 17
--- End of stack trace from previous location ---
   at Microsoft.AspNetCore.Http.RequestDelegateFactory.ExecuteTaskResult[T](Task`1 task, HttpContext httpContext)
   at Microsoft.AspNetCore.Http.RequestDelegateFactory.<>c__DisplayClass102_2.<<HandleRequestBodyAndCompileRequestDelegateForJson>b__2>d.MoveNext()
--- End of stack trace from previous location ---
   at Microsoft.AspNetCore.Routing.EndpointMiddleware.<Invoke>g__AwaitRequestTask|7_0(Endpoint endpoint, Task requestTask, ILogger logger)
   at Swashbuckle.AspNetCore.SwaggerUI.SwaggerUIMiddleware.Invoke(HttpContext httpContext)
   at Swashbuckle.AspNetCore.Swagger.SwaggerMiddleware.Invoke(HttpContext httpContext, ISwaggerProvider swaggerProvider)
   at Microsoft.AspNetCore.Authorization.AuthorizationMiddleware.Invoke(HttpContext context)
   at Microsoft.AspNetCore.Authentication.AuthenticationMiddleware.Invoke(HttpContext context)
   at Microsoft.AspNetCore.Diagnostics.DeveloperExceptionPageMiddlewareImpl.Invoke(HttpContext context)
2026-04-18 20:38:58.988 +02:00 [INF] Request finished HTTP/2 POST https://localhost:7102/v1/Recruiters/Recruiters - 500 null application/problem+json 150.2452ms
2026-04-18 20:39:32.554 +02:00 [INF] User profile is available. Using 'C:\Users\HP\AppData\Local\ASP.NET\DataProtection-Keys' as key repository and Windows DPAPI to encrypt keys at rest.
2026-04-18 20:39:32.899 +02:00 [INF] Now listening on: https://localhost:7102
2026-04-18 20:39:32.901 +02:00 [INF] Now listening on: http://localhost:5119
2026-04-18 20:39:32.951 +02:00 [INF] Application started. Press Ctrl+C to shut down.
2026-04-18 20:39:32.953 +02:00 [INF] Hosting environment: Development
2026-04-18 20:39:32.954 +02:00 [INF] Content root path: C:\Users\HP\source\repos\InternshipMatcher\src\InternshipMatcher.API
2026-04-18 20:39:50.178 +02:00 [INF] Request starting HTTP/2 GET https://localhost:7102/swagger/index.html - null null
2026-04-18 20:39:50.415 +02:00 [INF] Request finished HTTP/2 GET https://localhost:7102/swagger/index.html - 304 null null 240.0189ms
2026-04-18 20:39:50.494 +02:00 [INF] Request starting HTTP/2 GET https://localhost:7102/swagger/swagger-ui-bundle.js - null null
2026-04-18 20:39:50.494 +02:00 [INF] Request starting HTTP/2 GET https://localhost:7102/swagger/swagger-ui.css - null null
2026-04-18 20:39:50.494 +02:00 [INF] Request starting HTTP/2 GET https://localhost:7102/swagger/index.css - null null
2026-04-18 20:39:50.498 +02:00 [INF] Request starting HTTP/2 GET https://localhost:7102/_framework/aspnetcore-browser-refresh.js - null null
2026-04-18 20:39:50.499 +02:00 [INF] Request starting HTTP/2 GET https://localhost:7102/swagger/swagger-ui-standalone-preset.js - null null
2026-04-18 20:39:50.499 +02:00 [INF] Request starting HTTP/2 GET https://localhost:7102/swagger/index.js - null null
2026-04-18 20:39:50.516 +02:00 [INF] Request finished HTTP/2 GET https://localhost:7102/swagger/swagger-ui.css - 304 null null 22.3699ms
2026-04-18 20:39:50.516 +02:00 [INF] Request finished HTTP/2 GET https://localhost:7102/swagger/index.css - 304 null null 22.3121ms
2026-04-18 20:39:50.532 +02:00 [INF] Request finished HTTP/2 GET https://localhost:7102/swagger/swagger-ui-standalone-preset.js - 304 null null 32.9527ms
2026-04-18 20:39:50.532 +02:00 [INF] Request finished HTTP/2 GET https://localhost:7102/swagger/swagger-ui-bundle.js - 304 null null 38.3093ms
2026-04-18 20:39:50.540 +02:00 [INF] Request finished HTTP/2 GET https://localhost:7102/_framework/aspnetcore-browser-refresh.js - 200 14947 application/javascript; charset=utf-8 41.2008ms
2026-04-18 20:39:50.543 +02:00 [INF] Request finished HTTP/2 GET https://localhost:7102/swagger/index.js - 304 null null 44.0562ms
2026-04-18 20:39:50.648 +02:00 [INF] Request starting HTTP/2 GET https://localhost:7102/swagger/v1/swagger.json - null null
2026-04-18 20:39:50.832 +02:00 [INF] Request finished HTTP/2 GET https://localhost:7102/swagger/v1/swagger.json - 200 null application/json;charset=utf-8 183.2694ms
2026-04-18 20:40:17.393 +02:00 [INF] Request starting HTTP/2 POST https://localhost:7102/v1/Recruiters/Recruiters - application/json 286
2026-04-18 20:40:17.412 +02:00 [INF] CORS policy execution successful.
2026-04-18 20:40:17.417 +02:00 [INF] Executing endpoint 'HTTP: POST /v1/Recruiters/Recruiters'
2026-04-18 20:40:17.450 +02:00 [WRN] You do not have a valid license key for the Lucky Penny software MediatR. This is allowed for development and testing scenarios. If you are running in production you are required to have a licensed version. Please visit https://luckypennysoftware.com to obtain a valid license.
2026-04-18 20:40:18.724 +02:00 [INF] Executed endpoint 'HTTP: POST /v1/Recruiters/Recruiters'
2026-04-18 20:40:18.727 +02:00 [ERR] An unhandled exception has occurred while executing the request.
System.ArgumentNullException: Value cannot be null. (Parameter 'input')
   at System.ArgumentNullException.Throw(String paramName)
   at System.Guid.Parse(String input)
   at InternshipMatcher.Application.Features.Recruiters.AddRecruiterCommand.CreateRecruiterProfileCommandHandler.Handle(CreateRecruiterProfileCommand request, CancellationToken cancellationToken) in C:\Users\HP\source\repos\InternshipMatcher\src\InternshipMatcher.Application\Features\Recruiters\AddRecruiterCommand\AddRecruiterProfileCommand.cs:line 40
   at InternshipMatcher.Application.Behaviours.BehaviourValidation`2.Handle(TRequest request, RequestHandlerDelegate`1 next, CancellationToken cancellationToken) in C:\Users\HP\source\repos\InternshipMatcher\src\InternshipMatcher.Application\Behaviours\BehaviourValidation.cs:line 14
   at InternshipMatcher.API.MinimalAPIs.RecruitersEndpoints.<>c.<<MapRecruiters>b__0_0>d.MoveNext() in C:\Users\HP\source\repos\InternshipMatcher\src\InternshipMatcher.API\MinimalAPIs\RecruitersEndpoints.cs:line 17
--- End of stack trace from previous location ---
   at Microsoft.AspNetCore.Http.RequestDelegateFactory.ExecuteTaskResult[T](Task`1 task, HttpContext httpContext)
   at Microsoft.AspNetCore.Http.RequestDelegateFactory.<>c__DisplayClass102_2.<<HandleRequestBodyAndCompileRequestDelegateForJson>b__2>d.MoveNext()
--- End of stack trace from previous location ---
   at Microsoft.AspNetCore.Routing.EndpointMiddleware.<Invoke>g__AwaitRequestTask|7_0(Endpoint endpoint, Task requestTask, ILogger logger)
   at Swashbuckle.AspNetCore.SwaggerUI.SwaggerUIMiddleware.Invoke(HttpContext httpContext)
   at Swashbuckle.AspNetCore.Swagger.SwaggerMiddleware.Invoke(HttpContext httpContext, ISwaggerProvider swaggerProvider)
   at Microsoft.AspNetCore.Authorization.AuthorizationMiddleware.Invoke(HttpContext context)
   at Microsoft.AspNetCore.Authentication.AuthenticationMiddleware.Invoke(HttpContext context)
   at Microsoft.AspNetCore.Diagnostics.DeveloperExceptionPageMiddlewareImpl.Invoke(HttpContext context)
2026-04-18 20:40:18.787 +02:00 [INF] Request finished HTTP/2 POST https://localhost:7102/v1/Recruiters/Recruiters - 500 null application/problem+json 1394.0782ms
2026-04-18 20:40:30.567 +02:00 [INF] User profile is available. Using 'C:\Users\HP\AppData\Local\ASP.NET\DataProtection-Keys' as key repository and Windows DPAPI to encrypt keys at rest.
2026-04-18 20:40:31.198 +02:00 [INF] Now listening on: https://localhost:7102
2026-04-18 20:40:31.202 +02:00 [INF] Now listening on: http://localhost:5119
2026-04-18 20:40:31.270 +02:00 [INF] Application started. Press Ctrl+C to shut down.
2026-04-18 20:40:31.273 +02:00 [INF] Hosting environment: Development
2026-04-18 20:40:31.274 +02:00 [INF] Content root path: C:\Users\HP\source\repos\InternshipMatcher\src\InternshipMatcher.API
2026-04-18 20:40:38.389 +02:00 [INF] Request starting HTTP/2 POST https://localhost:7102/v1/Recruiters/Recruiters - application/json 286
2026-04-18 20:40:38.470 +02:00 [INF] CORS policy execution successful.
2026-04-18 20:40:38.584 +02:00 [INF] Executing endpoint 'HTTP: POST /v1/Recruiters/Recruiters'
2026-04-18 20:40:38.619 +02:00 [WRN] You do not have a valid license key for the Lucky Penny software MediatR. This is allowed for development and testing scenarios. If you are running in production you are required to have a licensed version. Please visit https://luckypennysoftware.com to obtain a valid license.
2026-04-18 20:40:51.298 +02:00 [INF] Executed endpoint 'HTTP: POST /v1/Recruiters/Recruiters'
2026-04-18 20:40:51.458 +02:00 [ERR] An unhandled exception has occurred while executing the request.
System.ArgumentNullException: Value cannot be null. (Parameter 'input')
   at System.ArgumentNullException.Throw(String paramName)
   at System.Guid.Parse(String input)
   at InternshipMatcher.Application.Features.Recruiters.AddRecruiterCommand.CreateRecruiterProfileCommandHandler.Handle(CreateRecruiterProfileCommand request, CancellationToken cancellationToken) in C:\Users\HP\source\repos\InternshipMatcher\src\InternshipMatcher.Application\Features\Recruiters\AddRecruiterCommand\AddRecruiterProfileCommand.cs:line 40
   at InternshipMatcher.Application.Behaviours.BehaviourValidation`2.Handle(TRequest request, RequestHandlerDelegate`1 next, CancellationToken cancellationToken) in C:\Users\HP\source\repos\InternshipMatcher\src\InternshipMatcher.Application\Behaviours\BehaviourValidation.cs:line 14
   at InternshipMatcher.API.MinimalAPIs.RecruitersEndpoints.<>c.<<MapRecruiters>b__0_0>d.MoveNext() in C:\Users\HP\source\repos\InternshipMatcher\src\InternshipMatcher.API\MinimalAPIs\RecruitersEndpoints.cs:line 17
--- End of stack trace from previous location ---
   at Microsoft.AspNetCore.Http.RequestDelegateFactory.ExecuteTaskResult[T](Task`1 task, HttpContext httpContext)
   at Microsoft.AspNetCore.Http.RequestDelegateFactory.<>c__DisplayClass102_2.<<HandleRequestBodyAndCompileRequestDelegateForJson>b__2>d.MoveNext()
--- End of stack trace from previous location ---
   at Microsoft.AspNetCore.Routing.EndpointMiddleware.<Invoke>g__AwaitRequestTask|7_0(Endpoint endpoint, Task requestTask, ILogger logger)
   at Swashbuckle.AspNetCore.SwaggerUI.SwaggerUIMiddleware.Invoke(HttpContext httpContext)
   at Swashbuckle.AspNetCore.Swagger.SwaggerMiddleware.Invoke(HttpContext httpContext, ISwaggerProvider swaggerProvider)
   at Microsoft.AspNetCore.Authorization.AuthorizationMiddleware.Invoke(HttpContext context)
   at Microsoft.AspNetCore.Authentication.AuthenticationMiddleware.Invoke(HttpContext context)
   at Microsoft.AspNetCore.Diagnostics.DeveloperExceptionPageMiddlewareImpl.Invoke(HttpContext context)
2026-04-18 20:41:35.490 +02:00 [INF] Request finished HTTP/2 POST https://localhost:7102/v1/Recruiters/Recruiters - 500 null application/problem+json 57110.7497ms
2026-04-18 20:41:37.925 +02:00 [INF] Request starting HTTP/2 POST https://localhost:7102/v1/Recruiters/Recruiters - application/json 286
2026-04-18 20:41:37.943 +02:00 [INF] CORS policy execution successful.
2026-04-18 20:41:37.946 +02:00 [INF] Executing endpoint 'HTTP: POST /v1/Recruiters/Recruiters'
2026-04-18 20:41:51.937 +02:00 [INF] Executed endpoint 'HTTP: POST /v1/Recruiters/Recruiters'
2026-04-18 20:41:52.032 +02:00 [ERR] An unhandled exception has occurred while executing the request.
System.ArgumentNullException: Value cannot be null. (Parameter 'input')
   at System.ArgumentNullException.Throw(String paramName)
   at System.Guid.Parse(String input)
   at InternshipMatcher.Application.Features.Recruiters.AddRecruiterCommand.CreateRecruiterProfileCommandHandler.Handle(CreateRecruiterProfileCommand request, CancellationToken cancellationToken) in C:\Users\HP\source\repos\InternshipMatcher\src\InternshipMatcher.Application\Features\Recruiters\AddRecruiterCommand\AddRecruiterProfileCommand.cs:line 40
   at InternshipMatcher.Application.Behaviours.BehaviourValidation`2.Handle(TRequest request, RequestHandlerDelegate`1 next, CancellationToken cancellationToken) in C:\Users\HP\source\repos\InternshipMatcher\src\InternshipMatcher.Application\Behaviours\BehaviourValidation.cs:line 14
   at InternshipMatcher.API.MinimalAPIs.RecruitersEndpoints.<>c.<<MapRecruiters>b__0_0>d.MoveNext() in C:\Users\HP\source\repos\InternshipMatcher\src\InternshipMatcher.API\MinimalAPIs\RecruitersEndpoints.cs:line 17
--- End of stack trace from previous location ---
   at Microsoft.AspNetCore.Http.RequestDelegateFactory.ExecuteTaskResult[T](Task`1 task, HttpContext httpContext)
   at Microsoft.AspNetCore.Http.RequestDelegateFactory.<>c__DisplayClass102_2.<<HandleRequestBodyAndCompileRequestDelegateForJson>b__2>d.MoveNext()
--- End of stack trace from previous location ---
   at Microsoft.AspNetCore.Routing.EndpointMiddleware.<Invoke>g__AwaitRequestTask|7_0(Endpoint endpoint, Task requestTask, ILogger logger)
   at Swashbuckle.AspNetCore.SwaggerUI.SwaggerUIMiddleware.Invoke(HttpContext httpContext)
   at Swashbuckle.AspNetCore.Swagger.SwaggerMiddleware.Invoke(HttpContext httpContext, ISwaggerProvider swaggerProvider)
   at Microsoft.AspNetCore.Authorization.AuthorizationMiddleware.Invoke(HttpContext context)
   at Microsoft.AspNetCore.Authentication.AuthenticationMiddleware.Invoke(HttpContext context)
   at Microsoft.AspNetCore.Diagnostics.DeveloperExceptionPageMiddlewareImpl.Invoke(HttpContext context)
2026-04-18 20:46:54.654 +02:00 [INF] User profile is available. Using 'C:\Users\HP\AppData\Local\ASP.NET\DataProtection-Keys' as key repository and Windows DPAPI to encrypt keys at rest.
2026-04-18 20:46:55.048 +02:00 [INF] Now listening on: https://localhost:7102
2026-04-18 20:46:55.050 +02:00 [INF] Now listening on: http://localhost:5119
2026-04-18 20:46:55.099 +02:00 [INF] Application started. Press Ctrl+C to shut down.
2026-04-18 20:46:55.102 +02:00 [INF] Hosting environment: Development
2026-04-18 20:46:55.105 +02:00 [INF] Content root path: C:\Users\HP\source\repos\InternshipMatcher\src\InternshipMatcher.API
2026-04-18 20:47:32.557 +02:00 [INF] Request starting HTTP/2 POST https://localhost:7102/v1/Recruiters/Recruiters - application/json 286
2026-04-18 20:47:32.608 +02:00 [INF] CORS policy execution successful.
2026-04-18 20:47:32.690 +02:00 [INF] Executing endpoint 'HTTP: POST /v1/Recruiters/Recruiters'
2026-04-18 20:47:32.714 +02:00 [WRN] You do not have a valid license key for the Lucky Penny software MediatR. This is allowed for development and testing scenarios. If you are running in production you are required to have a licensed version. Please visit https://luckypennysoftware.com to obtain a valid license.
2026-04-18 20:47:40.348 +02:00 [INF] Executed endpoint 'HTTP: POST /v1/Recruiters/Recruiters'
2026-04-18 20:47:40.406 +02:00 [ERR] An unhandled exception has occurred while executing the request.
System.ArgumentNullException: Value cannot be null. (Parameter 'input')
   at System.ArgumentNullException.Throw(String paramName)
   at System.Guid.Parse(String input)
   at InternshipMatcher.Application.Features.Recruiters.AddRecruiterCommand.CreateRecruiterProfileCommandHandler.Handle(CreateRecruiterProfileCommand request, CancellationToken cancellationToken) in C:\Users\HP\source\repos\InternshipMatcher\src\InternshipMatcher.Application\Features\Recruiters\AddRecruiterCommand\AddRecruiterProfileCommand.cs:line 40
   at InternshipMatcher.Application.Behaviours.BehaviourValidation`2.Handle(TRequest request, RequestHandlerDelegate`1 next, CancellationToken cancellationToken) in C:\Users\HP\source\repos\InternshipMatcher\src\InternshipMatcher.Application\Behaviours\BehaviourValidation.cs:line 14
   at InternshipMatcher.API.MinimalAPIs.RecruitersEndpoints.<>c.<<MapRecruiters>b__0_0>d.MoveNext() in C:\Users\HP\source\repos\InternshipMatcher\src\InternshipMatcher.API\MinimalAPIs\RecruitersEndpoints.cs:line 17
--- End of stack trace from previous location ---
   at Microsoft.AspNetCore.Http.RequestDelegateFactory.ExecuteTaskResult[T](Task`1 task, HttpContext httpContext)
   at Microsoft.AspNetCore.Http.RequestDelegateFactory.<>c__DisplayClass102_2.<<HandleRequestBodyAndCompileRequestDelegateForJson>b__2>d.MoveNext()
--- End of stack trace from previous location ---
   at Microsoft.AspNetCore.Routing.EndpointMiddleware.<Invoke>g__AwaitRequestTask|7_0(Endpoint endpoint, Task requestTask, ILogger logger)
   at Swashbuckle.AspNetCore.SwaggerUI.SwaggerUIMiddleware.Invoke(HttpContext httpContext)
   at Swashbuckle.AspNetCore.Swagger.SwaggerMiddleware.Invoke(HttpContext httpContext, ISwaggerProvider swaggerProvider)
   at Microsoft.AspNetCore.Authorization.AuthorizationMiddleware.Invoke(HttpContext context)
   at Microsoft.AspNetCore.Authentication.AuthenticationMiddleware.Invoke(HttpContext context)
   at Microsoft.AspNetCore.Diagnostics.DeveloperExceptionPageMiddlewareImpl.Invoke(HttpContext context)
2026-04-18 20:48:56.363 +02:00 [INF] Request finished HTTP/2 POST https://localhost:7102/v1/Recruiters/Recruiters - 500 null application/problem+json 83811.4635ms
2026-04-18 20:59:57.917 +02:00 [INF] User profile is available. Using 'C:\Users\HP\AppData\Local\ASP.NET\DataProtection-Keys' as key repository and Windows DPAPI to encrypt keys at rest.
2026-04-18 20:59:58.316 +02:00 [INF] Now listening on: https://localhost:7102
2026-04-18 20:59:58.317 +02:00 [INF] Now listening on: http://localhost:5119
2026-04-18 20:59:58.484 +02:00 [INF] Application started. Press Ctrl+C to shut down.
2026-04-18 20:59:58.487 +02:00 [INF] Hosting environment: Development
2026-04-18 20:59:58.488 +02:00 [INF] Content root path: C:\Users\HP\source\repos\InternshipMatcher\src\InternshipMatcher.API
2026-04-18 21:00:23.170 +02:00 [INF] Request starting HTTP/2 GET https://localhost:7102/swagger/index.html - null null
2026-04-18 21:00:23.411 +02:00 [WRN] Unable to configure Browser Link script injection on the response. 
2026-04-18 21:00:23.428 +02:00 [INF] Request finished HTTP/2 GET https://localhost:7102/swagger/index.html - 200 null text/html;charset=utf-8 264.8517ms
2026-04-18 21:00:23.441 +02:00 [INF] Request starting HTTP/2 GET https://localhost:7102/swagger/swagger-ui.css - null null
2026-04-18 21:00:23.442 +02:00 [INF] Request starting HTTP/2 GET https://localhost:7102/swagger/index.css - null null
2026-04-18 21:00:23.442 +02:00 [INF] Request starting HTTP/2 GET https://localhost:7102/swagger/swagger-ui-bundle.js - null null
2026-04-18 21:00:23.441 +02:00 [INF] Request starting HTTP/2 GET https://localhost:7102/_framework/aspnetcore-browser-refresh.js - null null
2026-04-18 21:00:23.446 +02:00 [INF] Request starting HTTP/2 GET https://localhost:7102/swagger/swagger-ui-standalone-preset.js - null null
2026-04-18 21:00:23.471 +02:00 [INF] Request starting HTTP/2 GET https://localhost:7102/swagger/index.js - null null
2026-04-18 21:00:23.487 +02:00 [INF] Request finished HTTP/2 GET https://localhost:7102/swagger/index.js - 200 null application/javascript;charset=utf-8 15.2473ms
2026-04-18 21:00:23.487 +02:00 [INF] Sending file. Request path: '/index.css'. Physical path: 'N/A'
2026-04-18 21:00:23.491 +02:00 [INF] Request finished HTTP/2 GET https://localhost:7102/swagger/index.css - 200 202 text/css 49.254ms
2026-04-18 21:00:23.540 +02:00 [INF] Request finished HTTP/2 GET https://localhost:7102/_framework/aspnetcore-browser-refresh.js - 200 14947 application/javascript; charset=utf-8 98.8658ms
2026-04-18 21:00:23.549 +02:00 [INF] Sending file. Request path: '/swagger-ui-standalone-preset.js'. Physical path: 'N/A'
2026-04-18 21:00:23.549 +02:00 [INF] Sending file. Request path: '/swagger-ui.css'. Physical path: 'N/A'
2026-04-18 21:00:23.566 +02:00 [INF] Request finished HTTP/2 GET https://localhost:7102/swagger/swagger-ui-standalone-preset.js - 200 230293 text/javascript 119.5871ms
2026-04-18 21:00:23.566 +02:00 [INF] Request finished HTTP/2 GET https://localhost:7102/swagger/swagger-ui.css - 200 152034 text/css 124.4869ms
2026-04-18 21:00:23.567 +02:00 [INF] Sending file. Request path: '/swagger-ui-bundle.js'. Physical path: 'N/A'
2026-04-18 21:00:23.575 +02:00 [INF] Request finished HTTP/2 GET https://localhost:7102/swagger/swagger-ui-bundle.js - 200 1452753 text/javascript 133.0474ms
2026-04-18 21:00:23.747 +02:00 [INF] Request starting HTTP/2 GET https://localhost:7102/swagger/v1/swagger.json - null null
2026-04-18 21:00:23.759 +02:00 [INF] Request starting HTTP/2 GET https://localhost:7102/swagger/favicon-32x32.png - null null
2026-04-18 21:00:23.762 +02:00 [INF] Sending file. Request path: '/favicon-32x32.png'. Physical path: 'N/A'
2026-04-18 21:00:23.763 +02:00 [INF] Request finished HTTP/2 GET https://localhost:7102/swagger/favicon-32x32.png - 200 628 image/png 4.2099ms
2026-04-18 21:00:23.774 +02:00 [INF] Request finished HTTP/2 GET https://localhost:7102/swagger/v1/swagger.json - 200 null application/json;charset=utf-8 26.9827ms
2026-04-18 21:00:30.030 +02:00 [INF] Request starting HTTP/2 GET https://localhost:7102/swagger/index.html - null null
2026-04-18 21:00:30.037 +02:00 [WRN] Unable to configure Browser Link script injection on the response. 
2026-04-18 21:00:30.039 +02:00 [INF] Request finished HTTP/2 GET https://localhost:7102/swagger/index.html - 200 null text/html;charset=utf-8 9.7546ms
2026-04-18 21:00:30.063 +02:00 [INF] Request starting HTTP/2 GET https://localhost:7102/_framework/aspnetcore-browser-refresh.js - null null
2026-04-18 21:00:30.063 +02:00 [INF] Request starting HTTP/2 GET https://localhost:7102/swagger/index.js - null null
2026-04-18 21:00:30.066 +02:00 [INF] Request finished HTTP/2 GET https://localhost:7102/_framework/aspnetcore-browser-refresh.js - 200 14947 application/javascript; charset=utf-8 3.2428ms
2026-04-18 21:00:30.068 +02:00 [INF] Request finished HTTP/2 GET https://localhost:7102/swagger/index.js - 200 null application/javascript;charset=utf-8 5.4808ms
2026-04-18 21:00:30.142 +02:00 [INF] Request starting HTTP/2 GET https://localhost:7102/swagger/v1/swagger.json - null null
2026-04-18 21:00:30.151 +02:00 [INF] Request finished HTTP/2 GET https://localhost:7102/swagger/v1/swagger.json - 200 null application/json;charset=utf-8 8.4877ms
2026-04-18 21:01:22.526 +02:00 [INF] Request starting HTTP/2 POST https://localhost:7102/v1/Recruiters/Recruiters - application/json 286
2026-04-18 21:01:22.537 +02:00 [INF] CORS policy execution successful.
2026-04-18 21:01:22.571 +02:00 [INF] Failed to validate the token.
System.ArgumentException: IDX14102: Unable to decode the header '[PII of type 'Microsoft.IdentityModel.Logging.SecurityArtifact' is hidden. For more details, see https://aka.ms/IdentityModel/PII.]' as Base64Url encoded string.
 ---> System.FormatException: IDX10400: Unable to decode: '[PII of type 'System.String' is hidden. For more details, see https://aka.ms/IdentityModel/PII.]' as Base64url encoded string.
   at Microsoft.IdentityModel.Tokens.Base64UrlEncoder.Decode(ReadOnlySpan`1 strSpan, Span`1 output)
   at Microsoft.IdentityModel.JsonWebTokens.JsonWebToken.CreateClaimSet(ReadOnlySpan`1 strSpan, Int32 startIndex, Int32 length, Boolean createHeaderClaimSet)
   at Microsoft.IdentityModel.JsonWebTokens.JsonWebToken.ReadToken(ReadOnlyMemory`1 encodedTokenMemory)
   --- End of inner exception stack trace ---
   at Microsoft.IdentityModel.JsonWebTokens.JsonWebToken.ReadToken(ReadOnlyMemory`1 encodedTokenMemory)
   at Microsoft.IdentityModel.JsonWebTokens.JsonWebToken..ctor(String jwtEncodedString, TryReadJwtClaim tryReadJwtClaim)
   at Microsoft.IdentityModel.JsonWebTokens.JsonWebTokenHandler.ReadToken(String token, TokenValidationParameters validationParameters)
2026-04-18 21:01:22.581 +02:00 [INF] Bearer was not authenticated. Failure message: IDX14102: Unable to decode the header '[PII of type 'Microsoft.IdentityModel.Logging.SecurityArtifact' is hidden. For more details, see https://aka.ms/IdentityModel/PII.]' as Base64Url encoded string.
2026-04-18 21:01:22.586 +02:00 [INF] Executing endpoint 'HTTP: POST /v1/Recruiters/Recruiters'
2026-04-18 21:01:22.609 +02:00 [WRN] You do not have a valid license key for the Lucky Penny software MediatR. This is allowed for development and testing scenarios. If you are running in production you are required to have a licensed version. Please visit https://luckypennysoftware.com to obtain a valid license.
2026-04-18 21:01:41.156 +02:00 [INF] Executed endpoint 'HTTP: POST /v1/Recruiters/Recruiters'
2026-04-18 21:01:41.213 +02:00 [ERR] An unhandled exception has occurred while executing the request.
System.ArgumentNullException: Value cannot be null. (Parameter 'input')
   at System.ArgumentNullException.Throw(String paramName)
   at System.Guid.Parse(String input)
   at InternshipMatcher.Application.Features.Recruiters.AddRecruiterCommand.CreateRecruiterProfileCommandHandler.Handle(CreateRecruiterProfileCommand request, CancellationToken cancellationToken) in C:\Users\HP\source\repos\InternshipMatcher\src\InternshipMatcher.Application\Features\Recruiters\AddRecruiterCommand\AddRecruiterProfileCommand.cs:line 40
   at InternshipMatcher.Application.Behaviours.BehaviourValidation`2.Handle(TRequest request, RequestHandlerDelegate`1 next, CancellationToken cancellationToken) in C:\Users\HP\source\repos\InternshipMatcher\src\InternshipMatcher.Application\Behaviours\BehaviourValidation.cs:line 14
   at InternshipMatcher.API.MinimalAPIs.RecruitersEndpoints.<>c.<<MapRecruiters>b__0_0>d.MoveNext() in C:\Users\HP\source\repos\InternshipMatcher\src\InternshipMatcher.API\MinimalAPIs\RecruitersEndpoints.cs:line 17
--- End of stack trace from previous location ---
   at Microsoft.AspNetCore.Http.RequestDelegateFactory.ExecuteTaskResult[T](Task`1 task, HttpContext httpContext)
   at Microsoft.AspNetCore.Http.RequestDelegateFactory.<>c__DisplayClass102_2.<<HandleRequestBodyAndCompileRequestDelegateForJson>b__2>d.MoveNext()
--- End of stack trace from previous location ---
   at Microsoft.AspNetCore.Routing.EndpointMiddleware.<Invoke>g__AwaitRequestTask|7_0(Endpoint endpoint, Task requestTask, ILogger logger)
   at Swashbuckle.AspNetCore.SwaggerUI.SwaggerUIMiddleware.Invoke(HttpContext httpContext)
   at Swashbuckle.AspNetCore.Swagger.SwaggerMiddleware.Invoke(HttpContext httpContext, ISwaggerProvider swaggerProvider)
   at Microsoft.AspNetCore.Authorization.AuthorizationMiddleware.Invoke(HttpContext context)
   at Microsoft.AspNetCore.Authentication.AuthenticationMiddleware.Invoke(HttpContext context)
   at Microsoft.AspNetCore.Diagnostics.DeveloperExceptionPageMiddlewareImpl.Invoke(HttpContext context)
2026-04-18 21:08:28.251 +02:00 [INF] User profile is available. Using 'C:\Users\HP\AppData\Local\ASP.NET\DataProtection-Keys' as key repository and Windows DPAPI to encrypt keys at rest.
2026-04-18 21:08:28.731 +02:00 [INF] Now listening on: https://localhost:7102
2026-04-18 21:08:28.734 +02:00 [INF] Now listening on: http://localhost:5119
2026-04-18 21:08:28.893 +02:00 [INF] Application started. Press Ctrl+C to shut down.
2026-04-18 21:08:28.895 +02:00 [INF] Hosting environment: Development
2026-04-18 21:08:28.897 +02:00 [INF] Content root path: C:\Users\HP\source\repos\InternshipMatcher\src\InternshipMatcher.API
2026-04-18 21:08:48.572 +02:00 [INF] Request starting HTTP/2 GET https://localhost:7102/swagger/index.html - null null
2026-04-18 21:08:48.799 +02:00 [WRN] Unable to configure Browser Link script injection on the response. 
2026-04-18 21:08:48.809 +02:00 [INF] Request finished HTTP/2 GET https://localhost:7102/swagger/index.html - 200 null text/html;charset=utf-8 242.7808ms
2026-04-18 21:08:48.826 +02:00 [INF] Request starting HTTP/2 GET https://localhost:7102/_framework/aspnetcore-browser-refresh.js - null null
2026-04-18 21:08:48.826 +02:00 [INF] Request starting HTTP/2 GET https://localhost:7102/swagger/index.js - null null
2026-04-18 21:08:48.836 +02:00 [INF] Request finished HTTP/2 GET https://localhost:7102/swagger/index.js - 200 null application/javascript;charset=utf-8 9.9898ms
2026-04-18 21:08:48.883 +02:00 [INF] Request finished HTTP/2 GET https://localhost:7102/_framework/aspnetcore-browser-refresh.js - 200 14947 application/javascript; charset=utf-8 56.6104ms
2026-04-18 21:08:48.915 +02:00 [INF] Request starting HTTP/2 GET https://localhost:7102/swagger/v1/swagger.json - null null
2026-04-18 21:08:48.956 +02:00 [INF] Request finished HTTP/2 GET https://localhost:7102/swagger/v1/swagger.json - 200 null application/json;charset=utf-8 40.8512ms
2026-04-18 21:09:03.387 +02:00 [INF] Request starting HTTP/2 POST https://localhost:7102/v1/Recruiters/Recruiters - application/json 286
2026-04-18 21:09:03.395 +02:00 [INF] CORS policy execution successful.
2026-04-18 21:09:03.408 +02:00 [INF] Authorization failed. These requirements were not met:
DenyAnonymousAuthorizationRequirement: Requires an authenticated user.
2026-04-18 21:09:03.416 +02:00 [INF] AuthenticationScheme: Bearer was challenged.
2026-04-18 21:09:03.420 +02:00 [INF] Request finished HTTP/2 POST https://localhost:7102/v1/Recruiters/Recruiters - 401 0 null 33.5371ms
2026-04-18 21:09:23.055 +02:00 [INF] Request starting HTTP/2 POST https://localhost:7102/v1/Recruiters/Recruiters - application/json 286
2026-04-18 21:09:23.062 +02:00 [INF] CORS policy execution successful.
2026-04-18 21:09:23.088 +02:00 [INF] Failed to validate the token.
System.ArgumentException: IDX14102: Unable to decode the header '[PII of type 'Microsoft.IdentityModel.Logging.SecurityArtifact' is hidden. For more details, see https://aka.ms/IdentityModel/PII.]' as Base64Url encoded string.
 ---> System.FormatException: IDX10400: Unable to decode: '[PII of type 'System.String' is hidden. For more details, see https://aka.ms/IdentityModel/PII.]' as Base64url encoded string.
   at Microsoft.IdentityModel.Tokens.Base64UrlEncoder.Decode(ReadOnlySpan`1 strSpan, Span`1 output)
   at Microsoft.IdentityModel.JsonWebTokens.JsonWebToken.CreateClaimSet(ReadOnlySpan`1 strSpan, Int32 startIndex, Int32 length, Boolean createHeaderClaimSet)
   at Microsoft.IdentityModel.JsonWebTokens.JsonWebToken.ReadToken(ReadOnlyMemory`1 encodedTokenMemory)
   --- End of inner exception stack trace ---
   at Microsoft.IdentityModel.JsonWebTokens.JsonWebToken.ReadToken(ReadOnlyMemory`1 encodedTokenMemory)
   at Microsoft.IdentityModel.JsonWebTokens.JsonWebToken..ctor(String jwtEncodedString, TryReadJwtClaim tryReadJwtClaim)
   at Microsoft.IdentityModel.JsonWebTokens.JsonWebTokenHandler.ReadToken(String token, TokenValidationParameters validationParameters)
2026-04-18 21:09:23.100 +02:00 [INF] Bearer was not authenticated. Failure message: IDX14102: Unable to decode the header '[PII of type 'Microsoft.IdentityModel.Logging.SecurityArtifact' is hidden. For more details, see https://aka.ms/IdentityModel/PII.]' as Base64Url encoded string.
2026-04-18 21:09:23.102 +02:00 [INF] Authorization failed. These requirements were not met:
DenyAnonymousAuthorizationRequirement: Requires an authenticated user.
2026-04-18 21:09:23.104 +02:00 [INF] AuthenticationScheme: Bearer was challenged.
2026-04-18 21:09:23.105 +02:00 [INF] Request finished HTTP/2 POST https://localhost:7102/v1/Recruiters/Recruiters - 401 0 null 49.8574ms
2026-04-18 21:09:24.896 +02:00 [INF] Request starting HTTP/2 POST https://localhost:7102/v1/Recruiters/Recruiters - application/json 286
2026-04-18 21:09:24.900 +02:00 [INF] CORS policy execution successful.
2026-04-18 21:09:24.902 +02:00 [INF] Failed to validate the token.
System.ArgumentException: IDX14102: Unable to decode the header '[PII of type 'Microsoft.IdentityModel.Logging.SecurityArtifact' is hidden. For more details, see https://aka.ms/IdentityModel/PII.]' as Base64Url encoded string.
 ---> System.FormatException: IDX10400: Unable to decode: '[PII of type 'System.String' is hidden. For more details, see https://aka.ms/IdentityModel/PII.]' as Base64url encoded string.
   at Microsoft.IdentityModel.Tokens.Base64UrlEncoder.Decode(ReadOnlySpan`1 strSpan, Span`1 output)
   at Microsoft.IdentityModel.JsonWebTokens.JsonWebToken.CreateClaimSet(ReadOnlySpan`1 strSpan, Int32 startIndex, Int32 length, Boolean createHeaderClaimSet)
   at Microsoft.IdentityModel.JsonWebTokens.JsonWebToken.ReadToken(ReadOnlyMemory`1 encodedTokenMemory)
   --- End of inner exception stack trace ---
   at Microsoft.IdentityModel.JsonWebTokens.JsonWebToken.ReadToken(ReadOnlyMemory`1 encodedTokenMemory)
   at Microsoft.IdentityModel.JsonWebTokens.JsonWebToken..ctor(String jwtEncodedString, TryReadJwtClaim tryReadJwtClaim)
   at Microsoft.IdentityModel.JsonWebTokens.JsonWebTokenHandler.ReadToken(String token, TokenValidationParameters validationParameters)
2026-04-18 21:09:24.904 +02:00 [INF] Bearer was not authenticated. Failure message: IDX14102: Unable to decode the header '[PII of type 'Microsoft.IdentityModel.Logging.SecurityArtifact' is hidden. For more details, see https://aka.ms/IdentityModel/PII.]' as Base64Url encoded string.
2026-04-18 21:09:24.907 +02:00 [INF] Authorization failed. These requirements were not met:
DenyAnonymousAuthorizationRequirement: Requires an authenticated user.
2026-04-18 21:09:24.909 +02:00 [INF] AuthenticationScheme: Bearer was challenged.
2026-04-18 21:09:24.910 +02:00 [INF] Request finished HTTP/2 POST https://localhost:7102/v1/Recruiters/Recruiters - 401 0 null 13.4377ms
2026-04-18 21:09:30.595 +02:00 [INF] Request starting HTTP/2 POST https://localhost:7102/v1/Recruiters/Recruiters - application/json 286
2026-04-18 21:09:30.599 +02:00 [INF] CORS policy execution successful.
2026-04-18 21:09:30.600 +02:00 [INF] Failed to validate the token.
System.ArgumentException: IDX14102: Unable to decode the header '[PII of type 'Microsoft.IdentityModel.Logging.SecurityArtifact' is hidden. For more details, see https://aka.ms/IdentityModel/PII.]' as Base64Url encoded string.
 ---> System.FormatException: IDX10400: Unable to decode: '[PII of type 'System.String' is hidden. For more details, see https://aka.ms/IdentityModel/PII.]' as Base64url encoded string.
   at Microsoft.IdentityModel.Tokens.Base64UrlEncoder.Decode(ReadOnlySpan`1 strSpan, Span`1 output)
   at Microsoft.IdentityModel.JsonWebTokens.JsonWebToken.CreateClaimSet(ReadOnlySpan`1 strSpan, Int32 startIndex, Int32 length, Boolean createHeaderClaimSet)
   at Microsoft.IdentityModel.JsonWebTokens.JsonWebToken.ReadToken(ReadOnlyMemory`1 encodedTokenMemory)
   --- End of inner exception stack trace ---
   at Microsoft.IdentityModel.JsonWebTokens.JsonWebToken.ReadToken(ReadOnlyMemory`1 encodedTokenMemory)
   at Microsoft.IdentityModel.JsonWebTokens.JsonWebToken..ctor(String jwtEncodedString, TryReadJwtClaim tryReadJwtClaim)
   at Microsoft.IdentityModel.JsonWebTokens.JsonWebTokenHandler.ReadToken(String token, TokenValidationParameters validationParameters)
2026-04-18 21:09:30.603 +02:00 [INF] Bearer was not authenticated. Failure message: IDX14102: Unable to decode the header '[PII of type 'Microsoft.IdentityModel.Logging.SecurityArtifact' is hidden. For more details, see https://aka.ms/IdentityModel/PII.]' as Base64Url encoded string.
2026-04-18 21:09:30.604 +02:00 [INF] Authorization failed. These requirements were not met:
DenyAnonymousAuthorizationRequirement: Requires an authenticated user.
2026-04-18 21:09:30.606 +02:00 [INF] AuthenticationScheme: Bearer was challenged.
2026-04-18 21:09:30.607 +02:00 [INF] Request finished HTTP/2 POST https://localhost:7102/v1/Recruiters/Recruiters - 401 0 null 11.8271ms
2026-04-18 21:46:48.068 +02:00 [INF] User profile is available. Using 'C:\Users\HP\AppData\Local\ASP.NET\DataProtection-Keys' as key repository and Windows DPAPI to encrypt keys at rest.
2026-04-18 21:46:48.520 +02:00 [INF] Now listening on: https://localhost:7102
2026-04-18 21:46:48.522 +02:00 [INF] Now listening on: http://localhost:5119
2026-04-18 21:46:48.685 +02:00 [INF] Application started. Press Ctrl+C to shut down.
2026-04-18 21:46:48.688 +02:00 [INF] Hosting environment: Development
2026-04-18 21:46:48.689 +02:00 [INF] Content root path: C:\Users\HP\source\repos\InternshipMatcher\src\InternshipMatcher.API
2026-04-18 21:47:14.272 +02:00 [INF] Request starting HTTP/2 GET https://localhost:7102/swagger/index.html - null null
2026-04-18 21:47:14.481 +02:00 [WRN] Unable to configure Browser Link script injection on the response. 
2026-04-18 21:47:14.492 +02:00 [INF] Request finished HTTP/2 GET https://localhost:7102/swagger/index.html - 200 null text/html;charset=utf-8 224.4603ms
2026-04-18 21:47:14.510 +02:00 [INF] Request starting HTTP/2 GET https://localhost:7102/_framework/aspnetcore-browser-refresh.js - null null
2026-04-18 21:47:14.510 +02:00 [INF] Request starting HTTP/2 GET https://localhost:7102/swagger/index.js - null null
2026-04-18 21:47:14.521 +02:00 [INF] Request finished HTTP/2 GET https://localhost:7102/swagger/index.js - 200 null application/javascript;charset=utf-8 11.3061ms
2026-04-18 21:47:14.536 +02:00 [INF] Request finished HTTP/2 GET https://localhost:7102/_framework/aspnetcore-browser-refresh.js - 200 14947 application/javascript; charset=utf-8 25.571ms
2026-04-18 21:47:14.584 +02:00 [INF] Request starting HTTP/2 GET https://localhost:7102/swagger/v1/swagger.json - null null
2026-04-18 21:47:14.618 +02:00 [INF] Request finished HTTP/2 GET https://localhost:7102/swagger/v1/swagger.json - 200 null application/json;charset=utf-8 34.7043ms
2026-04-18 21:48:02.673 +02:00 [INF] Request starting HTTP/2 POST https://localhost:7102/v1/Recruiters/Recruiters - application/json 286
2026-04-18 21:48:02.683 +02:00 [INF] CORS policy execution successful.
2026-04-18 21:48:02.708 +02:00 [INF] Failed to validate the token.
System.ArgumentException: IDX14102: Unable to decode the header '[PII of type 'Microsoft.IdentityModel.Logging.SecurityArtifact' is hidden. For more details, see https://aka.ms/IdentityModel/PII.]' as Base64Url encoded string.
 ---> System.FormatException: IDX10400: Unable to decode: '[PII of type 'System.String' is hidden. For more details, see https://aka.ms/IdentityModel/PII.]' as Base64url encoded string.
   at Microsoft.IdentityModel.Tokens.Base64UrlEncoder.Decode(ReadOnlySpan`1 strSpan, Span`1 output)
   at Microsoft.IdentityModel.JsonWebTokens.JsonWebToken.CreateClaimSet(ReadOnlySpan`1 strSpan, Int32 startIndex, Int32 length, Boolean createHeaderClaimSet)
   at Microsoft.IdentityModel.JsonWebTokens.JsonWebToken.ReadToken(ReadOnlyMemory`1 encodedTokenMemory)
   --- End of inner exception stack trace ---
   at Microsoft.IdentityModel.JsonWebTokens.JsonWebToken.ReadToken(ReadOnlyMemory`1 encodedTokenMemory)
   at Microsoft.IdentityModel.JsonWebTokens.JsonWebToken..ctor(String jwtEncodedString, TryReadJwtClaim tryReadJwtClaim)
   at Microsoft.IdentityModel.JsonWebTokens.JsonWebTokenHandler.ReadToken(String token, TokenValidationParameters validationParameters)
2026-04-18 21:48:02.722 +02:00 [INF] Bearer was not authenticated. Failure message: IDX14102: Unable to decode the header '[PII of type 'Microsoft.IdentityModel.Logging.SecurityArtifact' is hidden. For more details, see https://aka.ms/IdentityModel/PII.]' as Base64Url encoded string.
2026-04-18 21:48:02.731 +02:00 [INF] Authorization failed. These requirements were not met:
DenyAnonymousAuthorizationRequirement: Requires an authenticated user.
2026-04-18 21:48:02.738 +02:00 [INF] AuthenticationScheme: Bearer was challenged.
2026-04-18 21:48:02.742 +02:00 [INF] Request finished HTTP/2 POST https://localhost:7102/v1/Recruiters/Recruiters - 401 0 null 68.8628ms
2026-04-18 21:49:13.317 +02:00 [INF] Request starting HTTP/2 POST https://localhost:7102/api/Auth/Login - application/json 113
2026-04-18 21:49:13.349 +02:00 [INF] CORS policy execution successful.
2026-04-18 21:49:13.350 +02:00 [INF] Failed to validate the token.
System.ArgumentException: IDX14102: Unable to decode the header '[PII of type 'Microsoft.IdentityModel.Logging.SecurityArtifact' is hidden. For more details, see https://aka.ms/IdentityModel/PII.]' as Base64Url encoded string.
 ---> System.FormatException: IDX10400: Unable to decode: '[PII of type 'System.String' is hidden. For more details, see https://aka.ms/IdentityModel/PII.]' as Base64url encoded string.
   at Microsoft.IdentityModel.Tokens.Base64UrlEncoder.Decode(ReadOnlySpan`1 strSpan, Span`1 output)
   at Microsoft.IdentityModel.JsonWebTokens.JsonWebToken.CreateClaimSet(ReadOnlySpan`1 strSpan, Int32 startIndex, Int32 length, Boolean createHeaderClaimSet)
   at Microsoft.IdentityModel.JsonWebTokens.JsonWebToken.ReadToken(ReadOnlyMemory`1 encodedTokenMemory)
   --- End of inner exception stack trace ---
   at Microsoft.IdentityModel.JsonWebTokens.JsonWebToken.ReadToken(ReadOnlyMemory`1 encodedTokenMemory)
   at Microsoft.IdentityModel.JsonWebTokens.JsonWebToken..ctor(String jwtEncodedString, TryReadJwtClaim tryReadJwtClaim)
   at Microsoft.IdentityModel.JsonWebTokens.JsonWebTokenHandler.ReadToken(String token, TokenValidationParameters validationParameters)
2026-04-18 21:49:13.352 +02:00 [INF] Bearer was not authenticated. Failure message: IDX14102: Unable to decode the header '[PII of type 'Microsoft.IdentityModel.Logging.SecurityArtifact' is hidden. For more details, see https://aka.ms/IdentityModel/PII.]' as Base64Url encoded string.
2026-04-18 21:49:13.359 +02:00 [INF] Executing endpoint 'InternshipMatcher.API.Controllers.AuthController.LoginUser (InternshipMatcher.API)'
2026-04-18 21:49:13.433 +02:00 [INF] Route matched with {action = "LoginUser", controller = "Auth"}. Executing controller action with signature System.Threading.Tasks.Task`1[InternshipMatcher.API.Common.ResponseStructure.Result`1[InternshipMatcher.API.Common.CommonViewModels.UserLoginResponseViewModel]] LoginUser(InternshipMatcher.API.Common.CommonViewModels.UserLoginRequestViewModel) on controller InternshipMatcher.API.Controllers.AuthController (InternshipMatcher.API).
2026-04-18 21:49:13.451 +02:00 [WRN] You do not have a valid license key for the Lucky Penny software MediatR. This is allowed for development and testing scenarios. If you are running in production you are required to have a licensed version. Please visit https://luckypennysoftware.com to obtain a valid license.
2026-04-18 21:49:15.499 +02:00 [INF] Executed DbCommand (69ms) [Parameters=[@User_Email='?' (Size = 255)], CommandType='"Text"', CommandTimeout='30']
SELECT TOP(1) [u].[ID], [u].[DateOfBirth], [u].[Email], [u].[FirstName], [u].[IsActive], [u].[IsDeleted], [u].[LastName], [u].[PasswordHash], [u].[PasswordSalt], [u].[Phone], [u].[RefreshToken], [u].[RememberMe], [u].[Role]
FROM [Users] AS [u]
WHERE [u].[IsDeleted] = CAST(0 AS bit) AND [u].[Email] = @User_Email
2026-04-18 21:49:15.657 +02:00 [INF] Executing ObjectResult, writing value of type 'InternshipMatcher.API.Common.ResponseStructure.Result`1[[InternshipMatcher.API.Common.CommonViewModels.UserLoginResponseViewModel, InternshipMatcher.Application, Version=1.0.0.0, Culture=neutral, PublicKeyToken=null]]'.
2026-04-18 21:49:15.671 +02:00 [INF] Executed action InternshipMatcher.API.Controllers.AuthController.LoginUser (InternshipMatcher.API) in 2230.0167ms
2026-04-18 21:49:15.673 +02:00 [INF] Executed endpoint 'InternshipMatcher.API.Controllers.AuthController.LoginUser (InternshipMatcher.API)'
2026-04-18 21:49:15.688 +02:00 [INF] Request finished HTTP/2 POST https://localhost:7102/api/Auth/Login - 200 null application/json; charset=utf-8 2370.7558ms
